key,kn,type
GEN,ಸಾಮಾನ್ಯ,reserved
SC,ಎಸ್‌ಸಿ,reserved
ST,ಎಸ್‌ಟಿ,reserved
A. Anbalagan,ಎ. ಅನ್ಬಳಗನ್,string
A. Arunmozhithevan,ಎ. ಅರುಣ್ಮೋಳಿತೇವನ್,string
A. Bannari,ಎ.ಬನ್ನಾರಿ,string
A. Baskar,ಎ. ಬಾಸ್ಕರ್,string
A. C. Moideen,ಎ ಸಿ ಮೊಯ್ದೀನ್,string
A. C. Vilwanathan,A. C. ವಿಲ್ವನಾಥನ್,string
A. G. Venkatachalam,ಎ.ಜಿ.ವೆಂಕಟಾಚಲಂ,string
A. Geetha,ಎ. ಗೀತಾ,string
A. Govindasamy,ಎ.ಗೋವಿಂದಸಾಮಿ,string
A. J. Manikannan,ಎ.ಜೆ.ಮಣಿಕಣ್ಣನ್,string
A. Johnkumar,ಎ.ಜಾನ್ಕುಮಾರ್,string
A. K. Balan,ಎ.ಕೆ.ಬಾಲನ್,string
A. K. D. Arumugam,ಎ.ಕೆ.ಡಿ. ಅರುಮುಗಂ,string
A. K. M. Ashraf,ಎ.ಕೆ.ಎಂ.ಅಶ್ರಫ್,string
A. K. Saravanankumar,ಎ.ಕೆ.ಸರವಣಕುಮಾರ್,string
A. K. Saseendran,ಎ.ಕೆ.ಸಸೀಂದ್ರನ್,string
A. K. Selvaraj,ಎ.ಕೆ.ಸೆಲ್ವರಾಜ್,string
A. Krishnan,ಎ. ಕೃಷ್ಣನ್,string
A. Krishnaswamy,ಎ.ಕೃಷ್ಣಸ್ವಾಮಿ,string
A. L. S. Lakshmanan,ಎ.ಎಲ್.ಎಸ್.ಲಕ್ಷ್ಮಣನ್,string
A. M. Ariff,A. M. ಆರಿಫ್,string
A. M. H. Nazeem,ಎ.ಎಂ.ಎಚ್.ನಜೀಂ,string
A. M. S. G. Ashokan,ಎ.ಎಂ.ಎಸ್.ಜಿ.ಅಶೋಕನ್,string
A. M. V. Prabhakara Raja,ಎ.ಎಂ.ವಿ.ಪ್ರಭಾಕರ ರಾಜ,string
A. Maharajan,ಎ. ಮಹಾರಾಜನ್,string
A. Marimottou,A. ಮಾರಿಮೊಟ್ಟೌ,string
A. N. Munirathinam,ಎ.ಎನ್.ಮುನಿರತ್ನಂ,string
A. N. Shamseer,ಎ.ಎನ್.ಶಂಸೀರ್,string
A. Nallathambi,ಎ.ನಲ್ಲತಂಬಿ,string
A. Namassivayam,A. ನಮಸ್ಶಿವಾಯಂ,string
A. P. Anil Kumar,ಎ.ಪಿ.ಅನಿಲ್ ಕುಮಾರ್,string
A. P. Jayasankaran,ಎ.ಪಿ.ಜಯಶಂಕರನ್,string
A. P. Nandakumar,ಎ.ಪಿ.ನಂದಕುಮಾರ್,string
A. Prabhakaran,ಎ. ಪ್ರಭಾಕರನ್,string
A. Pradeep Kumar,ಎ.ಪ್ರದೀಪ್ ಕುಮಾರ್,string
A. R. R. Raghuraman,A. R. R. ರಘುರಾಮನ್,string
A. R. R. Seenivasan,ಎ ಆರ್ ಆರ್ ಸೀನಿವಾಸನ್,string
A. Raja,ಎ. ರಾಜಾ,string
A. Soundara Pandian,ಎ. ಸೌಂದರ ಪಾಂಡಿಯನ್,string
A. Tamilarasi,ಎ. ತಮಿಳರಸಿ,string
A. Venkatesan,ಎ. ವೆಂಕಟೇಶನ್,string
A. Vetriazhagan,ಎ. ವೆಟ್ರಿಯಾಳಗನ್,string
ABHAYAPURI,ಅಭಯಪುರಿ,string
AGP,AGP,string
AIADMK,ಎಐಎಡಿಎಂಕೆ,string
AIFB,AIFB,string
AINRC,AINRC,string
AIUDF,ಎಐಯುಡಿಎಫ್,string
ALGAPUR-KATLICHERRA,ಅಲಗಾಪುರ-ಕಟ್ಲಿಚೆರ್ರಾ,string
AMRI (ST),AMRI (ಎಸ್‌ಟಿ),string
Aassan Maulaana,ಅಸ್ಸಾನ್ ಮೌಲಾನಾ,string
Abani Mohan Joardar,ಅಬನಿ ಮೋಹನ್ ಜೋರ್ದಾರ್,string
Abdul Aziz,ಅಬ್ದುಲ್ ಅಜೀಜ್,string
Abdul Batin Khandkar,ಅಬ್ದುಲ್ ಬಾತಿನ್ ಖಂಡ್ಕರ್,string
Abdul Hameed Master,ಅಬ್ದುಲ್ ಹಮೀದ್ ಮಾಸ್ಟರ್,string
Abdul Kalam Rasheed Alam,ಅಬ್ದುಲ್ ಕಲಾಂ ರಶೀದ್ ಆಲಂ,string
Abdul Karim Chowdhury,ಅಬ್ದುಲ್ ಕರೀಂ ಚೌಧರಿ,string
Abdul Khaleque Molla,ಅಬ್ದುಲ್ ಖಲೀಕ್ ಮೊಲ್ಲಾ,string
Abdul Mannan,ಅಬ್ದುಲ್ ಮನ್ನನ್,string
Abdul Soumik Hossain,ಅಬ್ದುಲ್ ಸೌಮಿಕ್ ಹೊಸೈನ್,string
Abdur Rahaman Liton,ಅಬ್ದುರ್ ರೆಹಮಾನ್ ಲಿಟನ್,string
Abdur Rahim Ahmed,ಅಬ್ದುರ್ ರಹೀಮ್ ಅಹಮದ್,string
Abdur Rahim Bakshi,ಅಬ್ದುರ್ ರಹೀಮ್ ಬಕ್ಷಿ,string
Abdur Rahim Qazi,ಅಬ್ದುರ್ ರಹೀಮ್ ಖಾಜಿ,string
Abdur Rahim Quazi,ಅಬ್ದುರ್ ರಹೀಮ್ ಕ್ವಾಜಿ,string
Abdur Rasheed Mandal,ಅಬ್ದುರ್ ರಶೀದ್ ಮಂಡಲ್,string
Abdur Razzak,ಅಬ್ದುರ್ ರಝಾಕ್,string
Abdur Razzak Mandal,ಅಬ್ದುರ್ ರಝಾಕ್ ಮಂಡಲ್,string
Abdur Razzak Molla,ಅಬ್ದುರ್ ರಝಾಕ್ ಮೊಲ್ಲಾ,string
Abdus Sobahun Ali Sarkar,ಅಬ್ದುಸ್ ಸೋಬಾಹುನ್ ಅಲಿ ಸರ್ಕಾರ್,string
Abhayapuri North,ಅಭಯಪುರಿ ಉತ್ತರ,string
Abhayapuri South (SC),ಅಭಯಪುರಿ ದಕ್ಷಿಣ (ಎಸ್‌ಸಿ),string
Abhedananda Thander,ಅಭೇದಾನಂದ ತಾಂಡರ್,string
Abhijit Roy,ಅಭಿಜಿತ್ ರಾಯ್,string
Abhijit Sinha,ಅಭಿಜಿತ್ ಸಿನ್ಹಾ,string
Abid Hussain Thangal,ಅಬಿದ್ ಹುಸೇನ್ ತಂಗಳ್,string
Abu Hena,ಅಬು ಹೆನಾ,string
Abu Taher Khan,ಅಬು ತಾಹೆರ್ ಖಾನ್,string
Adalarasan. P,ಅದಲರಸನ್. ಪಿ,string
Aditi Munshi,ಅದಿತಿ ಮುನ್ಷಿ,string
Adoor,ಅಡೂರ್,string
Adoor Prakash,ಅಡೂರ್ ಪ್ರಕಾಶ್,string
Adv. Aminul Islam,ಅಡ್ವ. ಅಮಿನುಲ್ ಇಸ್ಲಾಂ,string
Aftabuddin Mollah,ಅಫ್ತಾಬುದ್ದೀನ್ ಮೊಲ್ಲಾ,string
Agnimitra Paul,ಅಗ್ನಿಮಿತ್ರ ಪಾಲ್,string
Ahamed Devarkovil,ಅಹಮದ್ ದೇವರಕೋವಿಲ್,string
Ajanta Neog,ಅಜಂತಾ ನಿಯೋಗ್,string
Ajay Kumar Poddar,ಅಜಯ್ ಕುಮಾರ್ ಪೊದ್ದಾರ್,string
Ajit Maity,ಅಜಿತ್ ಮೇಟಿ,string
Ajit Ray,ಅಜಿತ್ ರೇ,string
Ajoy Kumar Ray,ಅಜೋಯ್ ಕುಮಾರ್ ರೇ,string
Akhil Giri,ಅಖಿಲ್ ಗಿರಿ,string
"Akhil Gogoi{{efn|Akhil Gogoi is the president of Raijor Dal, but he contested the election as an independent candidate.}}","ಅಖಿಲ್ ಗೊಗೊಯ್{{efn|ಅಖಿಲ್ ಗೊಗೊಯ್ ರೈಜೋರ್ ದಳದ ಅಧ್ಯಕ್ಷರಾಗಿದ್ದಾರೆ, ಆದರೆ ಅವರು ಸ್ವತಂತ್ರ ಅಭ್ಯರ್ಥಿಯಾಗಿ ಚುನಾವಣೆಯಲ್ಲಿ ಸ್ಪರ್ಧಿಸಿದ್ದಾರೆ.}}",string
Akhruzzaman,ಅಖ್ರುಜ್ಜಮಾನ್,string
Alandur,ಆಲಂದೂರು,string
Alangudi,ಆಲಂಗುಡಿ,string
Alangulam,ಅಲಂಗುಲಂ,string
Alappuzha,ಆಲಪ್ಪುಳ,string
Alathur,ಆಲತ್ತೂರು,string
Alberuni Zulkarnain,ಅಲ್ಬೆರುನಿ ಜುಲ್ಕರ್ನೈನ್,string
Algapur,ಅಳಗಾಪುರ,string
Ali Imran Ramz (Victor),ಅಲಿ ಇಮ್ರಾನ್ ರಾಮ್ಜ್ (ವಿಕ್ಟರ್),string
Alipurduars,ಅಲಿಪುರ್ದುವಾರ್ಸ್,string
Alok Kumar Majhi,ಅಲೋಕ್ ಕುಮಾರ್ ಮಾಝಿ,string
Alok Mukherjee,ಅಲೋಕ್ ಮುಖರ್ಜಿ,string
Aloke Jaldata,ಅಲೋಕೆ ಜಲದಾತಾ,string
Aloor Shanavas,ಆಲೂರು ಶಾನವಾಸ್,string
Aluva,ಆಲುವಾ,string
Amal Acharjee,ಅಮಲ್ ಆಚಾರ್ಜಿ,string
Amar Chand Jain,ಅಮರ್ ಚಂದ್ ಜೈನ್,string
Amar Singh Rai,ಅಮರ್ ಸಿಂಗ್ ರೈ,string
Amarnath Shakha,ಅಮರನಾಥ ಶಾಖಾ,string
Ambalappuzha,ಅಂಬಲಪ್ಪುಳ,string
Ambasamudram,ಅಂಬಾಸಮುದ್ರಂ,string
Ambattur,ಅಂಬತ್ತೂರು,string
Ambethkumar. S,ಅಂಬೇತ್ಕುಮಾರ್. ಎಸ್,string
Ambika Roy,ಅಂಬಿಕಾ ರಾಯ್,string
Ambur,ಅಂಬೂರು,string
Amdanga,ಅಮ್ದಂಗ,string
Amguri,ಅಮ್ಗುರಿ,string
Aminul Haque Laskar,ಅಮಿನುಲ್ ಹಕ್ ಲಸ್ಕರ್,string
Aminul Islam,ಅಮಿನುಲ್ ಇಸ್ಲಾಂ,string
Amirul Islam,ಅಮೀರುಲ್ ಇಸ್ಲಾಂ,string
Amit Mitra,ಅಮಿತ್ ಮಿತ್ರ,string
Amiya Kanti Bhattacharjee,ಅಮಿಯಾ ಕಾಂತಿ ಭಟ್ಟಾಚಾರ್ಜಿ,string
Amiya Kumar Bhuyan,ಅಮಿಯಾ ಕುಮಾರ್ ಭುಯಾನ್,string
Amman K. Arjunan,ಅಮ್ಮನ್ ಕೆ. ಅರ್ಜುನನ್,string
Amta,ಅಮತಾ,string
Anaikattu,ಆನೈಕಟ್ಟು,string
Anandamoy Barman,ಆನಂದಮೋಯ್ ಬರ್ಮನ್,string
Ananta Deb Adhikari,ಅನಂತ ದೇಬ್ ಅಧಿಕಾರಿ,string
Anbarasan. T.M.,ಅನ್ಬರಸನ್. ಟಿ.ಎಂ.,string
Anbil Mahesh,ಅನ್ಬಿಲ್ ಮಹೇಶ್,string
Anbil Mahesh Poyyamozhi,ಅನ್ಬಿಲ್ ಮಹೇಶ್ ಪೊಯ್ಯಮೊಳಿ,string
Andi Ambalam M.A,ಆಂಡಿ ಅಂಬಲಂ ಎಂ.ಎ,string
Andipatti,ಆಂಡಿಪಟ್ಟಿ,string
Angamaly,ಅಂಗಮಾಲಿ,string
Anil Adhikari,ಅನಿಲ್ ಅಧಿಕಾರಿ,string
Anil Akkara,ಅನಿಲ್ ಅಕ್ಕರ,string
Anisur Rahaman,ಅನಿಸುರ್ ರೆಹಮಾನ್,string
Anitha R Radhakrishnan,ಅನಿತಾ ಆರ್ ರಾಧಾಕೃಷ್ಣನ್,string
Anitha R. Radhakrishnan,ಅನಿತಾ ಆರ್. ರಾಧಾಕೃಷ್ಣನ್,string
Anna Nagar,ಅಣ್ಣಾ ನಗರ,string
Annibal Kennedy,ಅನ್ನಿಬಲ್ ಕೆನಡಿ,string
Anoop Jacob,ಅನೂಪ್ ಜೇಕಬ್,string
Anthiyur,ಅಂತಿಯೂರು,string
Antony John,ಆಂಟೋನಿ ಜಾನ್,string
Antony Raju,ಆಂಟನಿ ರಾಜು,string
Anup Kumar Saha,ಅನುಪ್ ಕುಮಾರ್ ಸಹಾ,string
Anwar Hussain Laskar,ಅನ್ವರ್ ಹುಸೇನ್ ಲಸ್ಕರ್,string
Anwar Sadath,ಅನ್ವರ್ ಸಾದತ್,string
Apurba Chowdhury,ಅಪುರ್ಬಾ ಚೌಧರಿ,string
Apurba Sarkar,ಅಪುರ್ಬಾ ಸರ್ಕಾರ್,string
Arakkonam (SC),ಅರಕ್ಕೋಣಂ (ಎಸ್‌ಸಿ),string
Arambagh,ಅರಾಂಬಾಗ್,string
Arani,ಅರಣಿ,string
Aranmula,ಅರನ್ಮುಲ,string
Aranthangi,ಅರಂತಂಗಿ,string
Arasu R T,ಅರಸು ಆರ್ ಟಿ,string
Aravakurichi,ಅರವಕುರಿಚಿ,string
Arcot,ಆರ್ಕಾಟ್,string
Ardhendu Maity,ಅರ್ಧೇಂದು ಮೈಟಿ,string
Arghya Roy Pradhan,ಅರ್ಘ್ಯ ರಾಯ್ ಪ್ರಧಾನ್,string
Ariankuppam,ಅರಿಯನ್ಕುಪ್ಪಂ,string
Arindam Bhattacharya,ಅರಿಂದಮ್ ಭಟ್ಟಾಚಾರ್ಯ,string
Arindam Guin,ಅರಿಂದಮ್ ಗಿನ್,string
Ariyalur,ಅರಿಯಲೂರು,string
Arjun Singh,ಅರ್ಜುನ್ ಸಿಂಗ್,string
Aroop Biswas,ಅರೂಪ್ ಬಿಸ್ವಾಸ್,string
Aroor,ಆರೂರ್,string
Arul Ramadas,ಅರುಳ್ ರಾಮದಾಸ್,string
Arumugam.B,ಅರುಮುಗಂ.ಬಿ,string
Arun Kumar. P.R.G.,ಅರುಣ್ ಕುಮಾರ್. ಪಿ.ಆರ್.ಜಿ.,string
Arunava Sen,ಅರುಣವ ಸೇನ್,string
Arundhuti Maitra,ಅರುಂಧುತಿ ಮೈತ್ರಾ,string
Arup Chakraborty,ಅರೂಪ್ ಚಕ್ರವರ್ತಿ,string
Arup Dhara,ಅರೂಪ್ ಧಾರಾ,string
Arup Kumar Das,ಅರುಪ್ ಕುಮಾರ್ ದಾಸ್,string
Arup Kumar Khan,ಅರೂಪ್ ಕುಮಾರ್ ಖಾನ್,string
Arup Roy,ಅರೂಪ್ ರಾಯ್,string
Aruppukkottai,ಅರುಪ್ಪುಕ್ಕೊಟ್ಟೈ,string
Aruvikkara,ಅರುವಿಕ್ಕರ,string
Asansol Dakshin,ಅಸನ್ಸೋಲ್ ದಕ್ಷಿಣ್,string
Asansol Uttar,ಅಸನ್ಸೋಲ್ ಉತ್ತರ,string
Ashim Biswas,ಆಶಿಮ್ ಬಿಸ್ವಾಸ್,string
Ashim Kumar Majhi,ಆಶಿಮ್ ಕುಮಾರ್ ಮಾಝಿ,string
Ashim Kumar Sarkar,ಆಶಿಮ್ ಕುಮಾರ್ ಸರ್ಕಾರ್,string
Ashima Patra,ಅಶಿಮಾ ಪತ್ರ,string
Ashis Chakraborty,ಆಶಿಸ್ ಚಕ್ರವರ್ತಿ,string
Ashis Marjit,ಆಶಿಸ್ ಮರ್ಜಿತ್,string
Ashish Banerjee,ಆಶಿಶ್ ಬ್ಯಾನರ್ಜಿ,string
Ashish Kumar Biswas,ಆಶಿಶ್ ಕುಮಾರ್ ಬಿಸ್ವಾಸ್,string
Ashish Marjit,ಆಶಿಶ್ ಮರ್ಜಿತ್,string
Ashok Anand,ಅಶೋಕ್ ಆನಂದ್,string
Ashok Bhattacharya,ಅಶೋಕ್ ಭಟ್ಟಾಚಾರ್ಯ,string
Ashok Chattopadhyaya,ಅಶೋಕ್ ಚಟ್ಟೋಪಾಧ್ಯಾಯ,string
Ashok Dinda,ಅಶೋಕ್ ದಿಂಡಾ,string
Ashok Kirtania,ಅಶೋಕ್ ಕೀರ್ತಾನಿಯಾ,string
Ashok Kumar Deb,ಅಶೋಕ್ ಕುಮಾರ್ ದೇಬ್,string
Ashok Lahiri,ಅಶೋಕ್ ಲಾಹಿರಿ,string
Ashok Sarma,ಅಶೋಕ್ ಶರ್ಮಾ,string
Ashok Singhal,ಅಶೋಕ್ ಸಿಂಘಾಲ್,string
Ashokenagar,ಅಶೋಕನಗರ,string
Ashraful Hussain,ಅಶ್ರಫುಲ್ ಹುಸೇನ್,string
Ashwini Roy Sarkar,ಅಶ್ವಿನಿ ರಾಯ್ ಸರ್ಕಾರ್,string
Asif Mehbub,ಆಸಿಫ್ ಮೆಹಬೂಬ್,string
Asish Banerjee,ಆಶಿಶ್ ಬ್ಯಾನರ್ಜಿ,string
Asit Mazumdar,ಅಸಿತ್ ಮಜುಂದಾರ್,string
Asit Mazumder,ಅಸಿತ್ ಮಜುಂದರ್,string
Asit Mitra,ಅಸಿತ್ ಮಿತ್ರ,string
Asok Kumar Chattopadhyay,ಅಶೋಕ್ ಕುಮಾರ್ ಚಟ್ಟೋಪಾಧ್ಯಾಯ,string
Athoor,ಅತ್ತೂರ್,string
Atin Ghosh,ಅತಿನ್ ಘೋಷ್,string
Attingal,ಅಟ್ಟಿಂಗಲ್,string
Attur (SC),ಅತ್ತೂರ್ (ಎಸ್‌ಸಿ),string
Atul Bora,ಅತುಲ್ ಬೋರಾ,string
Ausgram (SC),ಆಸ್ಗ್ರಾಮ್ (ಎಸ್‌ಸಿ),string
Avadi,ಅವಡಿ,string
Avanashi (SC),ಅವನಶಿ (ಎಸ್‌ಸಿ),string
Azhikode,ಅಝಿಕೋಡ್,string
Aziz Ahmed Khan,ಅಜೀಜ್ ಅಹಮದ್ ಖಾನ್,string
B. D. Devassy,ಬಿ ಡಿ ದೇವಸ್ಸಿ,string
B. Kobiga,ಬಿ.ಕೋಬಿಗ,string
B. Ranganathan,ಬಿ.ರಂಗನಾಥನ್,string
B. Sathyanarayanan,ಬಿ.ಸತ್ಯನಾರಾಯಣನ್,string
B. Satyan,ಬಿ ಸತ್ಯನ್,string
BAJALI,ಬಜಾಲಿ,string
BAKSA (ST),ಬಕ್ಸಾ (ಎಸ್‌ಟಿ),string
BAOKHUNGRI,BAOKHUNGRI,string
BARCHALLA,ಬಾರ್ಚಲ್ಲಾ,string
BARHAMPUR,ಬರ್ಹಂಪುರ,string
BARKHETRI,ಬರ್ಖೇತ್ರಿ,string
BARKHOLA,ಬರ್ಖೋಲಾ,string
BARPETA (SC),ಬರ್ಪೆಟಾ (ಎಸ್‌ಸಿ),string
BEHALI (SC),ಬೆಹಾಲಿ (ಎಸ್‌ಸಿ),string
BHERGAON,ಭೆರ್ಗಾಂವ್,string
BHOWANIPUR-SORBHOG,ಭೋವಾನಿಪುರ-ಸೋರ್ಭೋಗ್,string
BIHPURIA,ಬಿಹ್ಪುರಿಯಾ,string
BIJNI,BIJNI,string
BILASIPARA,ಬಿಲಾಸಿಪರಾ,string
BINNAKANDI,ಬಿನ್ನಕಂಡಿ,string
BIRSING JARUA,ಬಿರ್ಸಿಂಗ್ ಜರುವಾ,string
BISWANATH,ಬಿಸ್ವನಾಥ್,string
BJP,ಬಿಜೆಪಿ,string
BOKAJAN (ST),ಬೊಕಜನ್ (ಎಸ್‌ಟಿ),string
BOKAKHAT,ಬೊಕಾಖಾತ್,string
BOKO-CHAYGAON (ST),ಬೊಕೊ-ಚಯಗಾಂವ್ (ಎಸ್‌ಟಿ),string
BONGAIGAON,ಬೊಂಗೈಗಾನ್,string
BPF,BPF,string
Bachchu Hansda,ಬಚ್ಚು ಹಂಸದಾ,string
Badarpur,ಬದರ್ಪುರ್,string
Baduria,ಬದುರಿಯಾ,string
Bagdah,ಬಾಗ್ದಾ,string
Baghbor,ಬಾಗ್ಬೋರ್,string
Baghmundi,ಬಾಗ್ಮುಂಡಿ,string
Bagnan,ಬಗ್ನಾನ್,string
Baharampur,ಬಹರಂಪುರ,string
Bahour,ಬಹೂರ್,string
Baishali Dalmiya,ಬೈಶಾಲಿ ದಾಲ್ಮಿಯಾ,string
Baisnabnagar,ಬೈಸ್ನಾಬ್ನಗರ,string
Baithalangso (ST),ಬೈತಲಾಂಗ್ಸೊ (ಎಸ್‌ಟಿ),string
Bajali,ಬಜಾಲಿ,string
Baksa,ಬಕ್ಸ,string
Balagarh (SC),ಬಲಗಢ (ಎಸ್‌ಸಿ),string
Balakrishna Reddy P,ಬಾಲಕೃಷ್ಣ ರೆಡ್ಡಿ ಪಿ,string
Balarampur,ಬಲರಾಮಪುರ,string
Balasubramani R.,ಬಾಲಸುಬ್ರಮಣಿ ಆರ್.,string
Bally,ಬಲ್ಲಿ,string
Ballygunge,ಬ್ಯಾಲಿಗಂಗೆ,string
Balurghat,ಬಲೂರ್ಘಾಟ್,string
Balussery,ಬಾಲುಸ್ಸೆರಿ,string
Banasri Maity,ಬನಶ್ರೀ ಮೈತಿ,string
Bandwan (ST),ಬಂದ್ವಾನ್ (ಎಸ್‌ಟಿ),string
Baneswar Mahato,ಬಾಣೇಶ್ವರ ಮಹತೋ,string
Bangaon Dakshin (SC),ಬಂಗಾವ್ ದಕ್ಷಿಣ (ಎಸ್‌ಸಿ),string
Bangaon Uttar (SC),ಬಂಗಾವ್ ಉತ್ತರ (ಎಸ್‌ಸಿ),string
Bankim Chandra Ghosh,ಬಂಕಿಮ್ ಚಂದ್ರ ಘೋಷ್,string
Bankim Chandra Hazra,ಬಂಕಿಮ್ ಚಂದ್ರ ಹಜ್ರಾ,string
Bankura,ಬಂಕುರಾ,string
Barabani,ಬರಬಾನಿ,string
Barama (ST),ಬರಮಾ (ಎಸ್‌ಟಿ),string
Baranagar,ಬಾರಾನಗರ,string
Barasat,ಬರಾಸತ್,string
Barchalla,ಬರ್ಚಲ್ಲಾ,string
Barddhaman,ಬರ್ದ್ಧಮಾನ್,string
Bardhaman Dakshin,ಬರ್ಧಮಾನ್ ದಕ್ಷಿಣ್,string
Bardhaman Uttar,ಬರ್ಧಮಾನ್ ಉತ್ತರ,string
Baren Chandra Barman,ಬರೆನ್ ಚಂದ್ರ ಬರ್ಮನ್,string
Bargur,ಬರಗೂರು,string
Barhampur,ಬರ್ಹಾಂಪುರ,string
Barjora,ಬಾರ್ಜೋರಾ,string
Barkhetry,ಬರ್ಖೆಟ್ರಿ,string
Barkhola,ಬರ್ಖೋಲಾ,string
Barpeta,ಬಾರ್ಪೆಟಾ,string
Barrackpur,ಬ್ಯಾರಕ್ಪುರ,string
Baruipur Paschim,ಬರುಯಿಪುರ್ ಪಶ್ಚಿಮ್,string
Baruipur Purba (SC),ಬರುಯಿಪುರ್ ಪುರ್ಬಾ (ಎಸ್‌ಸಿ),string
Basanta Das,ಬಸಂತ ದಾಸ್,string
Basanti (SC),ಬಸಂತಿ (ಎಸ್‌ಸಿ),string
Basirhat Dakshin,ಬಸಿರ್ಹತ್ ದಕ್ಷಿಣ,string
Basirhat Uttar,ಬಸಿರ್ಹತ್ ಉತ್ತರ,string
Baskaran.G,ಬಾಸ್ಕರನ್.ಜಿ,string
Batadroba,ಬಟಾಡ್ರೋಬಾ,string
Becharam Manna,ಬೇಚರಂ ಮನ್ನಾ,string
Begum Nargis,ಬೇಗಂ ನರ್ಗೀಸ್,string
Behala Paschim,ಬೆಹಲಾ ಪಶ್ಚಿಮ್,string
Behala Purba,ಬೆಹಲಾ ಪುರ್ಬಾ,string
Behali,ಬೆಹಲಿ,string
Beldanga,ಬೆಳ್ದಂಗ,string
Beleghata,ಬೆಳೆಘಾಟ,string
Beypore,ಬೇಪೋರ್,string
Bhabanipur,ಭಬಾನಿಪುರ,string
Bhabendra Nath Bharali,ಭಬೇಂದ್ರ ನಾಥ್ ಭಾರಾಲಿ,string
Bhabesh Kalita,ಭಾಬೇಶ್ ಕಲಿತಾ,string
Bhagabangola,ಭಾಗಬಂಗೋಲ,string
Bhagabanpur,ಭಾಗಬನಪುರ,string
Bhangar,ಭಂಗಾರ್,string
Bharat Chandra Narah,ಭರತ ಚಂದ್ರ ನರಃ,string
Bharathi.P.V,ಭಾರತಿ.ಪಿ.ವಿ,string
Bharatpur,ಭರತಪುರ,string
Bhaskar Jyoti Baruah,ಭಾಸ್ಕರ್ ಜ್ಯೋತಿ ಬರುವಾ,string
Bhaskar Sharma,ಭಾಸ್ಕರ್ ಶರ್ಮಾ,string
Bhatar,ಭಟರ,string
Bhatpara,ಭಟ್ಪರಾ,string
Bhavani,ಭವಾನಿ,string
Bhavanisagar,ಭವಾನಿಸಾಗರ,string
Bhubon Pegu,ಭುಬೊನ್ ಪೆಗು,string
Bhupen Boro,ಭೂಪೇನ್ ಬೋರೋ,string
Bhupendra Nath Halder,ಭೂಪೇಂದ್ರ ನಾಥ್ ಹಲ್ದರ್,string
Bhuvanagiri,ಭುವನಗಿರಿ,string
Bidesh Ranjan Bose,ಬಿಡೇಶ್ ರಂಜನ್ ಬೋಸ್,string
Bidhan Chandra Majhi,ಬಿಧನ್ ಚಂದ್ರ ಮಾಝಿ,string
Bidhan Upadhyay,ಬಿಧಾನ್ ಉಪಾಧ್ಯಾಯ,string
Bidhannagar,ಬಿಧಾನನಗರ,string
Bidya Sing Engleng,ಬಿದ್ಯಾ ಸಿಂಗ್ ಇಂಗ್ಲೆಂಗ್,string
Bihpuria,ಬಿಹ್ಪುರಿಯಾ,string
Bijni,ಬಿಜ್ನಿ,string
Bijoy Malakar,ಬಿಜೋಯ್ ಮಾಲಕರ್,string
Bijpur,ಬಿಜಪುರ,string
Bikash Roy Choudhury,ಬಿಕಾಶ್ ರಾಯ್ ಚೌಧರಿ,string
Bikram Chandra Pradhan,ಬಿಕ್ರಮ್ ಚಂದ್ರ ಪ್ರಧಾನ್,string
Bilasipara East,ಬಿಲಾಸಿಪಾರ ಪೂರ್ವ,string
Bilasipara West,ಬಿಲಾಸಿಪಾರ ಪಶ್ಚಿಮ,string
Bimal Bora,ಬಿಮಲ್ ಬೋರಾ,string
Bimal Borah,ಬಿಮಲ್ ಬೋರಾಹ್,string
Bimalendu Sinha Roy,ಬಿಮಲೇಂದು ಸಿನ್ಹಾ ರಾಯ್,string
Biman Banerjee,ಬಿಮನ್ ಬ್ಯಾನರ್ಜಿ,string
Biman Ghosh,ಬಿಮನ್ ಘೋಷ್,string
Bina Mandal,ಬೀನಾ ಮಂಡಲ್,string
Bina Mondal,ಬೀನಾ ಮೊಂಡಲ್,string
Binanda Kumar Saikia,ಬಿನಂದ ಕುಮಾರ್ ಸೈಕಿಯಾ,string
Binay Krishna Barman,ಬಿನಯ್ ಕೃಷ್ಣ ಬರ್ಮನ್,string
Binod Hazarika,ಬಿನೋದ್ ಹಜಾರಿಕಾ,string
Binpur (ST),ಬಿನ್ಪುರ್ (ಎಸ್‌ಟಿ),string
Biplab Mitra,ಬಿಪ್ಲಬ್ ಮಿತ್ರ,string
Biplab Roy Chowdhury,ಬಿಪ್ಲಬ್ ರಾಯ್ ಚೌಧರಿ,string
Bir Bhadra Hagjer,ಬೀರ್ ಭದ್ರ ಹಗ್ಜೆರ್,string
Birbaha Hansda,ಬಿರ್ಬಹಾ ಹನ್ಸ್ದಾ,string
Birbhum,ಬಿರ್ಭೂಮ್,string
Birendra Nath Tudu,ಬೀರೇಂದ್ರ ನಾಥ್ ತುಡು,string
Bishal Lama,ಬಿಶಾಲ್ ಲಾಮಾ,string
Bishnu Pada Ray,ಬಿಷ್ಣು ಪದ ರೇ,string
Bishnu Prasad Sharma,ಬಿಷ್ಣು ಪ್ರಸಾದ್ ಶರ್ಮಾ,string
Bishnupur,ಬಿಷ್ಣುಪುರ,string
Bishnupur (SC),ಬಿಷ್ಣುಪುರ್ (ಎಸ್‌ಸಿ),string
Biswajit Daimary,ಬಿಸ್ವಜಿತ್ ಡೈಮರಿ,string
Biswajit Das,ಬಿಸ್ವಜಿತ್ ದಾಸ್,string
Biswajit Kundu,ಬಿಸ್ವಜಿತ್ ಕುಂದು,string
Biswajit Phukan,ಬಿಸ್ವಜಿತ್ ಫುಕನ್,string
Biswanath,ಬಿಸ್ವನಾಥ್,string
Biswanath Choudhury,ಬಿಸ್ವನಾಥ್ ಚೌಧರಿ,string
Biswanath Das,ಬಿಸ್ವನಾಥ ದಾಸ್,string
Biswanath Karak,ಬಿಸ್ವನಾಥ್ ಕಾರಕ್,string
Biswanath Parial,ಬಿಸ್ವನಾಥ್ ಪರಿಯಾಲ್,string
Bivas Sardar,ಬಿವಾಸ್ ಸರ್ದಾರ್,string
Bodinayakanur,ಬೋಡಿನಾಯಕನೂರ,string
Bokajan (ST),ಬೊಕಜನ್ (ಎಸ್‌ಟಿ),string
Bokakhat,ಬೊಕಾಖಾಟ್,string
Boko (SC),ಬೊಕೊ (ಎಸ್‌ಸಿ),string
Bolin Chetia,ಬೋಲಿನ್ ಚೆಟಿಯಾ,string
Bolpur,ಬೋಲ್ಪುರ್,string
Bongaigaon,ಬೊಂಗೈಗಾಂವ್,string
Brajamohan Mazumder,ಬ್ರಜಮೋಹನ್ ಮಜುಂದಾರ್,string
Bratya Basu,ಬ್ರಾತ್ಯಾ ಬಸು,string
Brindaban Goswami,ಬೃಂದಾಬನ್ ಗೋಸ್ವಾಮಿ,string
Budge Budge,ಬಡ್ಜ್ ಬಡ್ಜ್,string
Budhrai Tudu,ಬುಧರೈ ತುಡು,string
Bulu Chik Baraik,ಬುಲು ಚಿಕ್ ಬರೈಕ್,string
Burwan (SC),ಬರ್ವಾನ್ (ಎಸ್‌ಸಿ),string
C V Shanmugam,ಸಿ ವಿ ಷಣ್ಮುಗಂ,string
C. C. Mukundan,ಸಿ ಸಿ ಮುಕುಂದನ್,string
C. Divakaran,ಸಿ.ದಿವಾಕರನ್,string
C. Djeacoumar,ಸಿ. ಡಿಜೆಕೌಮರ್,string
C. F. Thomas,C. F. ಥಾಮಸ್,string
C. H. Kunhambu,ಸಿ.ಎಚ್.ಕುಂಞಂಬು,string
C. K. Asha,ಸಿ.ಕೆ.ಆಶಾ,string
C. K. Hareendrakumar,ಸಿ.ಕೆ.ಹರೀಂದ್ರಕುಮಾರ್,string
C. K. Hareendran,ಸಿ.ಕೆ.ಹರೀಂದ್ರನ್,string
C. K. Nanu,ಸಿ.ಕೆ ನಾಣು,string
C. K. Saseendran,ಸಿ.ಕೆ.ಸಸೀಂದ್ರನ್,string
C. Krishnamurali,ಸಿ.ಕೃಷ್ಣಮುರಳಿ,string
C. Krishnan,ಸಿ.ಕೃಷ್ಣನ್,string
C. Mahendran,ಸಿ ಮಹೇಂದ್ರನ್,string
C. Mammootty,ಸಿ.ಮಮ್ಮುಟ್ಟಿ,string
C. R. Mahesh,ಸಿ ಆರ್ ಮಹೇಶ್,string
C. Raveendranath,ಸಿ.ರವೀಂದ್ರನಾಥ್,string
C. Sivakumar,ಸಿ.ಶಿವಕುಮಾರ್,string
C. V. Ganesan,ಸಿ ವಿ ಗಣೇಶನ್,string
C. V. M. P. Ezhilarasan,C. V. M. P. ಎಜಿಲರಸನ್,string
C. Vijayabaskar,ಸಿ.ವಿಜಯಭಾಸ್ಕರ್,string
CHABUA-LAHOWAL,ಚಬುವಾ-ಲಹೋವಾಲ್,string
CHAMARIA,ಚಮಾರಿಯಾ,string
CHENGA,ಚೆಂಗಾ,string
CMP(A),CMP(A),string
CPI,ಸಿಪಿಐ,string
CPI(M),ಸಿಪಿಐ(ಎಂ),string
Cachar,ಕ್ಯಾಚಾರ್,string
Canning Paschim (SC),ಕ್ಯಾನಿಂಗ್ ಪಾಸ್ಚಿಮ್ (ಎಸ್‌ಸಿ),string
Canning Purba,ಕ್ಯಾನಿಂಗ್ ಪುರ್ಬಾ,string
Chabua,ಚಬುವಾ,string
Chadayamangalam,ಚಡಯಮಂಗಲಂ,string
Chakdaha,ಚಕ್ದಾಹ,string
Chakradhar Gogoi,ಚಕ್ರಧರ್ ಗೊಗೋಯ್,string
Chakrapani M,ಚಕ್ರಪಾಣಿ ಎಂ,string
Chakulia,ಚಾಕುಲಿಯಾ,string
Chalakudy,ಚಾಲಕುಡಿ,string
Champdani,ಚಂಪ್ದಾನಿ,string
Chanchal,ಚಂಚಲ್,string
Chandana Bauri,ಚಂದನ ಬೌರಿ,string
Chandana Sarkar,ಚಂದನ ಸರ್ಕಾರ್,string
Chandannagar,ಚಂದನನಗರ,string
Chandipur,ಚಂಡೀಪುರ,string
Chandira Priyanga,ಚಂದಿರ ಪ್ರಿಯಾಂಗ,string
Chanditala,ಚಂಡಿತಾಲ,string
Chandra Mohan Patowary,ಚಂದ್ರ ಮೋಹನ್ ಪಟೋವರಿ,string
Chandra Naresh Bauri,ಚಂದ್ರ ನರೇಶ್ ಬೌರಿ,string
Chandrakona (SC),ಚಂದ್ರಕೋಣ (ಎಸ್‌ಸಿ),string
Chandranath Sinha,ಚಂದ್ರನಾಥ್ ಸಿನ್ಹಾ,string
Chandrasekar R,ಚಂದ್ರಶೇಖರ್ ಆರ್,string
Chandrasekaran C,ಚಂದ್ರಶೇಖರನ್ ಸಿ,string
Chandrima Bhattacharya,ಚಂದ್ರಿಮಾ ಭಟ್ಟಾಚಾರ್ಯ,string
Changanassery,ಚಂಗನಾಶ್ಶೇರಿ,string
Chapaguri (ST),ಚಾಪಗುರಿ (ಎಸ್‌ಟಿ),string
Chapra,ಚಾಪ್ರಾ,string
Charaideo,ಚರೈಡಿಯೊ,string
Charan Boro,ಚರಣ್ ಬೋರೋ,string
Chathannoor,ಚತ್ತನ್ನೂರು,string
Chavara,ಚವರ,string
Chaygaon,ಚಾಯಗಾಂವ್,string
Chelakkara,ಚೇಲಕ್ಕರ,string
Chenga,ಚೆಂಗಾ,string
Chengalpattu,ಚೆಂಗಲ್ಪಟ್ಟು,string
Chengam (SC),ಚೆಂಗಮ್ (ಎಸ್‌ಸಿ),string
Chengannur,ಚೆಂಗನ್ನೂರು,string
Chennai,ಚೆನ್ನೈ,string
Chepauk-Thiruvallikeni,ಚೆಪಾಕ್-ತಿರುವಲ್ಲಿಕೇಣಿ,string
Cherthala,ಚೇರ್ತಾಲ,string
Cheyyar,ಚೆಯ್ಯರ್,string
Cheyyur (SC),ಚೆಯ್ಯೂರ್ (ಎಸ್‌ಸಿ),string
Chezhiaan.Govi,ಚೆಝಿಯಾನ್.ಗೋವಿ,string
Chhatna,ಛತ್ನಾ,string
Chhaya Dolai,ಛಾಯಾ ಡೋಲೈ,string
Chidambaram,ಚಿದಂಬರಂ,string
Chinmoy Deb Barman,ಚಿನ್ಮೊಯ್ ದೇಬ್ ಬರ್ಮನ್,string
Chinnaraj.O.K,ಚಿನ್ನರಾಜ್.ಒ.ಕೆ,string
Chinnathambi R M,ಚಿನ್ನತಂಬಿ ಆರ್ ಎಂ,string
Chirang,ಚಿರಾಂಗ್,string
Chiranjeet Chakrabarti,ಚಿರಂಜೀತ್ ಚಕ್ರವರ್ತಿ,string
Chiranjeet Chakraborty,ಚಿರಂಜೀತ್ ಚಕ್ರವರ್ತಿ,string
Chirayinkeezhu,ಚಿರಾಯಿಂಕೀಝು,string
Chitra.G,ಚಿತ್ರಾ.ಜಿ,string
Chittayam Gopakumar,ಚಿತ್ತಯಂ ಗೋಪಕುಮಾರ್,string
Chittur,ಚಿತ್ತೂರು,string
Chopra,ಚೋಪ್ರಾ,string
Chowrangee,ಚೌರಂಗೀ,string
Chunchura,ಚುಂಚೂರ,string
Churamani Mahata,ಚುರಮಣಿ ಮಹಾತಾ,string
Coimbatore,ಕೊಯಮತ್ತೂರು,string
Coimbatore (North),ಕೊಯಮತ್ತೂರು (ಉತ್ತರ),string
Coimbatore (South),ಕೊಯಮತ್ತೂರು (ದಕ್ಷಿಣ),string
Colachal,ಕೋಲಾಚಲ್,string
Con(S),ಕಾನ್(ಎಸ್),string
Congress (Secular),ಕಾಂಗ್ರೆಸ್ (ಜಾತ್ಯತೀತ),string
Cooch Behar Dakshin,ಕೂಚ್ ಬೆಹರ್ ದಕ್ಷಿಣ್,string
Cooch Behar Uttar,ಕೂಚ್ ಬೆಹರ್ ಉತ್ತರ,string
Coonoor,ಕೂನೂರು,string
Cuddalore,ಕಡಲೂರು,string
Cumbum,ಕುಂಬಮ್,string
D. Jayakumar,ಡಿ.ಜಯಕುಮಾರ್,string
D. K. Murali,ಡಿ ಕೆ ಮುರಳಿ,string
D. Mathiazhagan,ಡಿ. ಮಥಿಯಾಳಗನ್,string
DALGAON,ದಲ್ಗಾಂವ್,string
DEMOW,ಡೆಮೋವ್,string
DERGAON,ಡೆರ್ಗಾಂವ್,string
DHAKUAKHANA (ST),ಢಕುವಾಖಾನಾ (ಎಸ್‌ಟಿ),string
DHEKIAJULI,ದೇಕಿಯಾಜುಲಿ,string
DHEMAJI (ST),ಧೇಮಾಜಿ (ಎಸ್‌ಟಿ),string
DHING,DHING,string
DHOLAI (SC),ಧೋಲೈ (ಎಸ್‌ಸಿ),string
DHUBRI,ಧುಬ್ರಿ,string
DIBRUGRAH,ದಿಬ್ರುಗ್ರಾಹ್,string
DIGBOI,DIGBOI,string
DIMORIA (SC),ಡಿಮೋರಿಯಾ (ಎಸ್‌ಸಿ),string
DIPHU (ST),ದೀಪು (ಎಸ್‌ಟಿ),string
DISPUR,ಡಿಸ್ಪುರ,string
DMK,ಡಿಎಂಕೆ,string
DOOMDOOMA,ಡೂಮ್ಡೂಮಾ,string
DOTMA (ST),DOTMA (ಎಸ್‌ಟಿ),string
DUDHNAI (ST),ದುಧನೈ (ಎಸ್‌ಟಿ),string
DULIAJAN,ದುಲಿಯಾಜನ್,string
Dabgram-Phulbari,ದಬ್ಗ್ರಾಮ್-ಫುಲ್ಬರಿ,string
Dakshin Dinajpur,ದಕ್ಷಿಣ ದಿನಜಪುರ,string
Daleema Jojo,ದಲೀಮಾ ಜೋಜೊ,string
Dalgaon,ದಲ್ಗಾಂವ್,string
Dantan,ದಾಂತನ್,string
Darjeeling,ಡಾರ್ಜಿಲಿಂಗ್,string
Darjiling,ಡಾರ್ಜಿಲಿಂಗ್,string
Darrang,ದರ್ರಾಂಗ್,string
Daspur,ದಾಸ್ಪುರ್,string
Debabrata Majumdar,ದೇಬಬ್ರತಾ ಮಜುಂದಾರ್,string
Debabrata Saikia,ದೇಬಬ್ರತಾ ಸೈಕಿಯಾ,string
Debananda Hazarika,ದೇಬಾನಂದ ಹಜಾರಿಕಾ,string
Debasish Kumar,ದೇಬಶಿಶ್ ಕುಮಾರ್,string
Debasree Roy,ದೇಬಶ್ರೀ ರಾಯ್,string
Debendra Nath Roy,ದೇಬೇಂದ್ರ ನಾಥ್ ರಾಯ್,string
Debes Mondal,ಡೆಬೆಸ್ ಮೊಂಡಲ್,string
Debesh Mondal,ದೇಬೇಶ್ ಮೊಂಡಲ್,string
Debnath Hansda,ದೇಬನಾಥ್ ಹನ್ಸ್ದಾ,string
Deboprasad Bag,ದೇಬೋಪ್ರಸಾದ್ ಬ್ಯಾಗ್,string
Debra,ಡೆಬ್ರಾ,string
Deganga,ದೇಗಂಗಾ,string
Dergaon (SC),ದೇರ್ಗಾಂವ್ (ಎಸ್‌ಸಿ),string
Devikulam,ದೇವಿಕುಲಂ,string
Dha. Velu,ಧಾ. ವೇಲು,string
Dhakuakhana (ST),ಢಕುಖಾನಾ (ಎಸ್‌ಟಿ),string
Dhanapal P,ಧನಪಾಲ್ ಪಿ,string
Dhanekhali (SC),ಧನೇಖಲಿ (ಎಸ್‌ಸಿ),string
Dharapuram (SC),ಧಾರಾಪುರ (ಎಸ್‌ಸಿ),string
Dharmadom,ಧರ್ಮದೊಂ,string
Dharmapur,ಧರ್ಮಪುರ,string
Dharmapuri,ಧರ್ಮಪುರಿ,string
Dharmeswar Konwar,ಧರ್ಮೇಶ್ವರ ಕೊನ್ವಾರ್,string
Dhekiajuli,ದೆಕಿಯಾಜುಲಿ,string
Dhemaji,ಧೇಮಾಜಿ,string
Dhemaji (ST),ಧೇಮಾಜಿ (ಎಸ್‌ಟಿ),string
Dhiman Roy,ಧೀಮನ್ ರಾಯ್,string
Dhing,ಧಿಂಗ್,string
Dhirendra Nath Layek,ಧೀರೇಂದ್ರ ನಾಥ್ ಲಾಯೆಕ್,string
Dholai (SC),ಧೋಲೈ (ಎಸ್‌ಸಿ),string
Dhubri,ಧುಬ್ರಿ,string
Dhupguri (SC),ಧೂಪಗುರಿ (ಎಸ್‌ಸಿ),string
Diamond Harbour,ಡೈಮಂಡ್ ಹಾರ್ಬರ್,string
Dibakar Gharami,ದಿಬಾಕರ್ ಘರಾಮಿ,string
Dibrugarh,ದಿಬ್ರುಗಢ,string
Dibyendu Adhikari,ದಿಬ್ಯೇಂದು ಅಧಿಕಾರಿ,string
Diganta Barman,ದಿಗಂತ ಬರ್ಮನ್,string
Diganta Kalita,ದಿಗಂತ ಕಲಿತಾ,string
Digboi,ಡಿಗ್ಬೋಯ್,string
Dilip Ghosh,ದಿಲೀಪ್ ಘೋಷ್,string
Dilip Kumar Paul,ದಿಲೀಪ್ ಕುಮಾರ್ ಪಾಲ್,string
Dilip Mondal,ದಿಲೀಪ್ ಮೊಂಡಲ್,string
Dima Hasao,ದಿಮಾ ಹಸಾವೊ,string
Dimbeswar Das,ದಿಂಬೇಶ್ವರ ದಾಸ್,string
Dindigul,ದಿಂಡಿಗಲ್,string
Dindigul C. Sreenivaasan,ದಿಂಡಿಗಲ್ ಸಿ.ಶ್ರೀನಿವಾಸನ್,string
Dinen Roy,ದಿನೆನ್ ರಾಯ್,string
Dinhata,ದಿನ್ಹತಾ,string
Dipak Barman,ದೀಪಕ್ ಬರ್ಮನ್,string
Dipak Kumar Halder,ದೀಪಕ್ ಕುಮಾರ್ ಹಲ್ದರ್,string
Dipak Rabha,ದೀಪಕ್ ರಭಾ,string
Dipali Biswas,ದೀಪಾಲಿ ಬಿಸ್ವಾಸ್,string
Dipayan Chakraborty,ದೀಪಯನ್ ಚಕ್ರವರ್ತಿ,string
Dipendu Biswas,ದೀಪೇಂದು ಬಿಸ್ವಾಸ್,string
Diphu (ST),ದೀಪು (ಎಸ್‌ಟಿ),string
Dispur,ದಿಸ್ಪುರ್,string
Domjur,ದೊಮ್ಜೂರ್,string
Domkal,ಡೊಮ್ಕಲ್,string
Doomdooma,ಡೂಮ್ಡೂಮಾ,string
Doraikkannu R,ದೊರೈಕ್ಕಣ್ಣು ಆರ್,string
Dorsing Ronghang,ಡೋರ್ಸಿಂಗ್ ರೋಂಗ್ಹಾಂಗ್,string
Dr. Asif Mohammad Nazar,ಡಾ.ಆಸಿಫ್ ಮೊಹಮ್ಮದ್ ನಾಜರ್,string
Dr. C.K. Saraswathi,ಡಾ.ಸಿ.ಕೆ. ಸರಸ್ವತಿ,string
Dr. M. H. Jawahirullah,ಡಾ.ಎಂ.ಎಚ್.ಜವಾಹಿರುಲ್ಲಾ,string
Dr. M. Manikandan,ಡಾ.ಎಂ.ಮಣಿಕಂದನ್,string
Dr. Motiur Rohman Mondal,ಡಾ. ಮೋತಿಯುರ್ ರೋಹ್ಮನ್ ಮೊಂಡಲ್,string
Dr. Nirmal Maji,ಡಾ.ನಿರ್ಮಲ್ ಮಜಿ,string
Dr. Poongothai Aladi Aruna,ಡಾ.ಪೂಂಗೋತಾಯಿ ಅಲಾಡಿ ಅರುಣ,string
Dr. Radhakrishnan Nagar,ಡಾ. ರಾಧಾಕೃಷ್ಣನ್ ನಗರ,string
Dr. S. Muthiah,ಡಾ.ಎಸ್.ಮುತ್ತಯ್ಯ,string
Dr. T. R. B. Rajaa,ಡಾ. ಟಿ.ಆರ್. ಬಿ. ರಾಜಾ,string
Dr. T. Sadhan Tirumalaikumar,ಡಾ.ಟಿ.ಸಧನ್ ತಿರುಮಲೈಕುಮಾರ್,string
Dr. V. Muthuraja,ಡಾ.ವಿ.ಮುತ್ತುರಾಜ,string
Dr. V. Ramachandran,ಡಾ.ವಿ.ರಾಮಚಂದ್ರನ್,string
Dubrajpur (SC),ದುಬ್ರಾಜಪುರ (ಎಸ್‌ಸಿ),string
Dudhnai (ST),ದುಧನೈ (ಎಸ್‌ಟಿ),string
Dulal Chandra Bar,ದುಲಾಲ್ ಚಂದ್ರ ಬಾರ್,string
Dulal Chandra Das,ದುಲಾಲ್ ಚಂದ್ರ ದಾಸ್,string
Dulal Murmu,ದುಲಾಲ್ ಮುರ್ಮು,string
Duliajan,ದುಲಿಯಾಜನ್,string
Dum Dum,ದಮ್ ದಮ್,string
Dum Dum Uttar,ದಮ್ ದಮ್ ಉತ್ತರ,string
Durai Chandrasekar,ದುರೈ ಚಂದ್ರಶೇಖರ್,string
Durai Chandrasekaran,ದುರೈ ಚಂದ್ರಶೇಖರನ್,string
Durai Murugan,ದುರೈ ಮುರುಗನ್,string
Durai.Chandrasekaran,ದುರೈ.ಚಂದ್ರಶೇಖರನ್,string
Durga Bhumij,ದುರ್ಗಾ ಭೂಮಿಜ್,string
Durga Das Boro,ದುರ್ಗಾ ದಾಸ್ ಬೋರೋ,string
Durga Murmu,ದುರ್ಗಾ ಮುರ್ಮು,string
Durgapur Paschim,ದುರ್ಗಾಪುರ ಪಶ್ಚಿಮ,string
Durgapur Purba,ದುರ್ಗಾಪುರ ಪುರ್ಬಾ,string
E. Balasubramanian,ಇ.ಬಾಲಸುಬ್ರಮಣಿಯನ್,string
E. Chandrasekharan,ಇ.ಚಂದ್ರಶೇಖರನ್,string
E. K. Vijayan,ಇ.ಕೆ.ವಿಜಯನ್,string
E. M. Manraj,ಇ.ಎಂ.ಮನರಾಜ್,string
E. M. R. Raja,ಇ ಎಂ ಆರ್ ರಾಜಾ,string
E. P. Jayarajan,ಇ.ಪಿ.ಜಯರಾಜನ್,string
E. R. Eswaran,ಇ.ಆರ್. ಈಶ್ವರನ್,string
E. Raja,ಇ.ರಾಜ,string
E. S. Bijimol,ಇ.ಎಸ್.ಬಿಜಿಮೋಳ್,string
E. Subaya,E. ಸುಬಯ,string
E. T. Taison,ಇ.ಟಿ. ಟೈಸನ್,string
E. T. Taison Master,E. T. ಟೈಸನ್ ಮಾಸ್ಟರ್,string
E. Theeppainthan,ಇ.ತೀಪ್ಪೈಂಥನ್,string
E. V. Velu,ಇ.ವಿ.ವೇಲು,string
Edappadi,ಎಡಪ್ಪಾಡಿ,string
Edappadi K. Palaniswami,ಎಡಪ್ಪಾಡಿ ಕೆ.ಪಳನಿಸ್ವಾಮಿ,string
Egmore (SC),ಎಗ್ಮೋರ್ (ಎಸ್‌ಸಿ),string
Egra,ಎಗ್ರಾ,string
Elathur,ಎಲತ್ತೂರು,string
Eldho Abraham,ಎಲ್ದೋ ಅಬ್ರಹಾಂ,string
Eldhose Kunnappilly,ಎಲ್ದೋಸ್ ಕುನ್ನಪ್ಪಿಳ್ಳಿ,string
Emani Biswas,ಎಮಾನಿ ಬಿಸ್ವಾಸ್,string
Embalam (SC),ಎಂಬಾಲಂ (ಎಸ್‌ಸಿ),string
Embalam R. Selvam,ಎಂಬಾಲಂ ಆರ್. ಸೆಲ್ವಂ,string
Emmanuel Mosahary,ಇಮ್ಯಾನುಯೆಲ್ ಮೊಸಹರಿ,string
English Bazar,ಇಂಗ್ಲೀಷ್ ಬಜಾರ್,string
Entally,ಎಂಟಲಿ,string
Eranad,ಎರನಾಡ್,string
Eravipuram,ಎರವಿಪುರಂ,string
Ernakulam,ಎರ್ನಾಕುಲಂ,string
Erode,ಈರೋಡ್,string
Erode (East),ಈರೋಡ್ (ಪೂರ್ವ),string
Erode (West),ಈರೋಡ್ (ಪಶ್ಚಿಮ),string
Eswaran.S,ಈಶ್ವರನ್.ಎಸ್,string
Eswarappan J L,ಈಶ್ವರಪ್ಪನ್ ಜೆ ಎಲ್,string
Ettumanoor,ಎಟ್ಟುಮನೂರು,string
Ezhilan Naganathan,ಎಜಿಲನ್ ನಾಗನಾಥನ್,string
Falakata (SC),ಫಲಕಟಾ (ಎಸ್‌ಸಿ),string
Falta,ಫಾಲ್ಟಾ,string
Farakka,ಫರಕ್ಕಾ,string
Fazal Karim Miah,ಫಜಲ್ ಕರೀಂ ಮಿಯಾ,string
Firdousi Begum,ಫಿರ್ದೌಸಿ ಬೇಗಂ,string
Firhad Hakim,ಫಿರ್ಹಾದ್ ಹಕೀಮ್,string
Firoja Bibi,ಫಿರೋಜಾ ಬೀಬಿ,string
Firoza Begam,ಫಿರೋಜಾ ಬೇಗಂ,string
G Sendhil Kumar,ಜಿ ಸೆಂಧಿಲ್ ಕುಮಾರ್,string
G. Anbalagan,ಜಿ.ಅನ್ಬಳಗನ್,string
G. Arunkumar,ಜಿ.ಅರುಣಕುಮಾರ್,string
G. Chitra,ಜಿ. ಚಿತ್ರಾ,string
G. Iyappan,ಜಿ. ಐಯಪ್ಪನ್,string
G. K. Mani,ಜಿ ಕೆ ಮಣಿ,string
G. Nehru Kuppusamy,ಜಿ. ನೆಹರು ಕುಪ್ಪುಸಾಮಿ,string
G. R. Anil,ಜಿ ಆರ್ ಅನಿಲ್,string
G. S. Jayalal,ಜಿ ಎಸ್ ಜಯಲಾಲ್,string
G. Stephen,ಜಿ. ಸ್ಟೀಫನ್,string
G. Sudhakaran,ಜಿ.ಸುಧಾಕರನ್,string
G. Thalapathi,ಜಿ.ದಳಪತಿ,string
G. V. Markandayan,ಜಿ.ವಿ.ಮಾರ್ಕಂಡಯ್ಯನವರು,string
GAURIPUR,ಗೌರಿಪುರ,string
GJM,GJM,string
GOALPARA EAST,ಗೋಲ್ಪಾರಾ ಪೂರ್ವ,string
GOALPARA WEST (ST),ಗೋಲ್ಪಾರಾ ಪಶ್ಚಿಮ (ಎಸ್‌ಟಿ),string
GOHPUR,ಗೋಹಪುರ,string
GOLAGHAT,ಗೊಲಾಘಾಟ್,string
GOLAKGANJ,ಗೋಲಕ್ಗಂಜ್,string
GORESWAR,ಗೋರೇಶ್ವರ,string
GOSSAIGAON,ಗೊಸ್ಸೈಗಾಂವ್,string
GUWAHATI CENTRAL,ಗುವಾಹಟಿ ಸೆಂಟ್ರಲ್,string
Gaighata (SC),ಗೈಘಾಟ (ಎಸ್‌ಸಿ),string
Galsi (SC),ಗಲ್ಸಿ (ಎಸ್‌ಸಿ),string
Gandarvakottai,ಗಂಧರ್ವಕೋಟ್ಟೈ,string
Gandhi. R,ಗಾಂಧಿ. ಆರ್,string
Ganesan V,ಗಣೇಶನ್ ವಿ,string
Ganesh Chandra Mondal,ಗಣೇಶ್ ಚಂದ್ರ ಮಂಡಲ್,string
Ganesh Kumar Limbu,ಗಣೇಶ್ ಕುಮಾರ್ ಲಿಂಬು,string
Ganesh. R.,ಗಣೇಶ್. ಆರ್.,string
Gangarampur (SC),ಗಂಗಾರಾಮಪುರ (ಎಸ್‌ಸಿ),string
Gangavalli (SC),ಗಂಗವಲ್ಲಿ (ಎಸ್‌ಸಿ),string
Garbeta,ಗಾರ್ಬೆಟಾ,string
Gauhati East,ಗೌಹಾಟಿ ಪೂರ್ವ,string
Gauhati West,ಗೌಹಾಟಿ ಪಶ್ಚಿಮ,string
Gauripur,ಗೌರಿಪುರ,string
Gautam Chowdhuri,ಗೌತಮ್ ಚೌಧುರಿ,string
Gazole (SC),ಗಜೋಲ್ (ಎಸ್‌ಸಿ),string
Geetha . M.,ಗೀತಾ. ಎಂ.,string
Geetha Gopi,ಗೀತಾ ಗೋಪಿ,string
Geetha Jeevan. P,ಗೀತಾ ಜೀವನ. ಪಿ,string
George M. Thomas,ಜಾರ್ಜ್ ಎಂ. ಥಾಮಸ್,string
Ghatal (SC),ಘಟಲ್ (ಎಸ್‌ಸಿ),string
Giasuddin Molla,ಗಿಯಾಸುದ್ದೀನ್ ಮೊಲ್ಲಾ,string
Gingee,ಜಿಂಗೀ,string
Giri .M.P,ಗಿರಿ .ಎಂ.ಪಿ,string
Goalpara,ಗೋಲ್ಪಾರಾ,string
Goalpara East,ಗೋಲ್ಪಾರಾ ಪೂರ್ವ,string
Goalpara West,ಗೋಲ್ಪಾರಾ ಪಶ್ಚಿಮ,string
Goalpokhar,ಗೋಲ್ಪೋಖರ್,string
Gobichettipalayam,ಗೋಬಿಚೆಟ್ಟಿಪಾಳ್ಯಂ,string
Gobinda Chandra Basumatary,ಗೋಬಿಂದ ಚಂದ್ರ ಬಾಸುಮತರಿ,string
Gobinda Chandra Naskar,ಗೋಬಿಂದ ಚಂದ್ರ ನಾಸ್ಕರ್,string
Goghat (SC),ಗೋಘಾಟ್ (ಎಸ್‌ಸಿ),string
Gohpur,ಗೋಹ್ಪುರ್,string
Golaghat,ಗೋಲಾಘಾಟ್,string
Golakganj,ಗೋಲಕ್ಗಂಜ್,string
Gollapalli Srinivas Ashok,ಗೊಲ್ಲಪಲ್ಲಿ ಶ್ರೀನಿವಾಸ್ ಅಶೋಕ್,string
Gopal Chandra Saha,ಗೋಪಾಲ ಚಂದ್ರ ಸಹಾ,string
Gopiballavpur,ಗೋಪಿಬಲ್ಲವಪುರ,string
Gosaba (SC),ಗೋಸಾಬ (ಎಸ್‌ಸಿ),string
Gossaigaon,ಗೊಸಾಯಿಗಾಂವ್,string
Gouri Sankar Dutta,ಗೌರಿ ಶಂಕರ್ ದತ್ತಾ,string
Gouri Shankar Ghosh,ಗೌರಿ ಶಂಕರ್ ಘೋಷ್,string
Goutam Das,ಗೌತಮ್ ದಾಸ್,string
Goutam Deb,ಗೌತಮ್ ದೇಬ್,string
Goutam Paul,ಗೌತಮ್ ಪಾಲ್,string
Govi. Chezhiyan,ಗೋವಿ ಚೆಝಿಯಾನ್,string
Govindarasu M,ಗೋವಿಂದರಸು ಎಂ,string
Gudalur (SC),ಗುಡಲೂರು (ಎಸ್‌ಸಿ),string
Gudiyattam (SC),ಗುಡಿಯಾಟ್ಟಂ (ಎಸ್‌ಸಿ),string
Gulsan Mullick,ಗುಲ್ಸನ್ ಮುಲ್ಲಿಕ್,string
Gummidipoondi,ಗುಮ್ಮಿಡಿಪೂಂಡಿ,string
Gunasekaran S,ಗುಣಶೇಖರನ್ ಎಸ್,string
Gunindra Nath Das,ಗುಣೀಂದ್ರ ನಾಥ ದಾಸ್,string
Gurupada Mete,ಗುರುಪಾದ ಮೇಟೆ,string
Guruvayur,ಗುರುವಾಯೂರ್,string
H. Salam,ಎಚ್ ಸಲಾಂ,string
H. Vasanthakumar,ಎಚ್.ವಸಂತಕುಮಾರ್,string
HAFLONG (ST),ಹ್ಯಾಫ್ಲಾಂಗ್ (ಎಸ್‌ಟಿ),string
HAILAKANDI,ಹೈಲಕಂಡಿ,string
HAJO-SUALKUCHI (SC),ಹಾಜೋ-ಸುಲ್ಕುಚಿ (ಎಸ್‌ಸಿ),string
HOJAI,ಹೋಜೈ,string
HOWARGHAT (ST),ಹೋವರ್ಘಾಟ್ (ಎಸ್‌ಟಿ),string
Habibpur (ST),ಹಬೀಬ್ಪುರ್ (ಎಸ್‌ಟಿ),string
Habra,ಹಬ್ರಾ,string
Hafiz Bashir Ahmed,ಹಫೀಜ್ ಬಶೀರ್ ಅಹಮದ್,string
Haflong (ST),ಹ್ಯಾಫ್ಲಾಂಗ್ (ಎಸ್‌ಟಿ),string
Haider Aziz Safwi,ಹೈದರ್ ಅಜೀಜ್ ಸಫ್ವಿ,string
Hailakandi,ಹೈಲಕಂಡಿ,string
Haji Nurul Islam,ಹಾಜಿ ನೂರುಲ್ ಇಸ್ಲಾಂ,string
Hajo,ಹಾಜೋ,string
Haldia (SC),ಹಲ್ದಿಯಾ (ಎಸ್‌ಸಿ),string
Hamidul Rahaman,ಹಮೀದುಲ್ ರಹಮಾನ್,string
Hamidul Rahman,ಹಮೀದುಲ್ ರೆಹಮಾನ್,string
Hansan,ಹಂಸನ್,string
Haora,ಹೌರಾ,string
Harakali Protiher,ಹರಕಲಿ ಪ್ರೋತಿಹೆರ್,string
Harbour,ಬಂದರು,string
Hareram Singh,ಹರೇರಾಮ್ ಸಿಂಗ್,string
Hariharpara,ಹರಿಹರಪರ,string
Haringhata (SC),ಹರಿಂಗಟಾ (ಎಸ್‌ಸಿ),string
Haripad,ಹರಿಪಾದ್,string
Haripal,ಹರಿಪಾಲ್,string
Harirampur,ಹರಿರಾಂಪುರ,string
Harishchandrapur,ಹರಿಶ್ಚಂದ್ರಾಪುರ,string
Haroa,ಹರೋವಾ,string
Harur (SC),ಹರೂರ್ (ಎಸ್‌ಸಿ),string
Hasanuzzaman Sk,ಹಸನುಜ್ಜಮಾನ್ Sk,string
Hemanga Thakuria,ಹೇಮಂಗ ಠಾಕುರಿಯಾ,string
Hemtabad (SC),ಹೆಮ್ತಾಬಾದ್ (ಎಸ್‌ಸಿ),string
Hibi Eden,ಹೈಬಿ ಈಡನ್,string
Himanta Biswa Sarma,ಹಿಮಂತ ಬಿಸ್ವಾ ಶರ್ಮಾ,string
Hingalganj (SC),ಹಿಂಗಲಗಂಜ್ (ಎಸ್‌ಸಿ),string
Hiran Chatterjee,ಹಿರಣ್ ಚಟರ್ಜಿ,string
Hiten Barman,ಹಿಟೆನ್ ಬರ್ಮನ್,string
Hitendra Nath Goswami,ಹಿತೇಂದ್ರ ನಾಥ್ ಗೋಸ್ವಾಮಿ,string
Hojai,ಹೋಜೈ,string
Hosur,ಹೊಸೂರು,string
Howraghat (ST),ಹೌಘಾಟ್ (ಎಸ್‌ಟಿ),string
Howrah Dakshin,ಹೌರಾ ದಕ್ಷಿಣ,string
Howrah Madhya,ಹೌರಾ ಮಧ್ಯ,string
Howrah Uttar,ಹೌರಾ ಉತ್ತರ,string
Hugli,ಹುಗ್ಲಿ,string
Humayun Kabir,ಹುಮಾಯೂನ್ ಕಬೀರ್,string
Humayun Reza,ಹುಮಾಯೂನ್ ರೆಜಾ,string
I. B. Satheesh,I. B. ಸತೀಶ್,string
I. B. Sathish,ಐ ಬಿ ಸತೀಶ್,string
I. C. Balakrishnan,I. C. ಬಾಲಕೃಷ್ಣನ್,string
I. Karunanithi,I. ಕರುಣಾನಿತಿ,string
I. P. Senthil Kumar,I. P. ಸೆಂಥಿಲ್ ಕುಮಾರ್,string
I. Paranthamen,I. ಪರಂತಮೆನ್,string
I. Periyasamy,I. ಪೆರಿಯಸಾಮಿ,string
I. S. Inbadurai,I. S. ಇನ್ಬದುರೈ,string
INC,INC,string
IND,IND,string
INL,INL,string
ISF,ISF,string
IUML,IUML,string
Idream R. Murthy,ಐಡ್ರೀಮ್ ಆರ್.ಮೂರ್ತಿ,string
Idris Ali,ಇದ್ರಿಸ್ ಅಲಿ,string
Idukki,ಇಡುಕ್ಕಿ,string
Ilias Ali,ಇಲಿಯಾಸ್ ಅಲಿ,string
Inbasekaran. P.N.P.,ಇನ್ಬಶೇಖರನ್. ಪಿ.ಎನ್.ಪಿ.,string
Indas,ಇಂದಾಸ್,string
Indira Nagar,ಇಂದಿರಾ ನಗರ,string
Indranil Sen,ಇಂದ್ರನೀಲ್ ಸೇನ್,string
Inigo S. Irudayaraj,ಇನಿಗೋ ಎಸ್.ಇರುದಯರಾಜ್,string
Iqbal Ahmed,ಇಕ್ಬಾಲ್ ಅಹಮದ್,string
Irikkur,ಇರಕ್ಕೂರು,string
Irinjalakuda,ಇರಿಂಜಲಕುಡ,string
Isha Khan Choudhury,ಇಶಾ ಖಾನ್ ಚೌಧರಿ,string
Islampur,ಇಸ್ಲಾಂಪುರ,string
Itahar,ಇತಾಹಾರ್,string
J. Anbazhagan,ಜೆ. ಅನ್ಬಳಗನ್,string
J. Chinchu Rani,ಜೆ. ಚಿಂಚು ರಾಣಿ,string
J. G. Prince,ಜೆ ಜಿ ಪ್ರಿನ್ಸ್,string
J. Jayalalithaa,ಜೆ. ಜಯಲಲಿತಾ,string
J. John Ebenezer,ಜೆ. ಜಾನ್ ಎಬೆನೆಜರ್,string
J. Karunanithi,ಜೆ.ಕರುಣಾನಿತಿ,string
J. L. Eswarappan,ಜೆ ಎಲ್ ಈಶ್ವರಪ್ಪನ್,string
J. Mercy Kutty Amma,ಜೆ. ಮರ್ಸಿ ಕುಟ್ಟಿ ಅಮ್ಮ,string
J. Prakash Kumar,ಜೆ.ಪ್ರಕಾಶ್ ಕುಮಾರ್,string
JAGIROAD (SC),ಜಾಗಿರೋಡ್ (ಎಸ್‌ಸಿ),string
JALESHWAR,ಜಲೇಶ್ವರ,string
JALUKBARI,ಜಲುಕ್ಬರಿ,string
JD(S),ಜೆಡಿ(ಎಸ್),string
JKC,ಜೆಕೆಸಿ,string
JONAI (ST),ಜೋನೈ (ಎಸ್‌ಟಿ),string
JORHAT,ಜೋರ್ಹತ್,string
Jadab Sawargiary,ಜದಾಬ್ ಸಾವರ್ಗಿಯಾರಿ,string
Jadavpur,ಜಾದವಪುರ,string
Jafikul Islam,ಜಾಫಿಕುಲ್ ಇಸ್ಲಾಂ,string
Jagadish Barma Basunia,ಜಗದೀಶ್ ಬರ್ಮಾ ಬಸುನಿಯಾ,string
Jagannath Sarkar,ಜಗನ್ನಾಥ್ ಸರ್ಕಾರ್,string
Jagatballavpur,ಜಗತ್ಬಲ್ಲವಪುರ,string
Jagatdal,ಜಗತ್ತಲ್,string
Jagiroad (SC),ಜಾಗಿರೋಡ್ (ಎಸ್‌ಸಿ),string
Jahanara Khan,ಜಹನಾರಾ ಖಾನ್,string
Jakir Hossain,ಜಾಕಿರ್ ಹೊಸೈನ್,string
Jakir Hussain Sikdar,ಜಾಕಿರ್ ಹುಸೇನ್ ಸಿಕ್ದರ್,string
Jalangi,ಜಾಲಂಗಿ,string
Jaleswar,ಜಲೇಶ್ವರ,string
Jalpaiguri,ಜಲ್ಪೈಗುರಿ,string
Jalpaiguri (SC),ಜಲ್ಪೈಗುರಿ (ಎಸ್‌ಸಿ),string
Jalukbari,ಜಲುಕ್ಬರಿ,string
Jamalpur (SC),ಜಮಾಲ್ಪುರ್ (ಎಸ್‌ಸಿ),string
James Kujur,ಜೇಮ್ಸ್ ಕುಜೂರ್,string
James Mathew,ಜೇಮ್ಸ್ ಮ್ಯಾಥ್ಯೂ,string
Jamunamukh,ಜಮುನಾಮುಖ,string
Jamuria,ಜಮುರಿಯಾ,string
Jangipara,ಜಂಗಿಪಾರ,string
Jangipur,ಜಂಗೀಪುರ,string
Jania,ಜಾನಿಯಾ,string
Jatu Lahiri,ಜತು ಲಾಹಿರಿ,string
Javed Ahmed Khan,ಜಾವೇದ್ ಅಹಮದ್ ಖಾನ್,string
Jayankondam,ಜಯಂಕೊಂಡಂ,string
Jayanta Malla Baruah,ಜಯಂತ ಮಲ್ಲ ಬರುವಾ,string
Jayanta Naskar,ಜಯಂತ ನಾಸ್ಕರ್,string
Jayanthi Padmanabhan .C,ಜಯಂತಿ ಪದ್ಮನಾಭನ್ .ಸಿ,string
Jayaramakrishnan R,ಜಯರಾಮಕೃಷ್ಣ ಆರ್,string
Jaynagar (SC),ಜಯನಗರ (ಎಸ್‌ಸಿ),string
Jhargram,ಜಾರ್ಗ್ರಾಮ್,string
Jiban Krishna Saha,ಜಿಬನ್ ಕೃಷ್ಣ ಸಹಾ,string
Jiban Mukhopadhyay,ಜಿಬನ್ ಮುಖೋಪಾಧ್ಯಾಯ,string
Jitendra Tiwari,ಜಿತೇಂದ್ರ ತಿವಾರಿ,string
Jitu Goswami,ಜಿತು ಗೋಸ್ವಾಮಿ,string
Job Michael,ಜಾಬ್ ಮೈಕೆಲ್,string
Jogaranjan Halder,ಜೋಗರಂಜನ್ ಹಾಲ್ದರ್,string
Jogen Mohan,ಜೋಗೆನ್ ಮೋಹನ್,string
Jolarpet,ಜೋಲಾರಪೇಟೆ,string
Jonai (ST),ಜೋನೈ (ಎಸ್‌ಟಿ),string
Jorasanko,ಜೋರಾಸಾಂಕೊ,string
Jorhat,ಜೋರ್ಹತ್,string
Joseph Samuel,ಜೋಸೆಫ್ ಸ್ಯಾಮ್ಯುಯೆಲ್,string
Joyanta Basumatary,ಜೋಯಂತ ಬಾಸುಮತರಿ,string
Joydeb Halder,ಜೋಯ್ಡೆಬ್ ಹಾಲ್ಡರ್,string
Joyel Murmu,ಜೋಯಲ್ ಮುರ್ಮು,string
Joypur,ಜಾಯ್ಪುರ್,string
June Malia,ಜೂನ್ ಮಾಲಿಯಾ,string
Jyotipriya Mallick,ಜ್ಯೋತಿಪ್ರಿಯಾ ಮಲ್ಲಿಕ್,string
Jyotirmoy Kar,ಜ್ಯೋತಿರ್ಮಯ್ ಕರ್,string
Jyotsna Mandi,ಜ್ಯೋತ್ಸ್ನಾ ಮಂದಿ,string
K. A. M. Muhammed Abubacker,ಕೆ ಎ ಎಂ ಮುಹಮ್ಮದ್ ಅಬೂಬಕರ್,string
K. A. Pandian,ಕೆ.ಎ.ಪಾಂಡಿಯನ್,string
K. A. Sengottaiyan,ಕೆ.ಎ.ಸೆಂಗೊಟ್ಟಯ್ಯನ್,string
K. A. U. Asana,ಕೆ.ಎ.ಯು.ಆಸನ,string
K. Annadurai,ಕೆ. ಅಣ್ಣಾದೊರೈ,string
K. Ansalan,ಕೆ. ಅನ್ಸಲನ್,string
K. Ashok Kumar,ಕೆ.ಅಶೋಕ್ ಕುಮಾರ್,string
K. B. Ganesh Kumar,ಕೆ ಬಿ ಗಣೇಶ್ ಕುಮಾರ್,string
K. Babu,ಕೆ. ಬಾಬು,string
K. C. Joseph,ಕೆ ಸಿ ಜೋಸೆಫ್,string
K. C. Karuppannan,ಕೆ ಸಿ ಕರುಪ್ಪಣ್ಣನ್,string
K. Chinnappa,ಕೆ.ಚಿನ್ನಪ್ಪ,string
K. D. Prasenan,ಕೆ.ಡಿ.ಪ್ರಸೇನನ್,string
K. Dasan,ಕೆ. ದಾಸನ್,string
K. Devaraji,ಕೆ.ದೇವರಾಜಿ,string
K. Ganapathy,ಕೆ.ಗಣಪತಿ,string
K. J. Maxi,ಕೆ.ಜೆ.ಮ್ಯಾಕ್ಸಿ,string
K. K. Abid Hussain Thangal,ಕೆ.ಕೆ.ಆಬಿದ್ ಹುಸೇನ್ ತಂಗಳ್,string
K. K. Ramachandran,ಕೆ.ಕೆ.ರಾಮಚಂದ್ರನ್,string
K. K. Ramachandran Nair,ಕೆ.ಕೆ.ರಾಮಚಂದ್ರನ್ ನಾಯರ್,string
K. K. Rema,ಕೆ ಕೆ ರೆಮಾ,string
K. K. Selvam,ಕೆ ಕೆ ಸೆಲ್ವಂ,string
K. K. Shailaja,ಕೆ.ಕೆ.ಶೈಲಜಾ,string
K. Karthikeyan,ಕೆ. ಕಾರ್ತಿಕೇಯನ್,string
K. Kathirkamu,ಕೆ. ಕಾತಿರ್ಕಾಮು,string
K. Krishnankutty,ಕೆ.ಕೃಷ್ಣನ್ಕುಟ್ಟಿ,string
K. Kunhiraman,ಕೆ.ಕುಂಞಿರಾಮನ್,string
K. Lakshminarayanan,ಕೆ.ಲಕ್ಷ್ಮಿನಾರಾಯಣ,string
K. M. Mani,ಕೆ ಎಂ ಮಣಿ,string
K. M. Sachin Dev,ಕೆ ಎಂ ಸಚಿನ್ ದೇವ್,string
K. M. Shaji,ಕೆ.ಎಂ.ಶಾಜಿ,string
K. Manickam,ಕೆ. ಮಾಣಿಕ್ಕಂ,string
K. Marimuthu,ಕೆ.ಮರಿಮುತ್ತು,string
K. Muraleedharan,ಕೆ.ಮುರಳೀಧರನ್,string
K. Muthuramalingam,ಕೆ.ಮುತ್ತುರಾಮಲಿಂಗಂ,string
K. N. Balagopal,ಕೆ.ಎನ್.ಬಾಲಗೋಪಾಲ್,string
K. N. Nehru,ಕೆ ಎನ್ ನೆಹರು,string
K. N. Unnikrishnan,ಕೆ.ಎನ್.ಉನ್ನಿಕೃಷ್ಣನ್,string
K. N. Vijayakumar,ಕೆ.ಎನ್.ವಿಜಯಕುಮಾರ್,string
K. P. A. Majeed,ಕೆ.ಪಿ.ಎ.ಮಜೀದ್,string
K. P. Anbalagan,ಕೆ.ಪಿ.ಅನ್ಬಳಗನ್,string
K. P. Kunhammadkutty,ಕೆ.ಪಿ.ಕುಂಞಮ್ಮದ್ಕುಟ್ಟಿ,string
K. P. Mohanan,ಕೆ.ಪಿ.ಮೋಹನನ್,string
K. P. Munusamy,ಕೆ.ಪಿ.ಮುನುಸಾಮಿ,string
K. P. P. Baskar,ಕೆ ಪಿ ಪಿ ಬಾಸ್ಕರ್,string
K. P. P. Samy,ಕೆ.ಪಿ.ಪಿ.ಸಾಮಿ,string
K. P. Shankar,ಕೆ ಪಿ ಶಂಕರ್,string
K. Pandiarajan,ಕೆ.ಪಾಂಡಿಯರಾಜನ್,string
K. Pitchandi,ಕೆ. ಪಿಚ್ಚಂಡಿ,string
K. Ponmudy,ಕೆ.ಪೊನ್ಮುಡಿ,string
K. Ponnusamy,ಕೆ.ಪೊನ್ನುಸಾಮಿ,string
K. Poondi Kalaivanan,ಕೆ.ಪೂಂಡಿ ಕಲೈವನನ್,string
K. Premkumar,ಕೆ.ಪ್ರೇಮಕುಮಾರ್,string
K. R. Jayaram,ಕೆ ಆರ್ ಜಯರಾಮ್,string
K. R. Periyakaruppan,ಕೆ.ಆರ್. ಪೆರಿಯಕರುಪ್ಪನ್,string
K. Radhakrishnan,ಕೆ. ರಾಧಾಕೃಷ್ಣನ್,string
K. Rajan,ಕೆ.ರಾಜನ್,string
K. Raju,ಕೆ.ರಾಜು,string
K. Ramachandran,ಕೆ. ರಾಮಚಂದ್ರನ್,string
K. S. Masthan,ಕೆ ಎಸ್ ಮಸ್ತಾನ್,string
K. S. Ravichandran,ಕೆ ಎಸ್ ರವಿಚಂದ್ರನ್,string
K. S. Sabarinathan,ಕೆ ಎಸ್ ಶಬರಿನಾಥನ್,string
K. S. Saravana Kumar,ಕೆ ಎಸ್ ಸರವಣ ಕುಮಾರ್,string
K. S. Vijayakumar,ಕೆ ಎಸ್ ವಿಜಯಕುಮಾರ್,string
K. Selvaperunthagai,ಕೆ.ಸೆಲ್ವಪೆರುಂತಗಿ,string
K. Selvaraj,ಕೆ.ಸೆಲ್ವರಾಜ್,string
K. Sethu Sethuselvam,ಕೆ. ಸೇತು ಸೇತುಸೆಲ್ವಂ,string
K. Shanthakumari,ಕೆ.ಶಾಂತಕುಮಾರಿ,string
K. Sivagama Sundari,ಕೆ.ಶಿವಾಗಮ ಸುಂದರಿ,string
K. Sundar,ಕೆ.ಸುಂದರ್,string
K. Suresh Kurup,ಕೆ.ಸುರೇಶ್ ಕುರುಪ್,string
K. T. Jaleel,ಕೆ ಟಿ ಜಲೀಲ್,string
K. T. Rajenthrabhalaji,ಕೆ.ಟಿ.ರಾಜೇಂದ್ರಭಾಲಾಜಿ,string
K. U. Arunan,ಕೆ.ಯು.ಅರುಣನ್,string
K. U. Jenish Kumar,ಕೆ ಯು ಜೆನೀಶ್ ಕುಮಾರ್,string
K. V. Abdul Khader,ಕೆ ವಿ ಅಬ್ದುಲ್ ಖಾದರ್,string
K. V. Sumesh,ಕೆ ವಿ ಸುಮೇಶ್,string
K. V. Vijayadas,ಕೆ.ವಿ.ವಿಜಯದಾಸ್,string
KALIABOR,ಕಲಿಯಬೋರ್,string
KAMALPUR,ಕಮಲಾಪುರ,string
KARIMGANJ NORTH,ಕರೀಮ್ಗಂಜ್ ಉತ್ತರ,string
KARIMGANJ SOUTH,ಕರೀಮ್ಗಂಜ್ ದಕ್ಷಿಣ,string
KATIGORAH,ಕಟಿಗೋರಾ,string
KC(B),ಕೆಸಿ(ಬಿ),string
KC(J),ಕೆಸಿ(ಜೆ),string
KC(M),ಕೆಸಿ(ಎಂ),string
KHOWANG,ಖೋವಾಂಗ್,string
KHUMTAI,ಖುಮ್ತಾಯಿ,string
KMDK,KMDK,string
KOKRAJHAR (ST),ಕೊಕ್ರಜಾರ್ (ಎಸ್‌ಟಿ),string
Ka. So. Ka. Kannan,ಕಾ. ಆದ್ದರಿಂದ. ಕಾ. ಕಣ್ಣನ್,string
Kadakampally Surendran,ಕಡಕಂಪಲ್ಲಿ ಸುರೇಂದ್ರನ್,string
Kadambur C. Raju,ಕಡಂಬೂರು ಸಿ.ರಾಜು,string
Kadambur Raju,ಕಡಂಬೂರ್ ರಾಜು,string
Kadannappalli Ramachandran,ಕಡನ್ನಪ್ಪಲ್ಲಿ ರಾಮಚಂದ್ರನ್,string
Kadayanallur,ಕಡಯನಲ್ಲೂರು,string
Kadirkamam,ಕದಿರ್ಕಾಮಮ್,string
Kaduthuruthy,ಕಡುತುರುತಿ,string
Kaipamangalam,ಕೈಪಮಂಗಲಂ,string
Kajal Sinha,ಕಾಜಲ್ ಸಿನ್ಹಾ,string
Kakdwip,ಕಾಕದ್ವೀಪ್,string
Kalaigaon,ಕಲೈಗಾಂವ್,string
Kalaignar M Karunanidhi,ಕಲೈಂಜರ್ ಎಂ ಕರುಣಾನಿಧಿ,string
Kalaiselvan V T,ಕಲೈಸೆಲ್ವನ್ ವಿ ಟಿ,string
Kalamassery,ಕಲಮಸ್ಸೆರಿ,string
Kalapet,ಕಲಾಪೇಟ್,string
Kalasapakkam,ಕಳಸಪಕ್ಕಂ,string
Kalchini (ST),ಕಲ್ಚಿನಿ (ಎಸ್‌ಟಿ),string
Kaliabor,ಕಲಿಯಬೋರ್,string
Kaliaganj (SC),ಕಲಿಯಾಗಂಜ್ (ಎಸ್‌ಸಿ),string
Kaliganj,ಕಲಿಗಂಜ್,string
Kalimpong,ಕಾಲಿಂಪಾಂಗ್,string
Kalimuthu. V.S,ಕಾಳಿಮುತ್ತು. ವಿ.ಎಸ್,string
Kalipada Mandal,ಕಲಿಪದ ಮಂಡಲ,string
Kallakurichi (SC),ಕಲ್ಲಕುರಿಚಿ (ಎಸ್‌ಸಿ),string
Kalliasseri,ಕಳ್ಳಿಯಸ್ಸೆರಿ,string
Kallol Khan,ಕಲ್ಲೋಲ್ ಖಾನ್,string
Kalna (SC),ಕಲ್ನಾ (ಎಸ್‌ಸಿ),string
Kalpetta,ಕಲ್ಪೆಟ್ಟಾ,string
Kalyan Ghosh,ಕಲ್ಯಾಣ ಘೋಷ್,string
Kalyani (SC),ಕಲ್ಯಾಣಿ (ಎಸ್‌ಸಿ),string
Kamal Singh Narzary,ಕಮಲ್ ಸಿಂಗ್ ನರ್ಜಾರಿ,string
Kamalakanta Hansda,ಕಮಲಾಕಾಂತ ಹಂಸದಾ,string
Kamalakhya Dey Purkayastha,ಕಮಲಾಖ್ಯಾ ದೇ ಪುರಕಾಯಸ್ತ,string
Kamalesh Chatterjee,ಕಮಲೇಶ್ ಚಟರ್ಜಿ,string
Kamalpur,ಕಮಲಾಪುರ,string
Kamaraj Nagar,ಕಾಮರಾಜ್ ನಗರ,string
Kamaraj. R,ಕಾಮರಾಜ್. ಆರ್,string
Kamarhati,ಕಮರ್ಹತಿ,string
Kamrup,ಕಾಮರೂಪ,string
Kamrup Metropolitan,ಕಾಮರೂಪ್ ಮೆಟ್ರೋಪಾಲಿಟನ್,string
Kanagaraj. R.,ಕನಕರಾಜ್. ಆರ್.,string
Kanai Chandra Mondal,ಕನೈ ಚಂದ್ರ ಮೊಂಡಲ್,string
Kanaia Lal Agarwal,ಕನೈಯಾ ಲಾಲ್ ಅಗರ್ವಾಲ್,string
Kanathil Jameela,ಕಾನತಿಲ್ ಜಮೀಲಾ,string
Kanchan Mullick,ಕಾಂಚನ್ ಮಲ್ಲಿಕ್,string
Kancheepuram,ಕಾಂಚೀಪುರಂ,string
Kandi,ಕಂಡಿ,string
Kangayam,ಕಂಗಾಯಂ,string
Kanhangad,ಕಾಞಂಗಾಡ್,string
Kanjirappally,ಕಂಜಿರಪಲ್ಲಿ,string
Kanniyakumari,ಕನ್ನಿಯಾಕುಮಾರಿ,string
Kannur,ಕಣ್ಣೂರು,string
Kanthi Dakshin,ಕಂಠಿ ದಕ್ಷಿಣ,string
Kanthi Uttar,ಕಂಠಿ ಉತ್ತರ,string
Karabi Manna,ಕರಾಬಿ ಮನ್ನಾ,string
Karaikal,ಕಾರೈಕಲ್,string
Karaikal North,ಕಾರೈಕಲ್ ಉತ್ತರ,string
Karaikal South,ಕಾರೈಕಲ್ ದಕ್ಷಿಣ,string
Karaikudi,ಕಾರೈಕುಡಿ,string
Karandighi,ಕರಂದಿಘಿ,string
Karat Razack,ಕಾರಟ್ ರಜಾಕ್,string
Karbi Anglong,ಕರ್ಬಿ ಆಂಗ್ಲಾಂಗ್,string
Karim Uddin Barbhuiya,ಕರೀಂ ಉದ್ದೀನ್ ಬರ್ಭುಯ್ಯಾ,string
Karimganj North,ಕರೀಂಗಂಜ್ ಉತ್ತರ,string
Karimganj South,ಕರೀಂಗಂಜ್ ದಕ್ಷಿಣ,string
Karimpur,ಕರೀಂಪುರ,string
Karthik. N.,ಕಾರ್ತಿಕ್. ಎನ್.,string
Karthikeyan,ಕಾರ್ತಿಕೇಯನ್,string
Karthikeyan.K,ಕಾರ್ತಿಕೇಯನ್.ಕೆ,string
Karunaas,ಕರುಣಾಸ್,string
Karunagapally,ಕರುನಾಗಪಲ್ಲಿ,string
Karunanithi. I,ಕರುಣಾನಿತಿ. I,string
Karuppanan K C,ಕರುಪ್ಪನನ್ ಕೆ ಸಿ,string
Karur,ಕರೂರ್,string
Kasaragod,ಕಾಸರಗೋಡು,string
Kasba,ಕಸ್ಬಾ,string
Kashipur,ಕಾಶಿಪುರ,string
Kashipur-Belgachhia,ಕಾಶಿಪುರ-ಬೆಲ್ಗಾಚಿಯಾ,string
Kasthuri Vasu. V.,ಕಸ್ತೂರಿ ವಾಸು. ವಿ.,string
Kasturi Das,ಕಸ್ತೂರಿ ದಾಸ್,string
Katigorah,ಕಟಿಗೋರಾಹ್,string
Katlicherra,ಕಟ್ಲಿಚೆರ್ರಾ,string
Katpadi,ಕಟಪಾಡಿ,string
Kattakkada,ಕಟ್ಟಕ್ಕಡ,string
Kattumannarkoil (SC),ಕಟ್ಟುಮನ್ನಾರ್ಕೋಯಿಲ್ (ಎಸ್‌ಸಿ),string
Katulpur (SC),ಕತುಲ್ಪುರ್ (ಎಸ್‌ಸಿ),string
Katwa,ಕತ್ವಾ,string
Kaushik Rai,ಕೌಶಿಕ್ ರೈ,string
Kaushik Roy,ಕೌಶಿಕ್ ರಾಯ್,string
Kavundampalayam,ಕವುಂಡಂಪಾಳ್ಯಂ,string
Kayamkulam,ಕಾಯಂಕುಲಂ,string
Kazhakkoottam,ಕಝಕ್ಕೂಟಂ,string
Kerala Congress (B),ಕೇರಳ ಕಾಂಗ್ರೆಸ್ (ಬಿ),string
Kerala Congress (Jacob),ಕೇರಳ ಕಾಂಗ್ರೆಸ್ (ಜೇಕಬ್),string
Kerala Congress (Mani),ಕೇರಳ ಕಾಂಗ್ರೆಸ್ (ಮಣಿ),string
Keshab Mahanta,ಕೇಶಬ್ ಮಹಾಂತ,string
Keshiary (ST),ಕೇಶಿಯಾರಿ (ಎಸ್‌ಟಿ),string
Keshpur (SC),ಕೇಶ್ಪುರ್ (ಎಸ್‌ಸಿ),string
Ketugram,ಕೇತುಗ್ರಾಮ,string
Khagen Murmu,ಖಗೆನ್ ಮುರ್ಮು,string
Khagendra Nath Mahata,ಖಗೇಂದ್ರ ನಾಥ್ ಮಹಾತಾ,string
Khagendranath Hembram,ಖಗೇಂದ್ರನಾಥ ಹೆಂಬರಂ,string
Khageswar Roy,ಖಗೇಶ್ವರ ರಾಯ್,string
Khalil Uddin Mazumder,ಖಲೀಲ್ ಉದ್ದೀನ್ ಮಜುಂದಾರ್,string
Khanakul,ಖಾನಕುಲ್,string
Khandaghosh (SC),ಖಂಡಘೋಷ್ (ಎಸ್‌ಸಿ),string
Kharagpur,ಖರಗ್ಪುರ,string
Kharagpur Sadar,ಖರಗ್ಪುರ್ ಸದರ್,string
Khardaha,ಖರ್ದಾಹ,string
Khargram (SC),ಖಾರ್ಗ್ರಾಮ್ (ಎಸ್‌ಸಿ),string
Khejuri (SC),ಖೆಜುರಿ (ಎಸ್‌ಸಿ),string
Khokan Das,ಖೋಕನ್ ದಾಸ್,string
Khumtai,ಖುಮ್ತೈ,string
Killiyoor,ಕಿಲ್ಲಿಯೂರು,string
Kilpennathur,ಕಿಲ್ಪೆನ್ನತ್ತೂರ್,string
Kilvaithinankuppam(sc,ಕಿಲ್ವೈತಿನಂಕುಪ್ಪಂ(sc,string
Kilvelur (SC),ಕಿಲ್ವೇಲೂರ್ (ಎಸ್‌ಸಿ),string
Kinathukadavu,ಕಿನಾತುಕಡವು,string
Kishor Nath,ಕಿಶೋರ ನಾಥ್,string
Koch Bihar,ಕೋಚ್ ಬಿಹಾರ,string
Kochi,ಕೊಚ್ಚಿ,string
Kodungallur,ಕೊಡುಂಗಲ್ಲೂರು,string
Koduvally,ಕೊಡುವಳ್ಳಿ,string
Kokrajhar,ಕೊಕ್ರಜಾರ್,string
Kokrajhar East (ST),ಕೊಕ್ರಜಾರ್ ಪೂರ್ವ (ಎಸ್‌ಟಿ),string
Kokrajhar West (ST),ಕೊಕ್ರಜಾರ್ ಪಶ್ಚಿಮ (ಎಸ್‌ಟಿ),string
Kolathur,ಕೊಳತ್ತೂರು,string
Kolkata,ಕೋಲ್ಕತ್ತಾ,string
Kolkata Port,ಕೋಲ್ಕತ್ತಾ ಬಂದರು,string
Kollam,ಕೊಲ್ಲಂ,string
Kondotty,ಕೊಂಡೊಟ್ಟಿ,string
Kongad,ಕೊಂಗಾಡ್,string
Konni,ಕೊನ್ನಿ,string
Kothamangalam,ಕೋತಮಂಗಲಂ,string
Kothandapani. M,ಕೋತಂಡಪಾಣಿ. ಎಂ,string
Kottakkal,ಕೊಟ್ಟಕ್ಕಲ್,string
Kottarakkara,ಕೊಟ್ಟಾರಕ್ಕರ,string
Kottayam,ಕೊಟ್ಟಾಯಂ,string
Kovalam,ಕೋವಲಂ,string
Kovilpatti,ಕೋವಿಲ್ಪಟ್ಟಿ,string
Kovoor Kunjumon,ಕೋವೂರ್ ಕುಂಜುಮೋನ್,string
Koyilandy,ಕೊಯಿಲಾಂಡಿ,string
Kozhikode,ಕೋಝಿಕ್ಕೋಡ್,string
Kozhikode North,ಕೋಝಿಕ್ಕೋಡ್ ಉತ್ತರ,string
Kozhikode South,ಕೋಝಿಕ್ಕೋಡ್ ದಕ್ಷಿಣ,string
Krishna Chandra Santra,ಕೃಷ್ಣ ಚಂದ್ರ ಸಂತ್ರ,string
Krishna Kalyani,ಕೃಷ್ಣ ಕಲ್ಯಾಣಿ,string
Krishna Kamal Tanti,ಕೃಷ್ಣ ಕಮಲ್ ತಂತಿ,string
Krishnaganj (SC),ಕೃಷ್ಣಗಂಜ್ (ಎಸ್‌ಸಿ),string
Krishnagiri,ಕೃಷ್ಣಗಿರಿ,string
Krishnanagar Dakshin,ಕೃಷ್ಣನಗರ ದಕ್ಷಿಣ,string
Krishnanagar Uttar,ಕೃಷ್ಣನಗರ ಉತ್ತರ,string
Krishnarayapuram (SC),ಕೃಷ್ಣರಾಯಪುರಂ (ಎಸ್‌ಸಿ),string
Krishnendu Paul,ಕೃಷ್ಣೇಂದು ಪಾಲ್,string
Kulithalai,ಕುಳಿತಲೈ,string
Kulpi,ಕುಲ್ಪಿ,string
Kultali (SC),ಕುಲ್ತಾಲಿ (ಎಸ್‌ಸಿ),string
Kulti,ಕುಲ್ಟಿ,string
Kumaraguru. R.,ಕುಮಾರಗುರು. ಆರ್.,string
Kumarapalayam,ಕುಮಾರಪಾಳ್ಯಂ,string
Kumarganj,ಕುಮಾರ್ಗಂಜ್,string
Kumargram (ST),ಕುಮಾರಗ್ರಾಮ್ (ಎಸ್‌ಟಿ),string
Kumbakonam,ಕುಂಭಕೋಣಂ,string
Kundara,ಕುಂದರ,string
Kunnam,ಕುನ್ನಮ್,string
Kunnamangalam,ಕುನ್ನಮಂಗಲಂ,string
Kunnamkulam,ಕುನ್ನಂಕುಲಂ,string
Kunnathunad,ಕುನ್ನತುನಾಡ್,string
Kunnathur,ಕುನ್ನತ್ತೂರು,string
Kurinjipadi,ಕುರಿಂಜಿಪಾಡಿ,string
Kurseong,ಕುರ್ಸಿಯೊಂಗ್,string
Kurukkoli Moideen,ಕುರುಕ್ಕೋಳಿ ಮೊಯ್ದೀನ್,string
Kushmandi (SC),ಕೂಷ್ಮಾಂಡಿ (ಎಸ್‌ಸಿ),string
Kuthuparamba,ಕುತ್ತುಪರಂಬ,string
Kuttanad,ಕುಟ್ಟನಾಡ್,string
Kuttiady,ಕುಟ್ಟಿಯಾಡಿ,string
L. Sambath,ಎಲ್.ಸಂಬತ್,string
LAHARIGHAT,ಲಹರಿಘಾಟ್,string
LAKHIMPUR,ಲಖೀಂಪುರ,string
LAKHIPUR,ಲಖೀಪುರ,string
LDF,ಎಲ್ಡಿಎಫ್,string
LJD,LJD,string
LUMDING,ಲುಮ್ಡಿಂಗ್,string
Labpur,ಲ್ಯಾಬ್ಪುರ್,string
Laharighat,ಲಹರಿಘಾಟ್,string
Lahowal,ಲಾಹೋವಲ್,string
Lakhimpur,ಲಖಿಂಪುರ,string
Lakhipur,ಲಖಿಪುರ,string
Lakshman Chandra Ghorui,ಲಕ್ಷ್ಮಣ್ ಚಂದ್ರ ಘೋರುಯಿ,string
Lalgola,ಲಾಲ್ಗೋಳ,string
Lalgudi,ಲಾಲ್ಗುಡಿ,string
Lawrence Islary,ಲಾರೆನ್ಸ್ ಇಸ್ಲಾರಿ,string
Lawspet,ಲಾಸ್ಪೆಟ್,string
Laxmi Ratan Shukla,ಲಕ್ಷ್ಮಿ ರತನ್ ಶುಕ್ಲಾ,string
Leho Ram Boro,ಲೆಹೋ ರಾಮ್ ಬೋರೋ,string
Linto Joseph,ಲಿಂಟೋ ಜೋಸೆಫ್,string
Loganathan.G,ಲೋಗನಾಥನ್.ಜಿ,string
Lumding,ಲುಮ್ಡಿಂಗ್,string
M. Abdul Wahab,ಎಂ ಅಬ್ದುಲ್ ವಹಾಬ್,string
M. Appavu,ಎಂ.ಅಪ್ಪಾವು,string
M. B. Rajesh,ಎಂ ಬಿ ರಾಜೇಶ್,string
M. Babu,ಎಂ.ಬಾಬು,string
M. Boominathan,ಎಂ. ಬೂಮಿನಾಥನ್,string
M. C. Shunmugaiah,ಎಂ ಸಿ ಶುಣ್ಮುಗಯ್ಯ,string
M. Candassamy,ಎಂ. ಚಂದಸಾಮಿ,string
M. Chakrapani,ಎಂ.ಚಕ್ರಪಾಣಿ,string
M. Chandra Prabha,ಎಂ. ಚಂದ್ರಪ್ರಭಾ,string
M. Chinnadurai,ಎಂ. ಚಿನ್ನದೊರೈ,string
M. Jaganmoorthy,ಎಂ ಜಗನ್ಮೂರ್ತಿ,string
M. K. Mohan,ಎಂ ಕೆ ಮೋಹನ್,string
M. K. Muneer,ಎಂ.ಕೆ.ಮುನೀರ್,string
M. K. Stalin,ಎಂ ಕೆ ಸ್ಟಾಲಿನ್,string
M. M. Mani,ಎಂ ಎಂ ಮಣಿ,string
M. Mathiventhan,ಎಂ. ಮತಿವೆಂಥನ್,string
M. Mukesh,ಎಂ. ಮುಖೇಶ್,string
M. N. R. Balan,ಎಂ.ಎನ್.ಆರ್.ಬಾಲನ್,string
M. Nagathiyagarajan,ಎಂ.ನಾಗತಿಯಾಗರಾಜನ್,string
M. Noushad,ಎಂ.ನೌಶಾದ್,string
M. Nuruzzaman,ಎಂ. ನೂರುಜ್ಜಮಾನ್,string
M. O. H. F. Shahjahan,M. O. H. F. ಷಹಜಹಾನ್,string
M. P. Giri,ಎಂ.ಪಿ.ಗಿರಿ,string
M. P. Saminathan,ಎಂ.ಪಿ.ಸಮಿನಾಥನ್,string
M. Palaniyandi,ಎಂ.ಪಳನಿಯಾಂಡಿ,string
M. Panneerselvam,ಎಂ. ಪನ್ನೀರಸೆಲ್ವಂ,string
M. Prabhakaran,ಎಂ. ಪ್ರಭಾಕರನ್,string
M. R. K. Panneerselvam,ಎಂಆರ್ ಕೆ ಪನ್ನೀರಸೆಲ್ವಂ,string
M. Rajagopalan,ಎಂ.ರಾಜಗೋಪಾಲನ್,string
M. Rajamuthu,ಎಂ.ರಾಜಮುತ್ತು,string
M. S. Arun Kumar,ಎಂ ಎಸ್ ಅರುಣ್ ಕುಮಾರ್,string
M. S. M. Anandan,ಎಂ.ಎಸ್.ಎಂ.ಆನಂದನ್,string
M. Senthilkumar,ಎಂ.ಸೆಂಥಿಲ್ಕುಮಾರ್,string
M. Sivasankar,ಎಂ. ಶಿವಶಂಕರ್,string
M. Subramaniam,ಎಂ. ಸುಬ್ರಮಣ್ಯಂ,string
M. Swaraj,ಎಂ. ಸ್ವರಾಜ್,string
M. Ummer,ಎಂ. ಉಮ್ಮರ್,string
M. V. Govindan,ಎಂ.ವಿ.ಗೋವಿಂದನ್,string
M. V. Omalingam,ಎಂ.ವಿ.ಓಮಲಿಂಗಂ,string
M. Vaithianathan,ಎಂ.ವೈತಿನಾಥನ್,string
M. Varalakshmi,ಎಂ.ವರಲಕ್ಷ್ಮಿ,string
M. Vijin,ಎಂ.ವಿಜಿನ್,string
M. Vincent,ಎಂ. ವಿನ್ಸೆಂಟ್,string
M.Rengasamy,ಎಂ.ರೆಂಗಸಾಮಿ,string
MAHAJOT,ಮಹಾಜೋತ್,string
MAHMORA,ಮಹ್ಮೋರಾ,string
MAJULI (ST),ಮಜುಲಿ (ಎಸ್‌ಟಿ),string
MAKUM,ಮಕುಮ್,string
MANAS,ಮನಸ್,string
MANDIA,ಮಂಡ್ಯ,string
MANGALDAI,ಮಂಗಳದಾಯಿ,string
MANKACHAR,ಮಂಕಚಾರ್,string
MARGHERITA,ಮಾರ್ಗರಿಟಾ,string
MARIANI,ಮರಿಯಾನಿ,string
MAZBAT,MAZBAT,string
MORIGAON,ಮೊರಿಗಾಂವ್,string
Ma.Subramanian,ಮಾ.ಸುಬ್ರಮಣಿಯನ್,string
Madan Mitra,ಮದನ್ ಮಿತ್ರ,string
Madarihat (ST),ಮದರಿಹತ್ (ಎಸ್‌ಟಿ),string
Madathukulam,ಮಡತುಕುಲಂ,string
Madavaram,ಮಾದವರಂ,string
Madhusudan Bag,ಮಧುಸೂದನ್ ಬ್ಯಾಗ್,string
Madhusudan Bhattacharya,ಮಧುಸೂದನ್ ಭಟ್ಟಾಚಾರ್ಯ,string
Madhusudan Ghose,ಮಧುಸೂದನ್ ಘೋಸ್,string
Madhyamgram,ಮಧ್ಯಮಗ್ರಾಮ,string
Madurai,ಮಧುರೈ,string
Madurai Central,ಮಧುರೈ ಸೆಂಟ್ರಲ್,string
Madurai East,ಮಧುರೈ ಪೂರ್ವ,string
Madurai North,ಮಧುರೈ ಉತ್ತರ,string
Madurai South,ಮಧುರೈ ದಕ್ಷಿಣ,string
Madurai West,ಮಧುರೈ ಪಶ್ಚಿಮ,string
Madurantakam (SC),ಮಧುರಾಂತಕಂ (ಎಸ್‌ಸಿ),string
Maduravoyal,ಮಧುರವಾಯಲ್,string
Magrahat Paschim,ಮಗ್ರಾಹತ್ ಪಶ್ಚಿಮ,string
Magrahat Purba (SC),ಮಗ್ರಹತ್ ಪುರ್ಬಾ (ಎಸ್‌ಸಿ),string
Mahasin Ali,ಮಹಾಸಿನ್ ಅಲಿ,string
Mahe,ಮಾಹೆ,string
Maheshtala,ಮಹೇಸ್ತಲ,string
Mahisadal,ಮಹಿಸದಲ್,string
Mahmara,ಮಹ್ಮಾರಾ,string
Mahua Moitra,ಮಹುವಾ ಮೊಯಿತ್ರಾ,string
Mailam,ಮೈಲಂ,string
Mainul Haque,ಮೈನುಲ್ ಹಕ್,string
Majbat,ಮಜ್ಬತ್,string
Majendra Narzary,ಮಜೇಂದ್ರ ನರ್ಜಾರಿ,string
Majuli,ಮಜುಲಿ,string
Majuli (ST),ಮಜುಲಿ (ಎಸ್‌ಟಿ),string
Mal (ST),ಮಾಲ್ (ಎಸ್‌ಟಿ),string
Mala Saha,ಮಾಲಾ ಸಹಾ,string
Malampuzha,ಮಲಂಪುಳ,string
Malappuram,ಮಲಪ್ಪುರಂ,string
Malati Rava Roy,ಮಾಲತಿ ರಾವ ರಾಯ್,string
Malatipur,ಮಾಲತೀಪುರ,string
Maldah,ಮಾಲ್ಡಾ,string
Maldaha (SC),ಮಲ್ದಹಾ (ಎಸ್‌ಸಿ),string
Malladi Krishna Rao,ಮಲ್ಲಾಡಿ ಕೃಷ್ಣರಾವ್,string
Mamata Banerjee,ಮಮತಾ ಬ್ಯಾನರ್ಜಿ,string
Mamata Bhunia,ಮಮತಾ ಭುನಿಯಾ,string
Manab Deka,ಮನಬ್ ದೇಕಾ,string
Manachanallur,ಮನಚನಲ್ಲೂರು,string
Manalur,ಮಣಲೂರು,string
Manamadurai (SC),ಮನಮದುರೈ (ಎಸ್‌ಸಿ),string
Mananthavady,ಮಾನಂತವಾಡಿ,string
Manapaarai,ಮನಪಾರೈ,string
Manas Bhunia,ಮಾನಸ್ ಭುನಿಯಾ,string
Manas Majumdar,ಮಾನಸ್ ಮಜುಂದಾರ್,string
Manash Mukherjee,ಮನಶ್ ಮುಖರ್ಜಿ,string
Manavely,ಮನವೇಲಿ,string
Manbazar (ST),ಮಾಂಬಜಾರ್ (ಎಸ್‌ಟಿ),string
Mandirbazar (SC),ಮಂದಿರಬಜಾರ್ (ಎಸ್‌ಸಿ),string
Mangalam,ಮಂಗಳಂ,string
Mangaldoi (SC),ಮಂಗಲ್ದೋಯ್ (ಎಸ್‌ಸಿ),string
Mangalkot,ಮಂಗಲಕೋಟ್,string
Mangobinda Adhikari,ಮಂಗೋಬಿಂದ ಅಧಿಕಾರಿ,string
Mani C. Kappan,ಮಣಿ ಸಿ. ಕಪ್ಪನ್,string
Manian.O.S,ಮಣಿಯನ್.ಒ.ಎಸ್,string
Manik Bhattacharya,ಮಾಣಿಕ್ ಭಟ್ಟಾಚಾರ್ಯ,string
Manikchak,ಮಾಣಿಕ್ಚಾಕ್,string
Maniktala,ಮಾಣಿಕ್ತಾಲಾ,string
Manirul Islam,ಮಣಿರುಲ್ ಇಸ್ಲಾಂ,string
Manjalamkuzhi Ali,ಮಂಜಾಲಂಕುಜಿ ಅಲಿ,string
Manjeri,ಮಂಜೇರಿ,string
Manjeshwaram,ಮಂಜೇಶ್ವರಂ,string
Manju Basu,ಮಂಜು ಬಸು,string
Mankachar,ಮಂಕಚಾರ್,string
Mankada,ಮಂಕಡ,string
Mannadipet,ಮನ್ನಾಡಿಪೇಟೆ,string
Mannargudi,ಮನ್ನಾರ್ಗುಡಿ,string
Mannarkkad,ಮನ್ನಾರ್ಕ್ಕಾಡ್,string
Mano Thangaraj,ಮನೋ ತಂಗರಾಜ್,string
Manodeb Sinha,ಮನೋದೇಬ್ ಸಿನ್ಹಾ,string
Manoharan A.,ಮನೋಹರನ್ ಎ.,string
Manoj Chakraborty,ಮನೋಜ್ ಚಕ್ರವರ್ತಿ,string
Manoj Kumar Oraon,ಮನೋಜ್ ಕುಮಾರ್ ಓರಾನ್,string
Manoj Tigga,ಮನೋಜ್ ತಿಗ್ಗಾ,string
Manoj Tiwary,ಮನೋಜ್ ತಿವಾರಿ,string
Manonmani.P,ಮನೋನ್ಮಣಿ.ಪಿ,string
Manoranjan Byapari,ಮನೋರಂಜನ್ ಬೈಪಾರಿ,string
Manoranjan Talukdar,ಮನೋರಂಜನ್ ತಾಲೂಕದಾರ್,string
Manturam Pakhira,ಮಂತುರಾಮ್ ಪಖೀರ,string
Maragatham Kumaravel,ಮರಗತಮ್ ಕುಮಾರವೇಲ್,string
Margherita,ಮಾರ್ಗರಿಟಾ,string
Mariani,ಮರಿಯಾನಿ,string
Mariappankennady S,ಮರಿಯಪ್ಪನಕೆನ್ನಾಡಿ ಎಸ್,string
Marigaon,ಮರಿಗಾಂವ್,string
Maruthamuthu.A,ಮಾರುತಮುತ್ತು.ಎ,string
Masilamani R,ಮಾಸಿಲಾಮಣಿ ಆರ್,string
Mathabhanga (SC),ಮಠಭಂಗ (ಎಸ್‌ಸಿ),string
Mathew Kuzhalnadan,ಮ್ಯಾಥ್ಯೂ ಕುಜಲನಾಡನ್,string
Mathew T. Thomas,ಮ್ಯಾಥ್ಯೂ ಟಿ. ಥಾಮಸ್,string
Mathivanan.U,ಮತಿವನನ್.ಯು,string
Matigara-Naxalbari (SC),ಮಟಿಗಾರ-ನಕ್ಸಲ್ಬರಿ (ಎಸ್‌ಸಿ),string
Mattanur,ಮಟ್ಟನೂರು,string
Mavelikara,ಮಾವೇಲಿಕರ,string
Mayiladuturai,ಮೈಲಾಡುತುರೈ,string
Maynaguri (SC),ಮೇನಗುರಿ (ಎಸ್‌ಸಿ),string
Mayureswar,ಮಯೂರೇಶ್ವರ,string
Mazibur Rahman,ಮಜಿಬುರ್ ರೆಹಮಾನ್,string
Md. Abdur Rashid Mandal,ಎಂಡಿ ಅಬ್ದುರ್ ರಶೀದ್ ಮಂಡಲ್,string
Md. Ghulam Rabbani,Md. ಗುಲಾಮ್ ರಬ್ಬಾನಿ,string
Md. Mottakin Alam,Md. ಮೊಟ್ಟಕಿನ್ ಆಲಂ,string
Medinipur,ಮೇದಿನಿಪುರ,string
Mekliganj (SC),ಮೆಕ್ಲಿಗಂಜ್ (ಎಸ್‌ಸಿ),string
Melur,ಮೇಲೂರು,string
Memari,ಮೆಮರಿ,string
Metiaburuz,ಮೆಟಿಯಾಬುರುಜ್,string
Mettupalayam,ಮೆಟ್ಟುಪಾಳ್ಯಂ,string
Mettur,ಮೆಟ್ಟೂರು,string
Meyyanathan .Siva .V,ಮೆಯ್ಯನಾಥನ್ .ಶಿವ .ವಿ,string
Meyyanathan Siva V,ಮೆಯ್ಯನಾಥ ಶಿವ ವಿ,string
Mihir Goswami,ಮಿಹಿರ್ ಗೋಸ್ವಾಮಿ,string
Mihir Kanti Shome,ಮಿಹಿರ್ ಕಾಂತಿ ಶೋಮ್,string
Miltan Rasid,ಮಿಲ್ತಾನ್ ರಸೀದ್,string
Minakhan (SC),ಮಿನಾಖಾನ್ (ಎಸ್‌ಸಿ),string
Minhajul Arfin Azad,ಮಿನ್ಹಾಜುಲ್ ಅರ್ಫಿನ್ ಆಜಾದ್,string
Misbahul Islam Laskar,ಮಿಸ್ಬಾಹುಲ್ ಇಸ್ಲಾಂ ಲಸ್ಕರ್,string
Mitali Roy,ಮಿತಾಲಿ ರಾಯ್,string
Modakkurichi,ಮೊಡಕುರಿಚಿ,string
Mohammad Ali,ಮೊಹಮ್ಮದ್ ಅಲಿ,string
Mohammad Ghulam Rabbani,ಮೊಹಮ್ಮದ್ ಗುಲಾಮ್ ರಬ್ಬಾನಿ,string
Mohan Chandra Naskar,ಮೋಹನ್ ಚಂದ್ರ ನಾಸ್ಕರ್,string
Mohan K,ಮೋಹನ್ ಕೆ,string
Mohit Sengupta,ಮೋಹಿತ್ ಸೆಂಗುಪ್ತಾ,string
Moinuddin Shams,ಮೊಯಿನುದ್ದೀನ್ ಶಾಮ್ಸ್,string
Moloy Ghatak,ಮೊಲೊಯ್ ಘಟಕ್,string
Monce Joseph,ಮಾನ್ಸ್ ಜೋಸೆಫ್,string
Mons Joseph,ಮಾನ್ಸ್ ಜೋಸೆಫ್,string
Monteswar,ಮಾಂಟೆೇಶ್ವರ,string
Moorthiy K S,ಮೂರ್ತಿ ಕೆ ಎಸ್,string
Moran,ಮೊರನ್,string
Morigaon,ಮೋರಿಗಾಂವ್,string
Mosarraf Hossain,ಮೊಸರಫ್ ಹೊಸೈನ್,string
Mostaque Alam,ಮೊಸ್ತಾಕ್ ಆಲಂ,string
Mothabari,ಮೋತಾಬರಿ,string
Moyna,ಮೊಯ್ನಾ,string
Mrigendra Nath Maiti,ಮೃಗೇಂದ್ರ ನಾಥ್ ಮೈತಿ,string
Mrinal Saikia,ಮೃಣಾಲ್ ಸೈಕಿಯಾ,string
Mrityunjoy Murmu,ಮೃತ್ಯುಂಜಯ್ ಮುರ್ಮು,string
Mudaliarpet,ಮುದಲಿಯಾರಪೇಟೆ,string
Mudhukulathur,ಮುದುಕುಳತ್ತೂರು,string
Muhammad Abdul Ghani,ಮುಹಮ್ಮದ್ ಅಬ್ದುಲ್ ಘನಿ,string
Muhammad Muhassin,ಮುಹಮ್ಮದ್ ಮುಹಾಸಿನ್,string
Muhammed Muhsin,ಮುಹಮ್ಮದ್ ಮುಹ್ಸಿನ್,string
Mukesh,ಮುಖೇಶ್,string
Mukul Roy,ಮುಕುಲ್ ರಾಯ್,string
Mukut Mani Adhikari,ಮುಕುತ್ ಮಣಿ ಅಧಿಕಾರಿ,string
Mullakkara Ratnakaran,ಮುಲ್ಲಕ್ಕರ ರತ್ನಾಕರನ್,string
Murali Perunelly,ಮುರಳಿ ಪೆರುನೆಲ್ಲಿ,string
Murarai,ಮುರಾರೈ,string
Murshidabad,ಮುರ್ಷಿದಾಬಾದ್,string
Murugan P,ಮುರುಗನ್ ಪಿ,string
Murugumaran.N,ಮುರುಗುಮಾರನ್.ಎನ್,string
Musiri,ಮುಸಿರಿ,string
Muthialpet,ಮುತ್ಯಾಲಪೇಟೆ,string
Muvattupuzha,ಮುವಾಟ್ಟುಪುಳ,string
Mylapore,ಮೈಲಾಪುರ,string
N. A. Nellikkunnu,ಎನ್.ಎ.ನೆಲ್ಲಿಕ್ಕುನ್ನು,string
N. Danavelou,ಎನ್. ದಾನವೇಲು,string
N. Eramakrishnan,ಎನ್.ಎರಾಮಕೃಷ್ಣನ್,string
N. G. Parthiban,ಎನ್ ಜಿ ಪಾರ್ತಿಬನ್,string
N. Jayaraj,ಎನ್.ಜಯರಾಜ್,string
N. K. Akbar,ಎನ್ ಕೆ ಅಕ್ಬರ್,string
N. Kayalvizhi,ಎನ್.ಕಯಲ್ವಿಝಿ,string
N. Pugazhenthi,ಎನ್. ಪುಗಜೆಂತಿ,string
N. Rangasamy,ಎನ್.ರಂಗಸಾಮಿ,string
N. Rangaswamy,ಎನ್.ರಂಗಸ್ವಾಮಿ,string
N. S. J. Jayabal Ayyanar,ಎನ್ ಎಸ್ ಜೆ ಜಯಬಾಲ್ ಅಯ್ಯನಾರ್,string
N. Samsudheen,ಎನ್.ಸಂಸುದ್ದೀನ್,string
N. Shamsudheen,ಎನ್. ಶಂಶುದ್ದೀನ್,string
N. Suresh Rajan,ಎನ್. ಸುರೇಶ್ ರಾಜನ್,string
N. Thalavai Sundaram,ಎನ್. ತಲವಾಯಿ ಸುಂದರಂ,string
N. Thiyagarajan,ಎನ್.ತ್ಯಾಗರಾಜನ್,string
N. Vijayan Pillai,ಎನ್.ವಿಜಯನ್ ಪಿಳ್ಳೈ,string
N.Manoranjitham,ಎನ್.ಮನೋರಂಜಿತಮ್,string
NADUAR,ನಡುಅರ್,string
NAGAON-BATADRABA,ನಾಗಾಂವ್-ಬಟಾದ್ರಬಾ,string
NAHARKATIA,ನಹರ್ಕಟಿಯಾ,string
NALBARI,ನಲ್ಬರಿ,string
NAZIRA,ನಜೀರಾ,string
NCK,ಎನ್.ಸಿ.ಕೆ,string
NCP,ಎನ್ಸಿಪಿ,string
NDA,ಎನ್.ಡಿ.ಎ,string
NEW GUWAHATI,ಹೊಸ ಗುವಾಹಟಿ,string
NOWBOICHA (SC),ನೌಬೊಯಿಚಾ (ಎಸ್‌ಸಿ),string
NSC,NSC,string
Naba Kumar Doley,ನಬ ಕುಮಾರ್ ಡೋಲಿ,string
Nabadwip,ನಬದ್ವಿಪ್,string
Nabagram (SC),ನಬಗ್ರಾಮ್ (ಎಸ್‌ಸಿ),string
Nabin Chandra Bag,ನಬಿನ್ ಚಂದ್ರ ಬಾಗ್,string
Nadapuram,ನಾದಪುರಂ,string
Nadia,ನಾಡಿಯಾ,string
Nadiar Chand Bouri,ನಾಡಿಯಾರ್ ಚಂದ್ ಬೌರಿ,string
Nagai Maali (A) P. Mahalingam,ನಾಗೈ ಮಾಳಿ (ಎ) ಪಿ.ಮಹಾಲಿಂಗಂ,string
Nagaon,ನಾಗಾನ್,string
Nagapattinam,ನಾಗಪಟ್ಟಿಣಂ,string
Nagendra Nath Roy,ನಾಗೇಂದ್ರ ನಾಥ್ ರಾಯ್,string
Nagercoil,ನಾಗರಕೋಯಿಲ್,string
Nagrakata (ST),ನಾಗರಕಟಾ (ಎಸ್‌ಟಿ),string
Naharkatia,ನಹರ್ಕಟಿಯಾ,string
Naihati,ನೈಹತಿ,string
Nainar Nagendran,ನೈನಾರ್ ನಾಗೇಂದ್ರನ್,string
Najeeb Kanthapuram,ನಜೀಬ್ ಕಾಂತಪುರಂ,string
Najrul Hoque,ನಜ್ರುಲ್ ಹೊಕ್,string
Nakashipara,ನಕಾಶಿಪರಾ,string
Nalbari,ನಲ್ಬರಿ,string
Nalhati,ನಲ್ಹಾಟಿ,string
Nallathambi. A,ನಲ್ಲತಂಬಿ. ಎ,string
Namakkal,ನಾಮಕ್ಕಲ್,string
Namita Saha,ನಮಿತಾ ಸಹಾ,string
Nandakumar,ನಂದಕುಮಾರ್,string
Nandakumar. A.P,ನಂದಕುಮಾರ್. ಎ.ಪಿ,string
Nandigram,ನಂದಿಗ್ರಾಮ,string
Nandita Chowdhury,ನಂದಿತಾ ಚೌಧರಿ,string
Nandita Das,ನಂದಿತಾ ದಾಸ್,string
Nandita Garlosa,ನಂದಿತಾ ಗರ್ಲೋಸಾ,string
Nanguneri,ನಂಗುನೇರಿ,string
Nannilam,ನನ್ನಿಲಂ,string
Nanoor (SC),ನಾನೂರು (ಎಸ್‌ಸಿ),string
Naoboicha,ನವೊಬೊಯಿಚಾ,string
Naoda,ನಾವಡ,string
Narahari Mahato,ನರಹರಿ ಮಹತೋ,string
Narayan Goswami,ನಾರಾಯಣ ಗೋಸ್ವಾಮಿ,string
Narayangarh,ನಾರಾಯಣಗಢ,string
Naren Sonowal,ನರೇನ್ ಸೋನೋವಾಲ್,string
Narendranath Chakraborty,ನರೇಂದ್ರನಾಥ ಚಕ್ರವರ್ತಿ,string
Narmada Chandra Roy,ನರ್ಮದಾ ಚಂದ್ರ ರಾಯ್,string
Nasiruddin Ahamed,ನಾಸಿರುದ್ದೀನ್ ಅಹಮದ್,string
Natabari,ನಟಬರಿ,string
Natarajan .N.,ನಟರಾಜನ್ .ಎನ್.,string
Natarajan. A,ನಟರಾಜನ್. ಎ,string
Natham,ನಾಥಮ್,string
Natham R. Viswanathan,ನಾಥಮ್ ಆರ್. ವಿಶ್ವನಾಥನ್,string
National Secular Conference,ರಾಷ್ಟ್ರೀಯ ಜಾತ್ಯತೀತ ಸಮ್ಮೇಳನ,string
Nattika,ನಾಟಿಕ,string
Nawsad Siddique,ನೌಸಾದ್ ಸಿದ್ದಿಕ್,string
Nayagram (ST),ನಯಗ್ರಾಮ್ (ಎಸ್‌ಟಿ),string
Nayna Bandyopadhyay,ನಯ್ನಾ ಬಂದೋಪಾಧ್ಯಾಯ,string
Nazira,ನಜೀರಾ,string
Nazrul Hoque,ನಜ್ರುಲ್ ಹೊಕ್,string
Nazrul Islam,ನಜ್ರುಲ್ ಇಸ್ಲಾಂ,string
Nedumangad,ನೆಡುಮಂಗಡ,string
Nedungadu (SC),ನೆಡುಂಗಾಡು (ಎಸ್‌ಸಿ),string
Neeraj Zimba,ನೀರಜ್ ಜಿಂಬಾ,string
Neethipathi P,ನೀತಿಪತಿ ಪಿ,string
Nehru.K.N,ನೆಹರು.ಕೆ.ಎನ್,string
Nellithope,ನೆಲ್ಲಿತೋಪೆ,string
Nemom,ನೆಮೊಮ್,string
Nenmara,ನೆನ್ಮಾರ,string
Nepal Ghorui,ನೇಪಾಳ ಘೋರುಯಿ,string
Nepal Mahata,ನೇಪಾಳ ಮಹಾತಾ,string
Neravy T.R. Pattinam,ನೆರವಿ ಟಿ.ಆರ್. ಪತ್ತಿನಂ,string
Nettapakkam (SC),ನೆಟ್ಟಪಕ್ಕಂ (ಎಸ್‌ಸಿ),string
Neyveli,ನೆಯ್ವೇಲಿ,string
Neyyattinkara,ನೆಯ್ಯಟ್ಟಿಂಕರ,string
Niamot Sheikh,ನಿಯಾಮೋತ್ ಶೇಖ್,string
Nihar Ranjan Ghosh,ನಿಹಾರ್ ರಂಜನ್ ಘೋಷ್,string
Nijanur Rahman,ನಿಜನೂರ್ ರೆಹಮಾನ್,string
Nikhil Ranjan Dey,ನಿಖಿಲ್ ರಂಜನ್ ಡೇ,string
Nilabati Saha,ನೀಲಬತಿ ಸಹಾ,string
Niladri Sekhar Dana,ನೀಲಾದ್ರಿ ಶೇಖರ್ ದಾನಾ,string
Nilakottai,ನೀಲಕೊಟ್ಟೈ,string
Nilambur,ನಿಲಂಬೂರ್,string
Nilima Nag,ನಿಲಿಮಾ ನಾಗ್,string
Nilofer,ನಿಲೋಫರ್,string
Nirmal Chandra Mondal,ನಿರ್ಮಲ್ ಚಂದ್ರ ಮಂಡಲ್,string
Nirmal Ghosh,ನಿರ್ಮಲ್ ಘೋಷ್,string
Nirmal Kumar Dhara,ನಿರ್ಮಲ್ ಕುಮಾರ್ ಧಾರಾ,string
Nirmal Maji,ನಿರ್ಮಲ್ ಮಜಿ,string
Nisith Kumar Malik,ನಿಸಿತ್ ಕುಮಾರ್ ಮಲಿಕ್,string
Nisith Pramanik,ನಿಸಿತ್ ಪ್ರಮಾಣಿಕ್,string
Nivedha M. Murugan,ನಿವೇಧಾ ಎಂ. ಮುರುಗನ್,string
Nizamuddin Choudhury,ನಿಜಾಮುದ್ದೀನ್ ಚೌಧರಿ,string
Noapara,ನೋಪರಾ,string
North 24 Parganas,ಉತ್ತರ 24 ಪರಗಣಗಳು,string
Nowgong,ನೌಗಾಂಗ್,string
Numal Momin,ನುಮಲ್ ಮೊಮಿನ್,string
Nurul Huda,ನೂರುಲ್ ಹುದಾ,string
O. Jothi,O. ಜೋತಿ,string
O. Panneerselvam,ಓ.ಪನ್ನೀರಸೆಲ್ವಂ,string
O. R. Kelu,ಓ.ಆರ್.ಕೇಲು,string
O. Rajagopal,ಓ.ರಾಜಗೋಪಾಲ್,string
O. S. Ambika,ಓ.ಎಸ್.ಅಂಬಿಕಾ,string
O. S. Manian,ಓ ಎಸ್ ಮಣಿಯನ್,string
OTH,OTH,string
Oddanchatram,ಒಡ್ಡಂಚತ್ರಂ,string
Ollur,ಒಲ್ಲೂರು,string
Omalur,ಓಮಲೂರು,string
Onda,ಒಂದಾ,string
Oommen Chandy,ಉಮ್ಮನ್ ಚಾಂಡಿ,string
Oorvasi S. Amirtharaj,ಊರ್ವಸಿ ಎಸ್.ಅಮಿರ್ತರಾಜ್,string
Orathanadu,ಒರತನಾಡು,string
Orleampeth,ಓರ್ಲೀಮ್ಪೆತ್,string
Ossudu (SC),ಒಸ್ಸುಡು (ಎಸ್‌ಸಿ),string
Ottapalam,ಒಟ್ಟಪಾಲಂ,string
Ottapidaram (SC),ಒಟ್ಟಪಿಡಾರಂ (ಎಸ್‌ಸಿ),string
Oupalam,ಊಪಲಂ,string
Ozhukarai,ಓಝುಕರೈ,string
P. A. Mohammed Riyas,ಪಿ ಎ ಮೊಹಮ್ಮದ್ ರಿಯಾಸ್,string
P. Abdul Hameed,ಪಿ.ಅಬ್ದುಲ್ ಹಮೀದ್,string
P. Abdul Samad,ಪಿ.ಅಬ್ದುಲ್ ಸಮದ್,string
P. Aisha Potty,ಪಿ. ಆಯಿಷಾ ಪಾಟಿ,string
P. Angalane,ಪಿ.ಅಂಗಳನೆ,string
P. Arjunan,ಪಿ.ಅರ್ಜುನನ್,string
P. Ayyappan,ಪಿ.ಅಯ್ಯಪ್ಪನ್,string
P. B. Abdul Razak,ಪಿ ಬಿ ಅಬ್ದುಲ್ ರಜಾಕ್,string
P. Balachandran,ಪಿ.ಬಾಲಚಂದ್ರನ್,string
P. Balaraman,ಪಿ.ಬಲರಾಮನ್,string
P. Benjamin,ಪಿ. ಬೆಂಜಮಿನ್,string
P. C. George,ಪಿ ಸಿ ಜಾರ್ಜ್,string
P. C. Vishnunath,ಪಿ ಸಿ ವಿಷ್ಣುನಾಥ್,string
P. Dhanapal,ಪಿ.ಧನಪಾಲ್,string
P. Geetha Jeevan,ಪಿ. ಗೀತಾ ಜೀವನ,string
P. H. Manoj Pandian,ಪಿ ಎಚ್ ಮನೋಜ್ ಪಾಂಡಿಯನ್,string
P. J. Joseph,P. J. ಜೋಸೆಫ್,string
P. K. Abdu Rabb,ಪಿ ಕೆ ಅಬ್ದು ರಬ್ಬ್,string
P. K. Basheer,ಪಿ ಕೆ ಬಶೀರ್,string
P. K. Kunhalikutty,ಪಿ.ಕೆ.ಕುನ್ಹಾಲಿಕುಟ್ಟಿ,string
P. K. Sasi,ಪಿ ಕೆ ಶಶಿ,string
P. K. Sekar Babu,ಪಿ.ಕೆ.ಸೇಕರ್ ಬಾಬು,string
P. Karthikeyan,ಪಿ. ಕಾರ್ತಿಕೇಯನ್,string
P. M. L. Kalyanasundaram,ಪಿ ಎಂ ಎಲ್ ಕಲ್ಯಾಣಸುಂದರಂ,string
P. M. Narasimhan,ಪಿ ಎಂ ನರಸಿಂಹನ್,string
P. Mammikutty,ಪಿ.ಮಮ್ಮಿಕುಟ್ಟಿ,string
P. Moorthy,ಪಿ.ಮೂರ್ತಿ,string
P. Nandakumar,ಪಿ.ನಂದಕುಮಾರ್,string
P. P. Chitharanjan,ಪಿ.ಪಿ.ಚಿತರಂಜನ್,string
P. P. Sumod,ಪಿ.ಪಿ.ಸುಮೋದ್,string
P. Prasad,ಪಿ. ಪ್ರಸಾದ್,string
P. R. N. Thirumurugan,ಪಿ ಆರ್ ಎನ್ ತಿರುಮುರುಗನ್,string
P. R. Senthilnathan,ಪಿ.ಆರ್. ಸೆಂಥಿಲನಾಥನ್,string
P. R. Siva,ಪಿ ಆರ್ ಶಿವ,string
P. Rajavelu,ಪಿ.ರಾಜವೇಲು,string
P. Rajeev,ಪಿ.ರಾಜೀವ್,string
P. Ramalingam,ಪಿ.ರಾಮಲಿಂಗಂ,string
P. S. Supal,ಪಿ ಎಸ್ ಸುಪಾಲ್,string
P. S. T. Saravanan,ಪಿ.ಎಸ್.ಟಿ.ಸರವಣನ್,string
P. Selvam,ಪಿ. ಸೆಲ್ವಂ,string
P. Sivakumar,ಪಿ.ಶಿವಕುಮಾರ್,string
P. Sivakumar @ Thayagamkavi,ಪಿ. ಶಿವಕುಮಾರ್ @ ತಾಯಗಮಕವಿ,string
P. Sreeramakrishnan,ಪಿ.ಶ್ರೀರಾಮಕೃಷ್ಣನ್,string
P. T. A. Rahim,ಪಿ ಟಿ ಎ ರಹೀಮ್,string
P. T. Thomas,P. T. ಥಾಮಸ್,string
P. Thangamani,ಪಿ.ತಂಗಮಣಿ,string
P. Thilothaman,ಪಿ.ತಿಲೋತ್ತಮನ್,string
P. Ubaidulla,ಪಿ.ಉಬೈದುಲ್ಲಾ,string
P. Unni,ಪಿ.ಉನ್ನಿ,string
P. V. Anvar,ಪಿ ವಿ ಅನ್ವರ್,string
P. V. Sreenijin,ಪಿ.ವಿ.ಶ್ರೀನಿಜಿನ್,string
P. Vetrivel,ಪಿ. ವೆಟ್ರಿವೇಲ್,string
PAKABETBARI,ಪಕಬೆಟ್ಬರಿ,string
PALASBARI,ಪಾಲಸ್ಬರಿ,string
PARBATJHORA,ಪರ್ಬತ್ಜೋರಾ,string
PATHARKANDI,ಪಥರಕಂಡಿ,string
PMK,ಪಿಎಂಕೆ,string
Padma Hazarika,ಪದ್ಮಾ ಹಜಾರಿಕಾ,string
Padmanabhapuram,ಪದ್ಮನಾಭಪುರಂ,string
Pala,ಪಾಲಾ,string
Palacode,ಪಾಲಕೋಡ್,string
Palakkad,ಪಾಲಕ್ಕಾಡ್,string
Palani,ಪಳನಿ,string
Palani. K,ಪಳನಿ. ಕೆ,string
Palanivel Thiagarajan,ಪಳನಿವೇಲ್ ತ್ಯಾಗರಾಜನ್,string
Palaniyappan. P,ಪಳನಿಯಪ್ಪನ್. ಪಿ,string
Palasbari,ಪಲಾಸ್ಬರಿ,string
Palashipara,ಪಲಾಶಿಪರ,string
Palayamkottai,ಪಳಯಂಕೊಟ್ಟೈ,string
Pallab Lochan Das,ಪಲ್ಲಬ್ ಲೋಚನ್ ದಾಸ್,string
Palladam,ಪಲ್ಲಡಂ,string
Pallavaram,ಪಲ್ಲವರಂ,string
Panchla,ಪಂಚಲಾ,string
Pandabeswar,ಪಾಂಡಬೇಶ್ವರ,string
Pandian K A,ಪಾಂಡಿಯನ್ ಕೆ ಎ,string
Pandua,ಪಾಂಡುವಾ,string
Panery,ಪನೆರಿ,string
Panihati,ಪಾನಿಹತಿ,string
Pannalal Halder,ಪನ್ನಾಲಾಲ್ ಹಲ್ದರ್,string
Panneerselvam Mrk,ಪನ್ನೀರಸೆಲ್ವಂ ಶ್ರೀ,string
Panneerselvam V,ಪನ್ನೀರಸೆಲ್ವಂ ವಿ,string
Panruti,ಪನ್ರುತಿ,string
Panskura Paschim,ಪನ್ಸ್ಕುರಾ ಪಶ್ಚಿಮ,string
Panskura Purba,ಪಂಸ್ಕುರಾ ಪುರ್ಬಾ,string
Papanasam,ಪಾಪನಾಶಂ,string
Pappireddippatti,ಪಾಪ್ಪಿರೆಡ್ಡಿಪ್ಪಟ್ಟಿ,string
Para (SC),ಪ್ಯಾರಾ (ಎಸ್‌ಸಿ),string
Parakkal Abdulla,ಪರಕ್ಕಲ್ ಅಬ್ದುಲ್ಲಾ,string
Paramakudi (SC),ಪರಮಕುಡಿ (ಎಸ್‌ಸಿ),string
Paramathi-Velur,ಪರಮತಿ-ವೇಲೂರು,string
Parameswari. M,ಪರಮೇಶ್ವರಿ. ಎಂ,string
Parash Dutta,ಪರಶ್ ದತ್ತಾ,string
Parassala,ಪರಸ್ಸಾಲ,string
Paravur,ಪರವೂರು,string
Paresh Chandra Adhikary,ಪರೇಶ್ ಚಂದ್ರ ಅಧಿಕಾರಿ,string
Paresh Murmu,ಪರೇಶ್ ಮುರ್ಮು,string
Paresh Paul,ಪರೇಶ್ ಪಾಲ್,string
Paresh Ram Das,ಪರೇಶ್ ರಾಮ್ ದಾಸ್,string
Parimal Suklabaidya,ಪರಿಮಳಾ ಸುಕ್ಲಬೈದ್ಯ,string
Parmananda Rajbongshi,ಪರಮಾನಂದ ರಾಜ್ಬೊಂಗ್ಶಿ,string
Partha Bhowmick,ಪಾರ್ಥ ಭೌಮಿಕ್,string
Partha Chatterjee,ಪಾರ್ಥ ಚಟರ್ಜಿ,string
Parthasarathi Chatterjee,ಪಾರ್ಥಸಾರಥಿ ಚಟರ್ಜಿ,string
Party color cell Independent,ಪಕ್ಷದ ಬಣ್ಣದ ಕೋಶ ಸ್ವತಂತ್ರ,string
Paschim Medinapur,ಪಶ್ಚಿಮ ಮೇದಿನಾಪುರ,string
Patacharkuchi,ಪಟಾಚಾರ್ಕುಚಿ,string
Patashpur,ಪಟಾಶಪುರ,string
Pathanamthitta,ಪತ್ತನಂತಿಟ್ಟ,string
Pathanapuram,ಪಠಾಣಪುರಂ,string
Patharkandi,ಪಥರಕಂಡಿ,string
Patharpratima,ಪಥರಪ್ರತಿಮಾ,string
Pattambi,ಪಟ್ಟಾಂಬಿ,string
Pattukkottai,ಪಟ್ಟುಕ್ಕೊಟ್ಟೈ,string
Pavunraj.S,ಪಾವುಂರಾಜ್.ಎಸ್,string
Pawan Kumar Singh,ಪವನ್ ಕುಮಾರ್ ಸಿಂಗ್,string
Payyanur,ಪಯ್ಯನೂರು,string
Peerumade,ಪೀರುಮಾಡೆ,string
Pennagaram,ಪೆನ್ನಾಗರಂ,string
Perambalur,ಪೆರಂಬಲೂರು,string
Perambalur (SC),ಪೆರಂಬಲೂರ್ (ಎಸ್‌ಸಿ),string
Perambra,ಪೆರಂಬ್ರಾ,string
Perambur,ಪೆರಂಬೂರ್,string
Peravoor,ಪೆರವೂರ್,string
Peravurani,ಪೆರವೂರಾಣಿ,string
Peravurani N. Ashokkumar,ಪೆರವೂರಾಣಿ ಎನ್.ಅಶೋಕ್ಕುಮಾರ್,string
Periakaruppan Kr,ಪೆರಿಯಕರುಪ್ಪನ್ ಕೃ,string
Perinthalmanna,ಪೆರಿಂತಲ್ಮನ್ನಾ,string
Periyakulam,ಪೆರಿಯಾಕುಲಂ,string
Periyannan Arassu,ಪೆರಿಯಣ್ಣನ್ ಅರಸು,string
Periyapullan @ Selvam P,ಪೆರಿಯಪುಲ್ಲನ್ @ ಸೆಲ್ವಂ ಪಿ,string
Periyasamy I,ಪೆರಿಯಸಾಮಿ I,string
Perumbavoor,ಪೆರುಂಬವೂರ್,string
Perundurai,ಪೆರುಂದುರೈ,string
Phani Bhusan Choudhury,ಫಣಿ ಭೂಷಣ ಚೌಧರಿ,string
Phanidhar Talukdar,ಫಣಿಧರ ತಾಲೂಕದಾರ,string
Phansidewa (ST),ಫನ್ಸಿದೇವಾ (ಎಸ್‌ಟಿ),string
Pijush Hazarika,ಪಿಜುಶ್ ಹಜಾರಿಕಾ,string
Pinarayi Vijayan,ಪಿಣರಾಯಿ ವಿಜಯನ್,string
Pingla,ಪಿಂಗ್ಲಾ,string
Piravom,ಪಿರವಂ,string
Pitchandi K,ಪಿಚ್ಚಂಡಿ ಕೆ,string
Pollachi,ಪೊಲ್ಲಾಚಿ,string
Pollachi V Jayaraman,ಪೊಲ್ಲಾಚಿ ವಿ ಜಯರಾಮನ್,string
Pollachi V. Jayaraman,ಪೊಲ್ಲಾಚಿ ವಿ.ಜಯರಾಮನ್,string
Polur,ಪೋಲೂರು,string
Pon. Jayaseelan,ಪೊನ್. ಜಯಶೀಲನ್,string
Ponakan Baruah,ಪೋನಕನ್ ಬರುವಾ,string
Pondicherry,ಪಾಂಡಿಚೇರಿ,string
Ponmudy K,ಪೊನ್ಮುಡಿ ಕೆ,string
Ponnani,ಪೊನ್ನಾನಿ,string
Ponneri (SC),ಪೊನ್ನೇರಿ (ಎಸ್‌ಸಿ),string
Poompuhar,ಪೂಂಪುಹಾರ್,string
Poonamallee (SC),ಪೂನಮಲ್ಲಿ (ಎಸ್‌ಸಿ),string
Poonjar,ಪೂಂಜಾರ್,string
Prabhu A,ಪ್ರಭು ಎ,string
Prabir Kumar Ghosal,ಪ್ರಬೀರ್ ಕುಮಾರ್ ಘೋಸಲ್,string
Pradan Baruah,ಪ್ರದಾನ್ ಬರುವಾ,string
Pradip Kumar Barma,ಪ್ರದೀಪ್ ಕುಮಾರ್ ಬರ್ಮಾ,string
Pradip Kumar Saha,ಪ್ರದೀಪ್ ಕುಮಾರ್ ಸಹಾ,string
Pradip Mazumdar,ಪ್ರದೀಪ್ ಮಜುಂದಾರ್,string
Pradip Sarkar,ಪ್ರದೀಪ್ ಸರ್ಕಾರ್,string
Prafulla Kumar Mahanta,ಪ್ರಫುಲ್ಲ ಕುಮಾರ್ ಮಹಾಂತ,string
Prakaash.Y.,ಪ್ರಕಾಶ್.ವೈ.,string
Pramatha Nath Ray,ಪ್ರಮಥ ನಾಥ್ ರೇ,string
Pramod Narayan,ಪ್ರಮೋದ್ ನಾರಾಯಣ,string
Pranab Kalita,ಪ್ರಣಬ್ ಕಲಿತಾ,string
Pranab Kumar Gogoi,ಪ್ರಣಬ್ ಕುಮಾರ್ ಗೊಗೋಯ್,string
Prasanta Phukan,ಪ್ರಶಾಂತ ಫುಕನ್,string
Prithiraj Rava,ಪೃಥಿರಾಜ್ ರಾವಾ,string
Priya Paul,ಪ್ರಿಯಾ ಪೌಲ್,string
Prodip Hazarika,ಪ್ರದೀಪ್ ಹಜಾರಿಕಾ,string
Prodyut Kumar Ghosh,ನಿರ್ಮಾಪಕ ಕುಮಾರ್ ಘೋಷ್,string
Promod Borthakur,ಪ್ರಮೋದ ಬೋರ್ತಕೂರ್,string
Protima Rajak,ಪ್ರೋತಿಮಾ ರಾಜಕ್,string
Pudukkottai,ಪುದುಕ್ಕೊಟ್ಟೈ,string
Pulak Roy,ಪುಲಕ್ ರಾಯ್,string
Pulin Bihari Ray,ಪುಲಿನ್ ಬಿಹಾರಿ ರೇ,string
Puna Bhengra,ಪುನಾ ಭೇಂಗ್ರಾ,string
Punalur,ಪುನಲೂರು,string
Pundarikakshya Saha,ಪುಂಡರೀಕಾಕ್ಷ್ಯ ಸಃ,string
Purba Medinapur,ಪುರ್ಬಾ ಮೇದಿನಾಪುರ,string
Purbasthali Dakshin,ಪುರ್ಬಸ್ಥಲಿ ದಕ್ಷಿಣ,string
Purbasthali Uttar,ಪುರ್ಬಸ್ಥಲಿ ಉತ್ತರ,string
Purna Chandra Bauri,ಪೂರ್ಣ ಚಂದ್ರ ಬೌರಿ,string
Purnendu Basu,ಪೂರ್ಣೇಂದು ಬಸು,string
Pursurah,ಪುರ್ಸುರಾಃ,string
Purulia,ಪುರುಲಿಯಾ,string
Puruliya,ಪುರುಲಿಯ,string
Purushan Kadalundi,ಪುರುಷ ಕಡಲುಂಡಿ,string
Puthukkad,ಪುತ್ತುಕ್ಕಾಡ್,string
Puthuppally,ಪುತ್ತುಪ್ಪಲ್ಲಿ,string
R Nataraj IPS (Rtd),ಆರ್ ನಟರಾಜ್ IPS (Rtd),string
R. B. Udhaya Kumar,ಆರ್.ಬಿ.ಉದಯ ಕುಮಾರ್,string
R. Baskar Datchanamourtty,ಆರ್.ಬಾಸ್ಕರ್ ದಚ್ಚನಮೂರ್ತಿ,string
R. Bindu,ಆರ್.ಬಿಂದು,string
R. D. Sekar,ಆರ್ ಡಿ ಸೇಕರ್,string
R. Elango,ಆರ್. ಇಲಾಂಗೋ,string
R. Gandhi,ಆರ್. ಗಾಂಧಿ,string
R. Ganesh,ಆರ್.ಗಣೇಶ್,string
R. Kamalakannan,ಆರ್.ಕಮಲಕಣ್ಣನ್,string
R. Kamaraj,ಆರ್.ಕಾಮರಾಜ್,string
R. Lakshmanan,ಆರ್.ಲಕ್ಷ್ಮಣನ್,string
R. M. Karumanikam,ಆರ್.ಎಂ.ಕರುಮಾಣಿಕಂ,string
R. Mani,ಆರ್ ಮಣಿ,string
R. Manickam,ಆರ್. ಮಾಣಿಕ್ಕಂ,string
R. Murugaiah Pandian,ಆರ್. ಮುರುಗಯ್ಯ ಪಾಂಡಿಯನ್,string
R. Radhakrishnan,ಆರ್ ರಾಧಾಕೃಷ್ಣನ್,string
R. Rajendran,ಆರ್.ರಾಜೇಂದ್ರನ್,string
R. Rajesh,ಆರ್.ರಾಜೇಶ್,string
R. Ramachandran,ಆರ್ ರಾಮಚಂದ್ರನ್,string
R. S. Raja Kannappan,ಆರ್ ಎಸ್ ರಾಜಾ ಕಣ್ಣಪ್ಪನ್,string
R. Sakkarapani,ಆರ್.ಸಕ್ಕರಪಾಣಿ,string
R. Senthilkumar,ಆರ್.ಸೆಂಥಿಲ್ಕುಮಾರ್,string
R. Siva,ಆರ್. ಶಿವ,string
R. Sundararaj,ಆರ್.ಸುಂದರರಾಜ್,string
R. Vaithilingam,ಆರ್.ವೈತಿಲಿಂಗಂ,string
R.K.R. Anantharaman,ಆರ್.ಕೆ.ಆರ್. ಅನಂತರಾಮನ್,string
R.Murugan,ಆರ್.ಮುರುಗನ್,string
R.Thamizhselvan,ಆರ್.ತಮಿಜ್ಸೆಲ್ವನ್,string
RAHA (SC),ರಾಹಾ (ಎಸ್‌ಸಿ),string
RAM KRISHANA NAGAR (SC),ರಾಮ್ ಕೃಷ್ಣ ನಗರ (ಎಸ್‌ಸಿ),string
RANGAPARA,ರಂಗಪರ,string
RANGIA,ರಂಗಿಯಾ,string
RMPI,RMPI,string
RONGKHANG (ST),ರೋಂಗ್ಖಾಂಗ್ (ಎಸ್‌ಟಿ),string
RONGONADI,ರೊಂಗೊನಾಡಿ,string
RSP,ಆರ್ಎಸ್ಪಿ,string
RUPAHIHAT,ರೂಪಾಹಿಹತ್,string
Rabindra Nath Ghosh,ರವೀಂದ್ರ ನಾಥ್ ಘೋಷ್,string
Rabindranath Bhattacharya,ರವೀಂದ್ರನಾಥ ಭಟ್ಟಾಚಾರ್ಯ,string
Rabindranath Chatterjee,ರವೀಂದ್ರನಾಥ ಚಟರ್ಜಿ,string
Rabindranath Maity,ರವೀಂದ್ರನಾಥ ಮೇಟಿ,string
Rabiram Narzary,ರಬಿರಾಮ್ ನರ್ಜಾರಿ,string
Rabiranjan Chattopadhyay,ರಬಿರಂಜನ್ ಚಟ್ಟೋಪಾಧ್ಯಾಯ,string
Rabiul Alam Chowdhury,ರಬಿಯುಲ್ ಆಲಂ ಚೌಧರಿ,string
Rachhpal Singh,ರಾಚ್ಪಾಲ್ ಸಿಂಗ್,string
Radhakrishnan. K,ರಾಧಾಕೃಷ್ಣನ್. ಕೆ,string
Radhapuram,ರಾಧಾಪುರಂ,string
Rafikul Islam,ರಫಿಕುಲ್ ಇಸ್ಲಾಂ,string
Rafikul Islam Mondal,ರಫಿಕುಲ್ ಇಸ್ಲಾಂ ಮೊಂಡಲ್,string
Rafiqul Islam,ರಫೀಕುಲ್ ಇಸ್ಲಾಂ,string
Rafiqur Rahaman,ರಫೀಕರ್ ರಹಮಾನ್,string
Raghunathganj,ರಘುನಾಥಗಂಜ್,string
Raghunathpur (SC),ರಘುನಾಥಪುರ (ಎಸ್‌ಸಿ),string
Raha (SC),ರಾಹಾ (ಎಸ್‌ಸಿ),string
Rahima Mondal,ರಹಿಮಾ ಮೊಂಡಲ್,string
Raidighi,ರೈಡಿಘಿ,string
Raiganj,ರಾಯಗಂಜ್,string
Raina (SC),ರೈನಾ (ಎಸ್‌ಸಿ),string
Raipur (ST),ರಾಯಪುರ (ಎಸ್‌ಟಿ),string
Raj Bhavan,ರಾಜಭವನ,string
Raj Chakraborty,ರಾಜ್ ಚಕ್ರವರ್ತಿ,string
Raja.S,ರಾಜಾ.ಎಸ್,string
Rajapalayam,ರಾಜಪಾಳ್ಯಂ,string
Rajarhat Gopalpur,ರಾಜರಹತ್ ಗೋಪಾಲಪುರ,string
Rajarhat New Town,ರಾಜರಹತ್ ನ್ಯೂ ಟೌನ್,string
Rajdeep Goala,ರಾಜದೀಪ್ ಗೋಲಾ,string
Rajendra Prasad Singh,ರಾಜೇಂದ್ರ ಪ್ರಸಾದ್ ಸಿಂಗ್,string
Rajendran. S,ರಾಜೇಂದ್ರನ್. ಎಸ್,string
Rajendran.R,ರಾಜೇಂದ್ರನ್.ಆರ್,string
Rajganj (SC),ರಾಜ್ಗಂಜ್ (ಎಸ್‌ಸಿ),string
Rajib Banerjee,ರಾಜೀಬ್ ಬ್ಯಾನರ್ಜಿ,string
Rajib Lochan Saren,ರಾಜೀಬ್ ಲೋಚನ್ ಸರೇನ್,string
Raju Abrham,ರಾಜು ಅಬ್ರಹಾಂ,string
Rakibul Hussain,ರಾಕಿಬುಲ್ ಹುಸೇನ್,string
Ram Sankar Halder,ರಾಮ್ ಶಂಕರ್ ಹಲ್ದರ್,string
Rama Biswas,ರಾಮ ಬಿಸ್ವಾಸ್,string
Rama Kanta Dewri,ರಮಾ ಕಾಂತ ದೇವ್ರಿ,string
Ramachandran K.K.S.S.R,ರಾಮಚಂದ್ರನ್ ಕೆ.ಕೆ.ಎಸ್.ಎಸ್.ಆರ್,string
Ramachandran. S,ರಾಮಚಂದ್ರನ್. ಎಸ್,string
Ramachandran.R.T,ರಾಮಚಂದ್ರನ್.ಆರ್.ಟಿ,string
Ramajeyalingam.J.K.N,ರಾಮಜೇಯಲಿಂಗಂ.ಜೆ.ಕೆ.ಎನ್,string
Ramalingam K.V.,ರಾಮಲಿಂಗಂ ಕೆ.ವಿ.,string
Ramanathapuram,ರಾಮನಾಥಪುರ,string
Ramar .E,ರಾಮರ್ .ಇ,string
Ramasamy Kr,ರಾಮಸಾಮಿ ಕೃ,string
Ramchandran. M,ರಾಮಚಂದ್ರನ್. ಎಂ,string
Ramendra Narayan Kalita,ರಾಮೇಂದ್ರ ನಾರಾಯಣ ಕಲಿತಾ,string
Ramendra Nath Biswas,ರಾಮೇಂದ್ರ ನಾಥ್ ಬಿಸ್ವಾಸ್,string
Ramendu Sinharay,ರಾಮೇಂದು ಸಿಂಹರಾಯ,string
Ramesh Chennithala,ರಮೇಶ್ ಚೆನ್ನಿತ್ತಲ,string
Ramesh Parambath,ರಮೇಶ್ ಪರಂಬತ್,string
Ramkrishna Ghosh,ರಾಮಕೃಷ್ಣ ಘೋಷ್,string
Ramnagar,ರಾಮನಗರ,string
Rampurhat,ರಾಮಪುರಹತ್,string
Ramu. A.,ರಾಮು. ಎ.,string
Rana Chatterjee,ರಾಣಾ ಚಟರ್ಜಿ,string
Ranaghat Dakshin (SC),ರಣಘಾಟ್ ದಕ್ಷಿಣ (ಎಸ್‌ಸಿ),string
Ranaghat Uttar Paschim,ರಣಘಟ್ಟ ಉತ್ತರ ಪಶ್ಚಿಮ,string
Ranaghat Uttar Purba (SC),ರಣಘಾಟ್ ಉತ್ತರ ಪುರ್ಬಾ (ಎಸ್‌ಸಿ),string
Ranajit Mondal,ರಣಜಿತ್ ಮೊಂಡಲ್,string
Rangapara,ರಂಗಪರ,string
Rangia,ರಂಗಿಯಾ,string
Ranibandh (ST),ರಾಣಿಬಂದ್ (ಎಸ್‌ಟಿ),string
Raniganj,ರಾಣಿಗಂಜ್,string
Raninagar,ರಾಣಿನಗರ,string
Ranipet,ರಾಣಿಪೇಟೆ,string
Ranjeet Kumar Dass,ರಂಜೀತ್ ಕುಮಾರ್ ದಾಸ್,string
Ranjit Dutta,ರಂಜಿತ್ ದತ್ತಾ,string
Ranni,ರನ್ನಿ,string
Ranoj Pegu,ರನೋಜ್ ಪೆಗು,string
Rashbehari,ರಾಶ್ಬೆಹಾರಿ,string
Rasipuram (SC),ರಾಶಿಪುರಂ (ಎಸ್‌ಸಿ),string
Ratabari (SC),ರತಾಬರಿ (ಎಸ್‌ಸಿ),string
Rathakrishnan.V,ರಾಥಾಕೃಷ್ಣನ್.ವಿ,string
Rathamani.K,ರಥಮಣಿ.ಕೆ,string
Rathin Ghosh,ರಥಿನ್ ಘೋಷ್,string
Rathinasabhapathy E,ರತ್ನಸಭಾಪತಿ ಇ,string
Ratna Chatterjee,ರತ್ನ ಚಟರ್ಜಿ,string
Ratna De Nag,ರತ್ನ ದೇ ನಾಗ್,string
Ratna Ghosh Kar,ರತ್ನ ಘೋಷ್ ಕರ್,string
Ratua,ರಟುವಾ,string
Regupathy S,ರೇಗುಪತಿ ಎಸ್,string
Rejinagar,ರೆಜಿನಗರ,string
Rekha Roy,ರೇಖಾ ರಾಯ್,string
Rekibuddin Ahmed,ರೆಕಿಬುದ್ದೀನ್ ಅಹಮದ್,string
Renupoma Rajkhowa,ರೇಣುಪೋಮಾ ರಾಜಖೋವಾ,string
Rihon Daimary,ರಿಹಾನ್ ಡೈಮರಿ,string
Rishivandiyam,ಋಷಿವಂದಿಯಂ,string
Rohit Sharma,ರೋಹಿತ್ ಶರ್ಮಾ,string
Roji M. John,ರೋಜಿ ಎಂ. ಜಾನ್,string
Roselina Tirkey,ರೋಸೆಲಿನಾ ಟಿರ್ಕಿ,string
Roshy Augustine,ರೋಶಿ ಆಗಸ್ಟಿನ್,string
Royapuram,ರಾಯಪುರಂ,string
Ruby R. Manoharan,ರೂಬಿ ಆರ್ ಮನೋಹರನ್,string
Ruden Sada Lepcha,ರುಡೆನ್ ಸದಾ ಲೆಪ್ಚಾ,string
Rukbanur Rahman,ರುಕ್ಬಾನೂರ್ ರೆಹಮಾನ್,string
Runu Dutta,ರುಣು ದತ್ತಾ,string
Rupak Sarmah,ರೂಪಕ್ ಶರ್ಮಾ,string
Rupesh Gowala,ರೂಪೇಶ ಗೋವಾಲ,string
Rupjyoti Kurmi,ರೂಪಜ್ಯೋತಿ ಕುರ್ಮಿ,string
Rupohihat,ರೂಪೋಹಿಹತ್,string
Rupsing Teron,ರೂಪ್ಸಿಂಗ್ ಟೆರಾನ್,string
S. Ambethkumar,ಎಸ್. ಅಂಬೇತ್ಕುಮಾರ್,string
S. Aravind Ramesh,ಎಸ್.ಅರವಿಂದ ರಮೇಶ್,string
S. Austin,ಎಸ್. ಆಸ್ಟಿನ್,string
S. Chandra Priyanga,ಎಸ್.ಚಂದ್ರ ಪ್ರಿಯಾಂಗ,string
S. Chandran,ಎಸ್.ಚಂದ್ರನ್,string
S. Damodaran,ಎಸ್ ದಾಮೋದರನ್,string
S. G. Subramanian,ಎಸ್ ಜಿ ಸುಬ್ರಮಣಿಯನ್,string
S. Gandhirajan,ಎಸ್.ಗಾಂಧಿರಾಜನ್,string
S. Jayakumar,ಎಸ್.ಜಯಕುಮಾರ್,string
S. Kathiravan,ಎಸ್. ಕಥಿರವನ್,string
S. Kumaravel,ಎಸ್.ಕುಮಾರವೇಲ್,string
S. M. Nasar,ಎಸ್ ಎಂ ನಾಸರ್,string
S. M. Seenivel,ಎಸ್ ಎಂ ಸೀನಿವೇಲ್,string
S. Mangudi,ಎಸ್.ಮಾಂಗುಡಿ,string
S. Murugesan,ಎಸ್.ಮುರುಗೇಶನ್,string
S. Muthusamy,ಎಸ್. ಮುತ್ತುಸಾಮಿ,string
S. P. Shanmuganathan,ಎಸ್.ಪಿ.ಷಣ್ಮುಗನಾಥನ್,string
S. P. Velumani,ಎಸ್ ಪಿ ವೇಲುಮಣಿ,string
S. P. Venkateshwaran,ಎಸ್ ಪಿ ವೆಂಕಟೇಶ್ವರನ್,string
S. Palani Nadar,ಎಸ್.ಪಳನಿ ನಾಡರ್,string
S. Pandi,ಎಸ್.ಪಾಂಡಿ,string
S. R. Raja,ಎಸ್.ಆರ್.ರಾಜ,string
S. Rajakumar,ಎಸ್.ರಾಜಕುಮಾರ್,string
S. Rajendran,ಎಸ್.ರಾಜೇಂದ್ರನ್,string
S. Rajesh Kumar,ಎಸ್.ರಾಜೇಶ್ ಕುಮಾರ್,string
S. Rajeshkumar,ಎಸ್.ರಾಜೇಶಕುಮಾರ್,string
S. Ramesh,ಎಸ್. ರಮೇಶ್,string
S. Ravi,ಎಸ್ ರವಿ,string
S. Regupathy,ಎಸ್.ರೇಗುಪತಿ,string
S. S. Balaji,ಎಸ್ ಎಸ್ ಬಾಲಾಜಿ,string
S. S. Krishnamoorthy,ಎಸ್.ಎಸ್.ಕೃಷ್ಣಮೂರ್ತಿ,string
S. S. Sivasankar,ಎಸ್.ಎಸ್.ಶಿವಶಂಕರ್,string
S. Sadhasivam,ಎಸ್.ಸದಾಶಿವಂ,string
S. Sekar,ಎಸ್.ಶೇಖರ್,string
S. Selvamohandas Pandian,ಎಸ್.ಸೆಲ್ವಮೋಹನದಾಸ್ ಪಾಂಡಿಯನ್,string
S. Sharma,ಎಸ್.ಶರ್ಮಾ,string
S. Stalinkumar,ಎಸ್.ಸ್ಟಾಲಿನ್ಕುಮಾರ್,string
S. Sudharsanam,ಎಸ್. ಸುದರ್ಶನಂ,string
S. Sundararajan,ಎಸ್.ಸುಂದರರಾಜನ್,string
S. Thangappandian,ಎಸ್.ತಂಗಪ್ಪಂಡಿಯನ್,string
S. Thenmozhi,ಎಸ್. ತೇನ್ಮೋಳಿ,string
S. V. Sugumaran,ಎಸ್.ವಿ.ಸುಗುಮಾರನ್,string
S. Vijayadharani,ಎಸ್.ವಿಜಯಧರಣಿ,string
S.Pugazhenthi,ಎಸ್.ಪುಗಜೆಂತಿ,string
S.T.K.Jakkaiyan,ಎಸ್.ಟಿ.ಕೆ.ಜಕ್ಕಯ್ಯನವರು,string
SADIYA,ಸಾಡಿಯಾ,string
SAMAGURI,ಸಮಗುರಿ,string
SARUPATHAR,ಸರುಪಥರ್,string
SIBSAGAR,ಸಿಬ್ಸಾಗರ್,string
SIDLI CHIRANG (ST),ಸಿಡ್ಲಿ ಚಿರಾಂಗ್ (ಎಸ್‌ಟಿ),string
SILCHAR,ಸಿಲ್ಚಾರ್,string
SIPAJHAR,ಸಿಪಾಜರ್,string
SISSIBARGAON,ಸಿಸ್ಸಿಬರ್ಗಾಂವ್,string
SM,ಎಸ್.ಎಂ,string
SONAI,ಸೋನೈ,string
SONARI,ಸೋನಾರಿ,string
SPA,SPA,string
SRIJANGRAM,ಶ್ರೀಜಂಗ್ರಾಮ್,string
Saba Rajendran,ಸಾಬಾ ರಾಜೇಂದ್ರನ್,string
Saba. Rajendran,ಸಬಾ. ರಾಜೇಂದ್ರನ್,string
Sabang,ಸಬಾಂಗ್,string
Sabina Yeasmin,ಸಬೀನಾ ಯೆಸ್ಮಿನ್,string
Sabitri Mitra,ಸಾಬಿತ್ರಿ ಮಿತ್ರ,string
Sabyasachi Dutta,ಸಬ್ಯಸಾಚಿ ದತ್ತಾ,string
Sadhan Pande,ಸಾಧನ್ ಪಾಂಡೆ,string
Sadiya,ಸಾದಿಯಾ,string
Sagar,ಸಾಗರ್,string
Sagardighi,ಸಾಗರ್ದಿಘಿ,string
Sahina Mumtaz Begum,ಸಹಿನಾ ಮುಮ್ತಾಜ್ ಬೇಗಂ,string
Saidapet,ಸೈದಾಪೇಟೆ,string
Sainthia (SC),ಸೈಂಥಿಯಾ (ಎಸ್‌ಸಿ),string
Sajal Panja,ಸಜಲ್ ಪಂಜ,string
Sajeev Joseph,ಸಜೀವ್ ಜೋಸೆಫ್,string
Saji Cherian,ಸಾಜಿ ಚೆರಿಯನ್,string
Sakkarapani R,ಸಕ್ಕರೆಪಾಣಿ ಆರ್,string
Sakthivel A B,ಶಕ್ತಿವೇಲ್ ಎ ಬಿ,string
Salboni,ಸಲ್ಬೋನಿ,string
Salem,ಸೇಲಂ,string
Salem (North),ಸೇಲಂ (ಉತ್ತರ),string
Salem (South),ಸೇಲಂ (ದಕ್ಷಿಣ),string
Salem (West),ಸೇಲಂ (ಪಶ್ಚಿಮ),string
Salmara South,ಸಾಲ್ಮಾರಾ ದಕ್ಷಿಣ,string
Saltora (SC),ಸಾಲ್ಟೋರಾ (ಎಸ್‌ಸಿ),string
Samaguri,ಸಮಗುರಿ,string
Samar Hazra,ಸಮರ್ ಹಜ್ರಾ,string
Samar Mukherjee,ಸಮರ್ ಮುಖರ್ಜಿ,string
Samares Das,ಸಮರೆ ದಾಸ್,string
Samir Chakraborty,ಸಮೀರ್ ಚಕ್ರವರ್ತಿ,string
Samir Kumar Jana,ಸಮೀರ್ ಕುಮಾರ್ ಜನ,string
Samir Kumar Panja,ಸಮೀರ್ ಕುಮಾರ್ ಪಂಜ,string
Samir Kumar Poddar,ಸಮೀರ್ ಕುಮಾರ್ ಪೊದ್ದಾರ್,string
Sampath M C,ಸಂಪತ್ ಎಂ ಸಿ,string
Samserganj,ಸಂಸರ್ಗಂಜ್,string
Samsul Huda,ಸಂಸುಲ್ ಹುದಾ,string
Sandeshkhali (ST),ಸಂದೇಶಖಾಲಿ (ಎಸ್‌ಟಿ),string
Sandhya Rani Tudu,ಸಂಧ್ಯಾ ರಾಣಿ ತುಡು,string
Sangram Kumar Dolai,ಸಂಗ್ರಾಮ್ ಕುಮಾರ್ ಡೋಲೈ,string
Sanjoy Kishan,ಸಂಜಯ್ ಕಿಶನ್,string
Sankar Singha,ಶಂಕರ ಸಿಂಹ,string
Sankarankovil (SC),ಶಂಕರಕೋವಿಲ್ (ಎಸ್‌ಸಿ),string
Sankarapuram,ಶಂಕರಪುರಂ,string
Sankari,ಸಂಕರಿ,string
Sankrail (SC),ಸಂಕ್ರೈಲ್ (ಎಸ್‌ಸಿ),string
Santipur,ಶಾಂತಿಪುರ,string
Santosh Debray,ಸಂತೋಷ್ ದೇಬ್ರಾಯ್,string
Saokat Molla,ಸೌಕತ್ ಮೊಲ್ಲಾ,string
Saptagram,ಸಪ್ತಗ್ರಾಮ,string
Saptarshi Banerjee,ಸಪ್ತರ್ಷಿ ಬ್ಯಾನರ್ಜಿ,string
Saraswathi Pon,ಸರಸ್ವತಿ ಪೊನ್,string
Saravanan .S.S.,ಸರವಣನ್ .ಎಸ್.ಎಸ್.,string
Saravanan. Durai K.,ಸರವಣನ್. ದುರೈ ಕೆ.,string
Sarbananda Sonowal,ಸರ್ಬಾನಂದ ಸೋನೋವಾಲ್,string
Sarita Rai,ಸರಿತಾ ರೈ,string
Saroja V. Dr,ಸರೋಜಾ ವಿ ಡಾ,string
Sarukhetri,ಸರುಖೇತ್ರಿ,string
Sarupathar,ಸರುಪಥರ್,string
Sashi Kanta Das,ಶಶಿ ಕಾಂತ ದಾಸ್,string
Satgachia,ಸಟ್ಗಾಚಿಯಾ,string
Sathya.P,ಸತ್ಯ.ಪಿ,string
Sattur,ಸತ್ತೂರು,string
Sattur Ramachandran,ಸತ್ತೂರು ರಾಮಚಂದ್ರನ್,string
Satyabrat Kalita,ಸತ್ಯಬ್ರತ್ ಕಲಿತಾ,string
Satyajit Barman,ಸತ್ಯಜಿತ್ ಬರ್ಮನ್,string
Satyajit Biswas,ಸತ್ಯಜಿತ್ ಬಿಸ್ವಾಸ್,string
Satyanarayan Mukhopadhyay,ಸತ್ಯನಾರಾಯಣ ಮುಖೋಪಾಧ್ಯಾಯ,string
Satyendra Nath Ray,ಸತ್ಯೇಂದ್ರ ನಾಥ್ ರೇ,string
Saumen Kumar Mahapatra,ಸೌಮೆನ್ ಕುಮಾರ್ ಮಹಾಪಾತ್ರ,string
Sebastian Kulathunkal,ಸೆಬಾಸ್ಟಿಯನ್ ಕುಳತ್ತುಂಕಲ್,string
Seethapathy P,ಸೀತಾಪತಿ ಪಿ,string
Seikh Safiujjaman,ಸೇಖ್ ಸಫಿಯುಜ್ಜಮನ್,string
Sekar. V,ಸೇಕರ್. ವಿ,string
Sekaran.K.V,ಶೇಖರನ್.ಕೆ.ವಿ,string
Sekh Sahonawez,ಸೇಖ್ ಸಹೋನಾವೆಜ್,string
Selima Khatun,ಸೆಲಿಮಾ ಖಾತುನ್,string
Sellur K. Raju,ಸೆಲ್ಲೂರ್ ಕೆ.ರಾಜು,string
Selvarasu M,ಸೆಲ್ವರಸು ಎಂ,string
Semmalai.S,ಸೆಮ್ಮಲೈ.ಎಸ್,string
Sengottaiyan K.A,ಸೆಂಗೋಟ್ಟಯ್ಯನ್ ಕೆ.ಎ,string
Senthamangalam (ST),ಸೇಂತಮಂಗಲಂ (ಎಸ್‌ಟಿ),string
Senthilkumar I P,ಸೆಂಥಿಲ್ಕುಮಾರ್ ಐ ಪಿ,string
Seuli Saha,ಸೆಯುಲಿ ಸಹಾ,string
Sevvoor S. Ramachandran,ಸೆವ್ವೂರ್ ಎಸ್ ರಾಮಚಂದ್ರನ್,string
Shafi Parambil,ಶಾಫಿ ಪರಂಬಿಲ್,string
Shaktipada Mahato,ಶಕ್ತಿಪಾದ ಮಹತೋ,string
Shampa Daripa,ಶಂಪಾ ದರಿಪಾ,string
Shampa Dhara,ಶಂಪಾ ಧಾರಾ,string
Shankar Dolai,ಶಂಕರ ದೋಲಾಯಿ,string
Shankar Ghosh,ಶಂಕರ ಘೋಷ್,string
Shankar Kumar Naskar,ಶಂಕರ್ ಕುಮಾರ್ ನಾಸ್ಕರ್,string
Shankar Malakar,ಶಂಕರ ಮಾಲಕರ,string
Shanmugam. A.,ಷಣ್ಮುಗಂ. ಎ.,string
Shantanu Pramanik,ಶಂತನು ಪ್ರಮಾಣಿಕ್,string
Shantiram Mahato,ಶಾಂತಿರಾಮ್ ಮಹತೋ,string
Shaoni Singha Roy,ಶಾವೋನಿ ಸಿಂಘ ರಾಯ್,string
Shashi Panja,ಶಶಿ ಪಂಜ,string
Sheikh Hasanuzzaman,ಶೇಖ್ ಹಸನುಜ್ಜಮಾನ್,string
Sheikh Ibrahim Ali,ಶೇಖ್ ಇಬ್ರಾಹಿಂ ಅಲಿ,string
Sheikh Shahnawaz,ಶೇಖ್ ಶಹನವಾಜ್,string
Sherman Ali Ahmed,ಶೆರ್ಮನ್ ಅಲಿ ಅಹ್ಮದ್,string
Shibpur,ಶಿಬ್ಪುರ,string
Shikha Chatterjee,ಶಿಖಾ ಚಟರ್ಜಿ,string
Shiladitya Dev,ಶಿಲಾದಿತ್ಯ ದೇವ್,string
Shital Kapat,ಶೀತಲ್ ಕಪಟ್,string
Sholavandan (SC),ಶೋಲವಂದನ್ (ಎಸ್‌ಸಿ),string
Sholinghur,ಶೋಲಿಂಗೂರ್,string
Shornur,ಶೋರ್ನೂರ್,string
Shozhinganallur,ಶೋಜಿಂಗನಲ್ಲೂರ್,string
Shyamal Mondal,ಶ್ಯಾಮಲ್ ಮೊಂಡಲ್,string
Shyamal Santra,ಶ್ಯಾಮಲ್ ಸಂತ್ರ,string
Shyamali Pradhan,ಶ್ಯಾಮಲಿ ಪ್ರಧಾನ್,string
Shyampukur,ಶ್ಯಾಂಪುಕುರ್,string
Shyampur,ಶ್ಯಾಮಪುರ,string
Sibamoni Bora,ಸಿಬಾಮೋನಿ ಬೋರಾ,string
Sibsagar,ಸಿಬ್ಸಾಗರ್,string
Sibu Misra,ಸಿಬು ಮಿಶ್ರಾ,string
Siddhartha Bhattacharya,ಸಿದ್ಧಾರ್ಥ ಭಟ್ಟಾಚಾರ್ಯ,string
Siddique Ahmed,ಸಿದ್ದಿಕ್ ಅಹಮದ್,string
Siddiqullah Chowdhury,ಸಿದ್ದಿಕುಲ್ಲಾ ಚೌಧರಿ,string
Sidli (ST),ಸಿಡಿಲಿ (ಎಸ್‌ಟಿ),string
Silbhadra Dutta,ಸಿಲ್ಭದ್ರ ದತ್ತಾ,string
Silchar,ಸಿಲ್ಚಾರ್,string
Siliguri,ಸಿಲಿಗುರಿ,string
Singanallur,ಸಿಂಗಾನಲ್ಲೂರು,string
Singur,ಸಿಂಗೂರ್,string
Sinthanai Selvan,ಸಿಂಥನೈ ಸೆಲ್ವನ್,string
Sipajhar,ಸಿಪಜರ್,string
Sirajuddin Ajmal,ಸಿರಾಜುದ್ದೀನ್ ಅಜ್ಮಲ್,string
Sirkazhi (SC),ಸಿರ್ಕಾಜಿ (ಎಸ್‌ಸಿ),string
Sitai (SC),ಸೀತಾಯಿ (ಎಸ್‌ಸಿ),string
Sital Kumar Sardar,ಸೀತಾಲ್ ಕುಮಾರ್ ಸರ್ದಾರ್,string
Sitalkuchi (SC),ಸಿತಾಲ್ಕುಚಿ (ಎಸ್‌ಸಿ),string
Sitanath Ghosh,ಸೀತಾನಾಥ ಘೋಷ್,string
Siuli Saha,ಸಿಯುಲಿ ಸಹಾ,string
Sivaganga,ಶಿವಗಂಗಾ,string
Sivakasi,ಶಿವಕಾಶಿ,string
Sivasubramani . V.P.,ಶಿವಸುಬ್ರಮಣಿ. ವಿ.ಪಿ.,string
Sk. Amjad Hossain,Sk. ಅಮ್ಜದ್ ಹೊಸೈನ್,string
Smita Bakshi,ಸ್ಮಿತಾ ಬಕ್ಷಿ,string
Snehasis Chakraborty,ಸ್ನೇಹಸಿಸ್ ಚಕ್ರವರ್ತಿ,string
Sobhandeb Chattopadhyay,ಸೋಭಾಂದೇಬ್ ಚಟ್ಟೋಪಾಧ್ಯಾಯ,string
Soham Chakraborty,ಸೋಹಂ ಚಕ್ರವರ್ತಿ,string
Somenath Shyam Ichini,ಸೋಮನಾಥ್ ಶ್ಯಾಮ್ ಇಚಿನಿ,string
Sonai,ಸೋನೈ,string
Sonali Guha,ಸೋನಾಲಿ ಗುಹಾ,string
Sonamukhi (SC),ಸೋನಮುಖಿ (ಎಸ್‌ಸಿ),string
Sonari,ಸೋನಾರಿ,string
Sonarpur Dakshin,ಸೋನಾರ್ಪುರ್ ದಕ್ಷಿಣ,string
Sonarpur Uttar,ಸೋನಾರ್ಪುರ್ ಉತ್ತರ,string
Sonitpur,ಸೋನಿತ್ಪುರ್,string
Sootea,ಸೂಟಿಯಾ,string
Sorbhog,ಸೋರ್ಬೋಗ್,string
Soumen Mahapatra,ಸೌಮೆನ್ ಮಹಾಪಾತ್ರ,string
Soumen Roy,ಸೌಮೆನ್ ರಾಯ್,string
Soundarapandian A,ಸೌಂದರಪಾಂಡಿಯನ್ ಎ,string
Sourav Chakraborty,ಸೌರವ್ ಚಕ್ರವರ್ತಿ,string
South 24 Parganas,ದಕ್ಷಿಣ 24 ಪರಗಣಗಳು,string
South Salmara-Mankachar,ದಕ್ಷಿಣ ಸಾಲ್ಮರ-ಮಂಕಚಾರ್,string
Sovan Chatterjee,ಸೋವನ್ ಚಟರ್ಜಿ,string
Sovandeb Chattopadhyay,ಸೋವಂದೇಬ್ ಚಟ್ಟೋಪಾಧ್ಯಾಯ,string
Sreenivasan C,ಶ್ರೀನಿವಾಸನ್ ಸಿ,string
Sreerampur,ಶ್ರೀರಾಂಪುರ,string
Sreerupa Mitra Chaudhury,ಶ್ರೀರೂಪಾ ಮಿತ್ರ ಚೌಧರಿ,string
Sribhumi,ಶ್ರೀಭೂಮಿ,string
Srikanta Mahata,ಶ್ರೀಕಾಂತ ಮಹಾತ,string
Sriperumbudur (SC),ಶ್ರೀಪೆರಂಬದೂರ್ (ಎಸ್‌ಸಿ),string
Srirangam,ಶ್ರೀರಂಗಂ,string
Srivaikuntam,ಶ್ರೀವೈಕುಂಟಂ,string
Srivilliputhur (SC),ಶ್ರೀವಿಲ್ಲಿಪುತ್ತೂರ್ (ಎಸ್‌ಸಿ),string
Stalinkumar .S,ಸ್ಟಾಲಿನ್ಕುಮಾರ್ .ಎಸ್,string
Subhash Mondal,ಸುಭಾಷ್ ಮೊಂಡಲ್,string
Subhranshu Roy,ಸುಭ್ರಾಂಶು ರಾಯ್,string
Subodh Adhikary,ಸುಬೋಧ ಅಧಿಕಾರಿ,string
Subramani. P.,ಸುಬ್ರಮಣಿ. ಪಿ.,string
Subrata Maitra,ಸುಬ್ರತ ಮೈತ್ರಾ,string
Subrata Mukherjee,ಸುಬ್ರತಾ ಮುಖರ್ಜಿ,string
Subrata Saha,ಸುಬ್ರತಾ ಸಹಾ,string
Subrata Thakur,ಸುಬ್ರತಾ ಠಾಕೂರ್,string
Sudarsan Ghosh Dastidar,ಸುದರ್ಶನ್ ಘೋಷ್ ದಸ್ತಿದಾರ್,string
Sudip Kumar Mukherjee,ಸುದೀಪ್ ಕುಮಾರ್ ಮುಖರ್ಜಿ,string
Sudipto Roy,ಸುದೀಪ್ತೋ ರಾಯ್,string
Sujam Uddin Laskar,ಸುಜಮ್ ಉದ್ದೀನ್ ಲಸ್ಕರ್,string
Sujan Chakraborty,ಸುಜನ್ ಚಕ್ರವರ್ತಿ,string
Sujapur,ಸುಜಾಪುರ,string
Sujit Bose,ಸುಜಿತ್ ಬೋಸ್,string
Sujit Chakraborty,ಸುಜಿತ್ ಚಕ್ರವರ್ತಿ,string
Sujith Vijayanpillai,ಸುಜಿತ್ ವಿಜಯನ್ಪಿಳ್ಳೆ,string
Sukanta Kumar Paul,ಸುಕಾಂತ ಕುಮಾರ್ ಪಾಲ್,string
Sukhbilas Barma,ಸುಖ್ಬಿಲಾಸ್ ಬರ್ಮಾ,string
Sukra Munda,ಶುಕ್ರ ಮುಂಡ,string
Sukumar De,ಸುಕುಮಾರ್ ದೇ,string
Sukumar Hansda,ಸುಕುಮಾರ್ ಹನ್ಸ್ದಾ,string
Sukumar Mahata,ಸುಕುಮಾರ್ ಮಹಾತಾ,string
Sukumar Roy,ಸುಕುಮಾರ್ ರಾಯ್,string
Sukur Ali Ahmed,ಸುಕುರ್ ಅಲಿ ಅಹ್ಮದ್,string
Sulthan Bathery,ಸುಲ್ತಾನ್ ಬತ್ತೇರಿ,string
Sulur,ಸೂಲೂರು,string
Sum Ronghang,ಸಮ್ ರೋಂಗ್ಹಾಂಗ್,string
Suman Haripriya,ಸುಮನ್ ಹರಿಪ್ರಿಯಾ,string
Suman Kanjilal,ಸುಮನ್ ಕಾಂಜಿಲಾಲ್,string
Sumita Sinha,ಸುಮಿತಾ ಸಿನ್ಹಾ,string
Sunil Chandra Tirkey,ಸುನಿಲ್ ಚಂದ್ರ ಟಿರ್ಕಿ,string
Sunny Joseph,ಸನ್ನಿ ಜೋಸೆಫ್,string
Surajit Kumar Biswas,ಸೂರಜಿತ್ ಕುಮಾರ್ ಬಿಸ್ವಾಸ್,string
Suren Phukan,ಸುರೇನ್ ಫುಕನ್,string
Suri,ಸೂರಿ,string
Surja Kanta Atta,ಸೂರ್ಜ ಕಾಂತ ಅತ್ತಾ,string
Susanta Ghosh,ಸುಶಾಂತ ಘೋಷ್,string
Sushanta Borgohain,ಸುಶಾಂತ ಬೊರ್ಗೊಹೈನ್,string
Sushanta Mahato,ಸುಶಾಂತ ಮಹತೋ,string
Sushil Barman,ಸುಶೀಲ್ ಬರ್ಮನ್,string
Suti,ಸೂತಿ,string
Suvendu Adhikari,ಸುವೆಂದು ಅಧಿಕಾರಿ,string
Swadhin Kumar Sarkar,ಸ್ವಾಧೀನ್ ಕುಮಾರ್ ಸರ್ಕಾರ್,string
Swapan Bouri,ಸ್ವಪನ್ ಬೌರಿ,string
Swapan Debnath,ಸ್ವಪನ್ ದೇಬನಾಥ್,string
Swapan Kumar Beltharia,ಸ್ವಪನ್ ಕುಮಾರ್ ಬೆಲ್ತೇರಿಯಾ,string
Swapan Majumder,ಸ್ವಪನ್ ಮಜುಂದಾರ್,string
Swarna Kamal Saha,ಸ್ವರ್ಣ ಕಮಲ್ ಸಹಾ,string
Swarupnagar,ಸ್ವರೂಪನಗರ,string
Swati Khandoker,ಸ್ವಾತಿ ಖಂಡೋಕರ್,string
T. A. Ahmed Kabeer,ಟಿ ಎ ಅಹಮದ್ ಕಬೀರ್,string
T. A. Elumalai,ಟಿ.ಎ. ಎಲುಮಲೈ,string
T. Djeamourthy,ಟಿ.ಜೆಮೂರ್ತಿ,string
T. J. Govindrajan,ಟಿ.ಜೆ.ಗೋವಿಂದರಾಜನ್,string
T. J. Saneesh Kumar Joseph,ಟಿ.ಜೆ.ಸನೀಶ್ ಕುಮಾರ್ ಜೋಸೆಫ್,string
T. J. Vinod,ಟಿ ಜೆ ವಿನೋದ್,string
T. K. Amulkandasami,ಟಿ.ಕೆ.ಅಮುಲ್ಕಂದಸಾಮಿ,string
T. K. G. Neelamegam,ಟಿ.ಕೆ.ಜಿ.ನೀಲಮೇಗಂ,string
T. M. Anbarasan,ಟಿ.ಎಂ.ಅನ್ಬರಸನ್,string
T. M. Tamilselvam,ಟಿ ಎಂ ತಮಿಳ್ಸೆಲ್ವಂ,string
T. M. Thomas Issac,T. M. ಥಾಮಸ್ ಐಸಾಕ್,string
T. P. M. Mohideen Khan,ಟಿ.ಪಿ.ಎಂ.ಮೊಹಿದೀನ್ ಖಾನ್,string
T. P. R. Selvame,ಟಿ ಪಿ ಆರ್ ಸೆಲ್ವಮೆ,string
T. P. Ramakrishnan,ಟಿ ಪಿ ರಾಮಕೃಷ್ಣನ್,string
T. R. B. Rajaa,ಟಿ ಆರ್ ಬಿ ರಾಜಾ,string
T. Ramachandran,ಟಿ ರಾಮಚಂದ್ರನ್,string
T. Siddique,ಟಿ.ಸಿದ್ದೀಕ್,string
T. Udhayasuriyan,ಟಿ.ಉದಯಸೂರಿಯನ್,string
T. V. Ibrahim,ಟಿ ವಿ ಇಬ್ರಾಹಿಂ,string
T. V. Rajesh,ಟಿ ವಿ ರಾಜೇಶ್,string
T. Velmurugan,ಟಿ. ವೇಲ್ಮುರುಗನ್,string
T.Senguttuvan,ಟಿ.ಸೆಂಗಟ್ಟುವನ್,string
TAMULPUR (ST),ತಮುಲ್ಪುರ್ (ಎಸ್‌ಟಿ),string
TANGLA,ತಂಗ್ಲಾ,string
TEOK,TEOK,string
TEZPUR,ತೇಜ್ಪುರ,string
TI. Madhusoodanan,TI ಮಧುಸೂದನನ್,string
TIHU,TIHU,string
TINGKHONG,ಟಿಂಗ್ಹಾಂಗ್,string
TINSUKIA,ಟಿನ್ಸುಕಿಯಾ,string
TITABOR,ಟೈಟಾಬೋರ್,string
TMC,ಟಿಎಂಸಿ,string
Tajmul Hossain,ತಜ್ಮುಲ್ ಹುಸೇನ್,string
Taldangra,ತಾಲ್ದಂಗ್ರಾ,string
Taliparamba,ತಳಿಪರಂಬ,string
Tambaram,ತಾಂಬರಂ,string
Tamluk,ತಮ್ಲುಕ್,string
Tamonash Ghosh,ತಮೋನಾಶ್ ಘೋಷ್,string
Tamulpur,ತಾಮುಲ್ಪುರ,string
Tanmay Ghosh,ತನ್ಮಯ್ ಘೋಷ್,string
Tanmoy Bhattacharya,ತನ್ಮೋಯ್ ಭಟ್ಟಾಚಾರ್ಯ,string
Tanur,ತಾನೂರ್,string
Tapan (ST),ತಪನ್ (ಎಸ್‌ಟಿ),string
Tapan Chatterjee,ತಪನ್ ಚಟರ್ಜಿ,string
Tapan Dasgupta,ತಪನ್ ದಾಸ್ಗುಪ್ತ,string
Tapas Banerjee,ತಪಸ್ ಬ್ಯಾನರ್ಜಿ,string
Tapas Kumar Saha,ತಪಸ್ ಕುಮಾರ್ ಸಹಾ,string
Tapas Roy,ತಪಸ್ ರಾಯ್,string
Tapash Chatterjee,ತಪಶ್ ಚಟರ್ಜಿ,string
Tapasi Mondal,ತಾಪಸಿ ಮೊಂಡಲ್,string
Tarakeswar,ತಾರಕೇಶ್ವರ,string
Taranga Gogoi,ತರಂಗ ಗೊಗೋಯ್,string
Tarun Kumar Maity,ತರುಣ್ ಕುಮಾರ್ ಮೇಟಿ,string
Tarur,ತರೂರ್,string
Tehatta,ತೆಹಟ್ಟಾ,string
Tenkasi,ತೆಂಕಶಿ,string
Teok,ಟಿಯೋಕ್,string
Terash Gowalla,ತೆರಾಶ್ ಗೋವಲ್ಲ,string
Tezpur,ತೇಜ್ಪುರ್,string
Thalassery,ತಲಶ್ಶೇರಿ,string
Thalli,ಥಲ್ಲಿ,string
Thamimun Ansari.M,ತಮಿಮುನ್ ಅನ್ಸಾರಿ.ಎಂ,string
Thanga Tamil Selvam,ತಂಗ ತಮಿಳ್ ಸೆಲ್ವಂ,string
Thangam Thenarasu,ತಂಗಂ ತೇನರಸು,string
Thangam Thennarasu,ತಂಗಂ ತೆನ್ನರಸು,string
Thangamani P,ತಂಗಮಣಿ ಪಿ,string
Thangathurai R,ತಂಗತುರೈ ಆರ್,string
Thaniyarasu U,ತಣಿಯರಸು ಯು,string
Thanjavur,ತಂಜಾವೂರು,string
Thattanchavady,ತಟ್ಟಂಚವಾಡಿ,string
Thavanur,ತವನೂರ,string
The Nilgiris,ನೀಲಗಿರಿ,string
Theni,ತೇಣಿ,string
Thennarasu K S,ತೆನ್ನರಸು ಕೆ ಎಸ್,string
Thiravidamani.M.,ತಿರವಿಡಮಣಿ.ಎಂ.,string
Thiru-VI-Ka-Nagar (SC),ತಿರು-VI-ಕಾ-ನಗರ (ಎಸ್‌ಸಿ),string
Thirubuvanai (SC),ತಿರುಬುವಾನೈ (ಎಸ್‌ಸಿ),string
Thirumagan Evera,ತಿರುಮಗನ್ ಎವೆರಾ,string
Thirumangalam,ತಿರುಮಂಗಲಂ,string
Thirumayam,ತಿರುಮಯಂ,string
Thirunallar,ತಿರುನಲ್ಲಾರ್,string
Thiruparankundram,ತಿರುಪರಂಕುಂದ್ರಂ,string
Thiruporur,ತಿರುಪೋರೂರು,string
Thiruthuraipoondi (SC),ತಿರುತುರೈಪೂಂಡಿ (ಎಸ್‌ಸಿ),string
Thiruvaiyaru,ತಿರುವಯ್ಯರು,string
Thiruvalla,ತಿರುವಲ್ಲಾ,string
Thiruvallur,ತಿರುವಳ್ಳೂರ್,string
Thiruvambady,ತಿರುವಂಬಾಡಿ,string
Thiruvananthapuram,ತಿರುವನಂತಪುರಂ,string
Thiruvanchoor Radhakrishnan,ತಿರುವಂಚೂರ್ ರಾಧಾಕೃಷ್ಣನ್,string
Thiruvarur,ತಿರುವಾರೂರ್,string
Thiruverumbur,ತಿರುವೆರುಂಬೂರ್,string
Thiruvidaimarudur,ತಿರುವಿಡೈಮರುದೂರ್,string
Thiruvottiyur,ತಿರುವೊಟ್ಟಿಯೂರ್,string
Thiyagarayanagar,ತ್ಯಾಗರಾಯನಗರ,string
Thodupuzha,ತೊಡುಪುಳ,string
Thomas Chandy,ಥಾಮಸ್ ಚಾಂಡಿ,string
Thomas K. Thomas,ಥಾಮಸ್ ಕೆ. ಥಾಮಸ್,string
Thondamuthur,ತೊಂಡಮುತ್ತೂರು,string
Thoothukkudi,ತೂತುಕ್ಕುಡಿ,string
Thottathil Raveendran,ತೊಟ್ಟತ್ತಿಲ್ ರವೀಂದ್ರನ್,string
Thousand Lights,ಸಾವಿರ ದೀಪಗಳು,string
Thowra,ಥೌರಾ,string
Thrikaripur,ತ್ರಿಕರಿಪುರ,string
Thrikkakara,ತೃಕ್ಕಾಕರ,string
Thrippunithura,ತ್ರಿಪ್ಪುಣಿತುರಾ,string
Thrissur,ತ್ರಿಶೂರ್,string
Thrithala,ತ್ರಿತಾಳ,string
Thuraiyur (SC),ತುರೈಯೂರ್ (ಎಸ್‌ಸಿ),string
Tilak Kumar Chakraborty,ತಿಲಕ್ ಕುಮಾರ್ ಚಕ್ರವರ್ತಿ,string
Tindivanam (SC),ತಿಂಡಿವನಂ (ಎಸ್‌ಸಿ),string
Tingkhong,ಟಿಂಗ್ಕಾಂಗ್,string
Tinsukia,ಟಿನ್ಸುಕಿಯಾ,string
Tiruchendur,ತಿರುಚೆಂದೂರ್,string
Tiruchengodu,ತಿರುಚೆಂಗೋಡು,string
Tiruchirappalli,ತಿರುಚಿರಾಪಳ್ಳಿ,string
Tiruchirappalli (East),ತಿರುಚಿರಾಪಳ್ಳಿ (ಪೂರ್ವ),string
Tiruchirappalli (West),ತಿರುಚಿರಾಪಳ್ಳಿ (ಪಶ್ಚಿಮ),string
Tiruchuli,ತಿರುಚುಲಿ,string
Tirukkoyilur,ತಿರುಕ್ಕೊಯಿಲೂರ್,string
Tirunelveli,ತಿರುನೆಲ್ವೇಲಿ,string
Tirupattur,ತಿರುಪತ್ತೂರ್,string
Tiruppattur,ತಿರುಪ್ಪತ್ತೂರ್,string
Tiruppur (North),ತಿರುಪ್ಪೂರ್ (ಉತ್ತರ),string
Tiruppur (South),ತಿರುಪ್ಪೂರ್ (ದಕ್ಷಿಣ),string
Tirur,ತಿರುರು,string
Tirurangadi,ತಿರುರಂಗಡಿ,string
Tiruttani,ತಿರುಟ್ಟಣಿ,string
Tiruvadanai,ತಿರುವಡನೈ,string
Tiruvannamalai,ತಿರುವಣ್ಣಾಮಲೈ,string
Titabar,ಟಿಟಾಬಾರ್,string
Tittakudi (SC),ತಿಟ್ಟಕುಡಿ (ಎಸ್‌ಸಿ),string
Tollygunge,ಟಾಲಿಗಂಜ್,string
Topon Kumar Gogoi,ಟೋಪೋನ್ ಕುಮಾರ್ ಗೊಗೋಯ್,string
Toraf Hossain Mandal,ತೊರಾಫ್ ಹೊಸೈನ್ ಮಂಡಲ್,string
Tufanganj,ತುಫಂಗಂಜ್,string
Tushar Kanti Bhattacharya,ತುಷಾರ್ ಕಾಂತಿ ಭಟ್ಟಾಚಾರ್ಯ,string
U. A. Latheef,ಯು.ಎ.ಲತೀಫ್,string
U. Lakshmikandhan,ಯು.ಲಕ್ಷ್ಮೀಕಾಂತನ್,string
U. Prathibha,ಯು.ಪ್ರತಿಭಾ,string
U. Prathibha Hari,ಯು.ಪ್ರತಿಭಾ ಹರಿ,string
U. R. Pradeep,ಯು.ಆರ್.ಪ್ರದೀಪ್,string
UDALGURI (ST),ಉದಾಲಗುರಿ (ಎಸ್‌ಟಿ),string
UDF,ಯುಡಿಎಫ್,string
UDHARBOND,ಉದರ್ಬಾಂಡ್,string
UPA,ಯುಪಿಎ,string
UPPL,ಯುಪಿಪಿಎಲ್,string
Udalguri,ಉದಲಗುರಿ,string
Udalguri (ST),ಉದಲಗುರಿ (ಎಸ್‌ಟಿ),string
Udayan Guha,ಉದಯನ್ ಗುಹಾ,string
Udaynarayanpur,ಉದಯನಾರಾಯಣಪುರ,string
Udhagamandalam,ಉದಗಮಂಡಲಂ,string
Udharbond,ಉದರ್ಬಾಂಡ್,string
Udhayakumar.R.B,ಉದಯಕುಮಾರ್.ಆರ್.ಬಿ,string
Udhayanidhi Stalin,ಉದಯನಿಧಿ ಸ್ಟಾಲಿನ್,string
Udhayasuriyan.T,ಉದಯಸೂರ್ಯನ.ಟಿ,string
Udma,ಉದ್ಮಾ,string
Udumalai K. Radhakrishnan,ಉಡುಮಲೈ ಕೆ. ರಾಧಾಕೃಷ್ಣನ್,string
Udumalaipettai,ಉಡುಮಲೈಪೆಟ್ಟೈ,string
Udumbanchola,ಉಡುಂಬಂಚೋಲ,string
Ujjal Biswas,ಉಜ್ಜಲ್ ಬಿಸ್ವಾಸ್,string
Ujjal Chatterjee,ಉಜ್ಜಲ್ ಚಟರ್ಜಿ,string
Uluberia Dakshin,ಉಲುಬೇರಿಯಾ ದಕ್ಷಿಣ್,string
Uluberia Purba,ಉಲುಬೆರಿಯಾ ಪುರ್ಬಾ,string
Uluberia Uttar (SC),ಉಲುಬೇರಿಯಾ ಉತ್ತರ (ಎಸ್‌ಸಿ),string
Ulundurpettai,ಉಲುಂದೂರುಪೆಟ್ಟೈ,string
Uma Maheswari,ಉಮಾ ಮಹೇಶ್ವರಿ,string
Umapada Bauri,ಉಮಾಪಾದ ಬೌರಿ,string
Urkhao Gwra Brahma,ಉರ್ಖಾವೋ ಗ್ವ್ರಾ ಬ್ರಹ್ಮ,string
Usha Rani Mondal,ಉಷಾ ರಾಣಿ ಮೊಂಡಲ್,string
Usilampatti,ಉಸಿಲಂಪಟ್ಟಿ,string
Uthangarai (SC),ಉತ್ತಂಗರೈ (ಎಸ್‌ಸಿ),string
Uthiramerur,ಉತಿರಮೇರೂರು,string
Utpal Borah,ಉತ್ಪಲ್ ಬೋರಾಹ್,string
Utpal Dutta,ಉತ್ಪಲ್ ದತ್ತಾ,string
Uttam Barik,ಉತ್ತಮ್ ಬಾರಿಕ್,string
Uttar Dinajpur,ಉತ್ತರ ದಿನಜಪುರ,string
Uttara Singha,ಉತ್ತರ ಸಿಂಹ,string
Uttarpara,ಉತ್ತರಪಾರ,string
V. Abdurahiman,ವಿ.ಅಬ್ದುರಹಿಮಾನ್,string
V. Abdurahman,ವಿ.ಅಬ್ದುರಹ್ಮಾನ್,string
V. Alexander,V. ಅಲೆಕ್ಸಾಂಡರ್,string
V. Amulu,ವಿ.ಅಮುಲು,string
V. Balan,ವಿ.ಬಾಲನ್,string
V. C. Arukutty,ವಿ ಸಿ ಅರುಕುಟ್ಟಿ,string
V. D. Satheesan,ವಿ.ಡಿ.ಸತೀಶನ್,string
V. G. Raajendran,ವಿ ಜಿ ರಾಜೇಂದ್ರನ್,string
V. Joy,ವಿ. ಜಾಯ್,string
V. K. C. Mammed Koya,ವಿ.ಕೆ.ಸಿ.ಮಮ್ಮದ್ ಕೋಯಾ,string
V. K. Ebrahim Kunju,ವಿ ಕೆ ಇಬ್ರಾಹಿಂ ಕುಂಜು,string
V. K. Prasanth,ವಿ ಕೆ ಪ್ರಶಾಂತ್,string
V. M. C. Sivakumar,ವಿ ಎಂ ಸಿ ಶಿವಕುಮಾರ್,string
V. M. Rajalakshmi,ವಿ.ಎಂ.ರಾಜಲಕ್ಷ್ಮಿ,string
V. N. Vasavan,ವಿ.ಎನ್.ವಾಸವನ್,string
V. P. B. Paramasivam,ವಿ.ಪಿ.ಬಿ.ಪರಮಶಿವಂ,string
V. P. Kandasamy,ವಿ.ಪಿ.ಕಂದಸಾಮಿ,string
V. P. Sajeendran,ವಿ.ಪಿ.ಸಜೀಂದ್ರನ್,string
V. P. Sivakolundhu,ವಿ.ಪಿ.ಶಿವಕೋಲುಂದು,string
V. R. Johnkumar,ವಿ ಆರ್ ಜಾನ್ಕುಮಾರ್,string
V. R. Sunil Kumar,ವಿ ಆರ್ ಸುನಿಲ್ ಕುಮಾರ್,string
V. S. Achuthanandan,ವಿ ಎಸ್ ಅಚ್ಯುತಾನಂದನ್,string
V. S. Sivakumar,ವಿ ಎಸ್ ಶಿವಕುಮಾರ್,string
V. S. Sunil Kumar,ವಿ ಎಸ್ ಸುನೀಲ್ ಕುಮಾರ್,string
V. Sampathkumar,ವಿ.ಸಂಪತ್ಕುಮಾರ್,string
V. Sasi,ವಿ. ಶಶಿ,string
V. Senthil Balaji,ವಿ.ಸೆಂಥಿಲ್ ಬಾಲಾಜಿ,string
V. Senthilbalaji,ವಿ.ಸೆಂಥಿಲಬಾಲಾಜಿ,string
V. Sivankutty,ವಿ.ಶಿವನಕುಟ್ಟಿ,string
V. T. Balram,ವಿ ಟಿ ಬಲರಾಮ್,string
V. V. Rajan Chellappa,ವಿ.ವಿ.ರಾಜನ್ ಚೆಲ್ಲಪ್ಪ,string
V. Vaithilingam,ವಿ.ವೈತಿಲಿಂಗಂ,string
V. Vizeaveny,V. ವಿಜೆವೆನಿ,string
V.N.Virugai Ravi,ವಿ.ಎನ್.ವಿರುಗೈ ರವಿ,string
V.Rajendran,ವಿ.ರಾಜೇಂದ್ರನ್,string
VCK,ವಿಸಿಕೆ,string
Vagai Chanderasekar,ವಗೈ ಚಂದ್ರಶೇಖರ್,string
Vaikom,ವೈಕೋಮ್,string
Vaiyapuri Manikandan,ವೈಯಾಪುರಿ ಮಣಿಕಂದನ್,string
Valarmathi.S,ವಲರ್ಮತಿ.ಎಸ್,string
Vallikkunnu,ವಲ್ಲಿಕ್ಕುನ್ನು,string
Valparai (SC),ವಾಲ್ಪಾರೈ (ಎಸ್‌ಸಿ),string
Vamanapuram,ವಾಮನಪುರಂ,string
Vanathi Srinivasan,ವನತಿ ಶ್ರೀನಿವಾಸನ್,string
Vandavasi (SC),ವಂದವಾಸಿ (ಎಸ್‌ಸಿ),string
Vaniyambadi,ವಾಣಿಯಂಬಾಡಿ,string
Vanur (SC),ವನೂರ್ (ಎಸ್‌ಸಿ),string
Varkala,ವರ್ಕಳ,string
Vasudevanallur (SC),ವಾಸುದೇವನಲ್ಲೂರು (ಎಸ್‌ಸಿ),string
Vatakara,ವಟಕಾರ,string
Vattiyoorkavu,ವಟ್ಟಿಯೂರ್ಕಾವು,string
Vazhoor Soman,ವಾಜೂರ್ ಸೋಮನ್,string
Vedaranyam,ವೇದಾರಣ್ಯಂ,string
Vedasandur,ವೇದಸಂದೂರು,string
Veena George,ವೀಣಾ ಜಾರ್ಜ್,string
Veeramani. K. C,ವೀರಮಣಿ. ಕೆ.ಸಿ,string
Veerapandi,ವೀರಪಾಂಡಿ,string
Velachery,ವೆಲಚೇರಿ,string
Vellore,ವೆಲ್ಲೂರು,string
Velumani.S.P.,ವೇಲುಮಣಿ.ಎಸ್.ಪಿ.,string
Vengara,ವೆಂಗಾರ,string
Venkatachalam.G,ವೆಂಕಟಾಚಲಂ.ಜಿ,string
Venkatachalam.N.D,ವೆಂಕಟಾಚಲಂ.ಎನ್.ಡಿ,string
Veppanahalli,ವೆಪ್ಪನಹಳ್ಳಿ,string
Vetrivel.S,ವೆಟ್ರಿವೇಲ್.ಎಸ್,string
Vijaya Baskar C,ವಿಜಯ ಭಾಸ್ಕರ್ ಸಿ,string
Vijayabhaskar .M.R,ವಿಜಯಭಾಸ್ಕರ್ .ಎಂ.ಆರ್,string
Vijayakumar Kn,ವಿಜಯಕುಮಾರ್ ಕೆ.ಎನ್,string
Vikravandi,ವಿಕ್ರವಾಂಡಿ,string
Vilathikulam,ವಿಲತ್ತಿಕುಲಂ,string
Vilavancode,ವಿಲವಂಕೋಡ್,string
Villianur,ವಿಲಿಯನೂರು,string
Villivakkam,ವಿಲ್ಲಿವಕ್ಕಂ,string
Villupuram,ವಿಲ್ಲುಪುರಂ,string
Viluppuram,ವಿಲುಪ್ಪುರಂ,string
Viralimalai,ವಿರಾಲಿಮಲೈ,string
Virudhachalam,ವಿರುಧಾಚಲಂ,string
Virudhunagar,ವಿರುದುನಗರ,string
Virugambakkam,ವಿರುಗಂಬಾಕ್ಕಂ,string
Vivek Gupta,ವಿವೇಕ್ ಗುಪ್ತಾ,string
Vivekananda Bauri,ವಿವೇಕಾನಂದ ಬೌರಿ,string
Vypin,ವೈಪಿನ್,string
Wadakkanchery,ವಡಕ್ಕಂಚೇರಿ,string
Wandoor,ವಂಡೂರ್,string
Wayanad,ವಯನಾಡ್,string
Wazed Ali Choudhury,ವಝೆದ್ ಅಲಿ ಚೌಧರಿ,string
West Karbi Anglong,ಪಶ್ಚಿಮ ಕರ್ಬಿ ಆಂಗ್ಲಾಂಗ್,string
Wilson Champramary,ವಿಲ್ಸನ್ ಚಂಪ್ರಾಮರಿ,string
Xavier Chittilappilly,ಕ್ಸೇವಿಯರ್ ಚಿಟ್ಟಿಲಪಿಲ್ಲಿ,string
Y. Prakaash,ವೈ.ಪ್ರಕಾಶ್,string
Yanam,ಯಾನಂ,string
Yercaud (ST),ಯೆರ್ಕಾಡ್ (ಎಸ್‌ಟಿ),string
Zakir Hussain Laskar,ಜಾಕಿರ್ ಹುಸೇನ್ ಲಸ್ಕರ್,string
|M. R. Gandhi,|ಎಂ. ಆರ್. ಗಾಂಧಿ,string
