"state_key","state","no","y2026_winner_name","status","updated_at","y2026_winner_party"
"ASSAM","Assam","1","NA","","2026-04-06T06:49:21Z","NA"
"ASSAM","Assam","2","NA","","2026-04-06T06:49:21Z","NA"
"ASSAM","Assam","3","NA","","2026-04-06T06:49:21Z","NA"
"ASSAM","Assam","4","NA","","2026-04-06T06:49:21Z","NA"
"ASSAM","Assam","5","NA","","2026-04-06T06:49:21Z","NA"
"ASSAM","Assam","6","NA","","2026-04-06T06:49:21Z","NA"
"ASSAM","Assam","7","NA","","2026-04-06T06:49:21Z","NA"
"ASSAM","Assam","8","NA","","2026-04-06T06:49:21Z","NA"
"ASSAM","Assam","9","NA","","2026-04-06T06:49:21Z","NA"
"ASSAM","Assam","10","NA","","2026-04-06T06:49:21Z","NA"
"ASSAM","Assam","11","NA","","2026-04-06T06:49:21Z","NA"
"ASSAM","Assam","12","NA","","2026-04-06T06:49:21Z","NA"
"ASSAM","Assam","13","NA","","2026-04-06T06:49:21Z","NA"
"ASSAM","Assam","14","NA","","2026-04-06T06:49:21Z","NA"
"ASSAM","Assam","15","NA","","2026-04-06T06:49:21Z","NA"
"ASSAM","Assam","16","NA","","2026-04-06T06:49:21Z","NA"
"ASSAM","Assam","17","NA","","2026-04-06T06:49:21Z","NA"
"ASSAM","Assam","18","NA","","2026-04-06T06:49:21Z","NA"
"ASSAM","Assam","19","NA","","2026-04-06T06:49:21Z","NA"
"ASSAM","Assam","20","NA","","2026-04-06T06:49:21Z","NA"
"ASSAM","Assam","21","NA","","2026-04-06T06:49:21Z","NA"
"ASSAM","Assam","22","NA","","2026-04-06T06:49:21Z","NA"
"ASSAM","Assam","23","NA","","2026-04-06T06:49:21Z","NA"
"ASSAM","Assam","24","NA","","2026-04-06T06:49:21Z","NA"
"ASSAM","Assam","25","NA","","2026-04-06T06:49:21Z","NA"
"ASSAM","Assam","26","NA","","2026-04-06T06:49:21Z","NA"
"ASSAM","Assam","27","NA","","2026-04-06T06:49:21Z","NA"
"ASSAM","Assam","28","NA","","2026-04-06T06:49:21Z","NA"
"ASSAM","Assam","29","NA","","2026-04-06T06:49:21Z","NA"
"ASSAM","Assam","30","NA","","2026-04-06T06:49:21Z","NA"
"ASSAM","Assam","31","NA","","2026-04-06T06:49:21Z","NA"
"ASSAM","Assam","32","NA","","2026-04-06T06:49:21Z","NA"
"ASSAM","Assam","33","NA","","2026-04-06T06:49:21Z","NA"
"ASSAM","Assam","34","NA","","2026-04-06T06:49:21Z","NA"
"ASSAM","Assam","35","NA","","2026-04-06T06:49:21Z","NA"
"ASSAM","Assam","36","NA","","2026-04-06T06:49:21Z","NA"
"ASSAM","Assam","37","NA","","2026-04-06T06:49:21Z","NA"
"ASSAM","Assam","38","NA","","2026-04-06T06:49:21Z","NA"
"ASSAM","Assam","39","NA","","2026-04-06T06:49:21Z","NA"
"ASSAM","Assam","40","NA","","2026-04-06T06:49:21Z","NA"
"ASSAM","Assam","41","NA","","2026-04-06T06:49:21Z","NA"
"ASSAM","Assam","42","NA","","2026-04-06T06:49:21Z","NA"
"ASSAM","Assam","43","NA","","2026-04-06T06:49:21Z","NA"
"ASSAM","Assam","44","NA","","2026-04-06T06:49:21Z","NA"
"ASSAM","Assam","45","NA","","2026-04-06T06:49:21Z","NA"
"ASSAM","Assam","46","NA","","2026-04-06T06:49:21Z","NA"
"ASSAM","Assam","47","NA","","2026-04-06T06:49:21Z","NA"
"ASSAM","Assam","48","NA","","2026-04-06T06:49:21Z","NA"
"ASSAM","Assam","49","NA","","2026-04-06T06:49:21Z","NA"
"ASSAM","Assam","50","NA","","2026-04-06T06:49:21Z","NA"
"ASSAM","Assam","51","NA","","2026-04-06T06:49:21Z","NA"
"ASSAM","Assam","52","NA","","2026-04-06T06:49:21Z","NA"
"ASSAM","Assam","53","NA","","2026-04-06T06:49:21Z","NA"
"ASSAM","Assam","54","NA","","2026-04-06T06:49:21Z","NA"
"ASSAM","Assam","55","NA","","2026-04-06T06:49:21Z","NA"
"ASSAM","Assam","56","NA","","2026-04-06T06:49:21Z","NA"
"ASSAM","Assam","57","NA","","2026-04-06T06:49:21Z","NA"
"ASSAM","Assam","58","NA","","2026-04-06T06:49:21Z","NA"
"ASSAM","Assam","59","NA","","2026-04-06T06:49:21Z","NA"
"ASSAM","Assam","60","NA","","2026-04-06T06:49:21Z","NA"
"ASSAM","Assam","61","NA","","2026-04-06T06:49:21Z","NA"
"ASSAM","Assam","62","NA","","2026-04-06T06:49:21Z","NA"
"ASSAM","Assam","63","NA","","2026-04-06T06:49:21Z","NA"
"ASSAM","Assam","64","NA","","2026-04-06T06:49:21Z","NA"
"ASSAM","Assam","65","NA","","2026-04-06T06:49:21Z","NA"
"ASSAM","Assam","66","NA","","2026-04-06T06:49:21Z","NA"
"ASSAM","Assam","67","NA","","2026-04-06T06:49:21Z","NA"
"ASSAM","Assam","68","NA","","2026-04-06T06:49:21Z","NA"
"ASSAM","Assam","69","NA","","2026-04-06T06:49:21Z","NA"
"ASSAM","Assam","70","NA","","2026-04-06T06:49:21Z","NA"
"ASSAM","Assam","71","NA","","2026-04-06T06:49:21Z","NA"
"ASSAM","Assam","72","NA","","2026-04-06T06:49:21Z","NA"
"ASSAM","Assam","73","NA","","2026-04-06T06:49:21Z","NA"
"ASSAM","Assam","74","NA","","2026-04-06T06:49:21Z","NA"
"ASSAM","Assam","75","NA","","2026-04-06T06:49:21Z","NA"
"ASSAM","Assam","76","NA","","2026-04-06T06:49:21Z","NA"
"ASSAM","Assam","77","NA","","2026-04-06T06:49:21Z","NA"
"ASSAM","Assam","78","NA","","2026-04-06T06:49:21Z","NA"
"ASSAM","Assam","79","NA","","2026-04-06T06:49:21Z","NA"
"ASSAM","Assam","80","NA","","2026-04-06T06:49:21Z","NA"
"ASSAM","Assam","81","NA","","2026-04-06T06:49:21Z","NA"
"ASSAM","Assam","82","NA","","2026-04-06T06:49:21Z","NA"
"ASSAM","Assam","83","NA","","2026-04-06T06:49:21Z","NA"
"ASSAM","Assam","84","NA","","2026-04-06T06:49:21Z","NA"
"ASSAM","Assam","85","NA","","2026-04-06T06:49:21Z","NA"
"ASSAM","Assam","86","NA","","2026-04-06T06:49:21Z","NA"
"ASSAM","Assam","87","NA","","2026-04-06T06:49:21Z","NA"
"ASSAM","Assam","88","NA","","2026-04-06T06:49:21Z","NA"
"ASSAM","Assam","89","NA","","2026-04-06T06:49:21Z","NA"
"ASSAM","Assam","90","NA","","2026-04-06T06:49:21Z","NA"
"ASSAM","Assam","91","NA","","2026-04-06T06:49:21Z","NA"
"ASSAM","Assam","92","NA","","2026-04-06T06:49:21Z","NA"
"ASSAM","Assam","93","NA","","2026-04-06T06:49:21Z","NA"
"ASSAM","Assam","94","NA","","2026-04-06T06:49:21Z","NA"
"ASSAM","Assam","95","NA","","2026-04-06T06:49:21Z","NA"
"ASSAM","Assam","96","NA","","2026-04-06T06:49:21Z","NA"
"ASSAM","Assam","97","NA","","2026-04-06T06:49:21Z","NA"
"ASSAM","Assam","98","NA","","2026-04-06T06:49:21Z","NA"
"ASSAM","Assam","99","NA","","2026-04-06T06:49:21Z","NA"
"ASSAM","Assam","100","NA","","2026-04-06T06:49:21Z","NA"
"ASSAM","Assam","101","NA","","2026-04-06T06:49:21Z","NA"
"ASSAM","Assam","102","NA","","2026-04-06T06:49:21Z","NA"
"ASSAM","Assam","103","NA","","2026-04-06T06:49:21Z","NA"
"ASSAM","Assam","104","NA","","2026-04-06T06:49:21Z","NA"
"ASSAM","Assam","105","NA","","2026-04-06T06:49:21Z","NA"
"ASSAM","Assam","106","NA","","2026-04-06T06:49:21Z","NA"
"ASSAM","Assam","107","NA","","2026-04-06T06:49:21Z","NA"
"ASSAM","Assam","108","NA","","2026-04-06T06:49:21Z","NA"
"ASSAM","Assam","109","NA","","2026-04-06T06:49:21Z","NA"
"ASSAM","Assam","110","NA","","2026-04-06T06:49:21Z","NA"
"ASSAM","Assam","111","NA","","2026-04-06T06:49:21Z","NA"
"ASSAM","Assam","112","NA","","2026-04-06T06:49:21Z","NA"
"ASSAM","Assam","113","NA","","2026-04-06T06:49:21Z","NA"
"ASSAM","Assam","114","NA","","2026-04-06T06:49:21Z","NA"
"ASSAM","Assam","115","NA","","2026-04-06T06:49:21Z","NA"
"ASSAM","Assam","116","NA","","2026-04-06T06:49:21Z","NA"
"ASSAM","Assam","117","NA","","2026-04-06T06:49:21Z","NA"
"ASSAM","Assam","118","NA","","2026-04-06T06:49:21Z","NA"
"ASSAM","Assam","119","NA","","2026-04-06T06:49:21Z","NA"
"ASSAM","Assam","120","NA","","2026-04-06T06:49:21Z","NA"
"ASSAM","Assam","121","NA","","2026-04-06T06:49:21Z","NA"
"ASSAM","Assam","122","NA","","2026-04-06T06:49:21Z","NA"
"ASSAM","Assam","123","NA","","2026-04-06T06:49:21Z","NA"
"ASSAM","Assam","124","NA","","2026-04-06T06:49:21Z","NA"
"ASSAM","Assam","125","NA","","2026-04-06T06:49:21Z","NA"
"ASSAM","Assam","126","NA","","2026-04-06T06:49:21Z","NA"
"KERALA","Kerala","1","NA","","2026-04-06T06:49:21Z","NA"
"KERALA","Kerala","2","NA","","2026-04-06T06:49:21Z","NA"
"KERALA","Kerala","3","NA","","2026-04-06T06:49:21Z","NA"
"KERALA","Kerala","4","NA","","2026-04-06T06:49:21Z","NA"
"KERALA","Kerala","5","NA","","2026-04-06T06:49:21Z","NA"
"KERALA","Kerala","6","NA","","2026-04-06T06:49:21Z","NA"
"KERALA","Kerala","7","NA","","2026-04-06T06:49:21Z","NA"
"KERALA","Kerala","8","NA","","2026-04-06T06:49:21Z","NA"
"KERALA","Kerala","9","NA","","2026-04-06T06:49:21Z","NA"
"KERALA","Kerala","10","NA","","2026-04-06T06:49:21Z","NA"
"KERALA","Kerala","11","NA","","2026-04-06T06:49:21Z","NA"
"KERALA","Kerala","12","NA","","2026-04-06T06:49:21Z","NA"
"KERALA","Kerala","13","NA","","2026-04-06T06:49:21Z","NA"
"KERALA","Kerala","14","NA","","2026-04-06T06:49:21Z","NA"
"KERALA","Kerala","15","NA","","2026-04-06T06:49:21Z","NA"
"KERALA","Kerala","16","NA","","2026-04-06T06:49:21Z","NA"
"KERALA","Kerala","17","NA","","2026-04-06T06:49:21Z","NA"
"KERALA","Kerala","18","NA","","2026-04-06T06:49:21Z","NA"
"KERALA","Kerala","19","NA","","2026-04-06T06:49:21Z","NA"
"KERALA","Kerala","20","NA","","2026-04-06T06:49:21Z","NA"
"KERALA","Kerala","21","NA","","2026-04-06T06:49:21Z","NA"
"KERALA","Kerala","22","NA","","2026-04-06T06:49:21Z","NA"
"KERALA","Kerala","23","NA","","2026-04-06T06:49:21Z","NA"
"KERALA","Kerala","24","NA","","2026-04-06T06:49:21Z","NA"
"KERALA","Kerala","25","NA","","2026-04-06T06:49:21Z","NA"
"KERALA","Kerala","26","NA","","2026-04-06T06:49:21Z","NA"
"KERALA","Kerala","27","NA","","2026-04-06T06:49:21Z","NA"
"KERALA","Kerala","28","NA","","2026-04-06T06:49:21Z","NA"
"KERALA","Kerala","29","NA","","2026-04-06T06:49:21Z","NA"
"KERALA","Kerala","30","NA","","2026-04-06T06:49:21Z","NA"
"KERALA","Kerala","31","NA","","2026-04-06T06:49:21Z","NA"
"KERALA","Kerala","32","NA","","2026-04-06T06:49:21Z","NA"
"KERALA","Kerala","33","NA","","2026-04-06T06:49:21Z","NA"
"KERALA","Kerala","34","NA","","2026-04-06T06:49:21Z","NA"
"KERALA","Kerala","35","NA","","2026-04-06T06:49:21Z","NA"
"KERALA","Kerala","36","NA","","2026-04-06T06:49:21Z","NA"
"KERALA","Kerala","37","NA","","2026-04-06T06:49:21Z","NA"
"KERALA","Kerala","38","NA","","2026-04-06T06:49:21Z","NA"
"KERALA","Kerala","39","NA","","2026-04-06T06:49:21Z","NA"
"KERALA","Kerala","40","NA","","2026-04-06T06:49:21Z","NA"
"KERALA","Kerala","41","NA","","2026-04-06T06:49:21Z","NA"
"KERALA","Kerala","42","NA","","2026-04-06T06:49:21Z","NA"
"KERALA","Kerala","43","NA","","2026-04-06T06:49:21Z","NA"
"KERALA","Kerala","44","NA","","2026-04-06T06:49:21Z","NA"
"KERALA","Kerala","45","NA","","2026-04-06T06:49:21Z","NA"
"KERALA","Kerala","46","NA","","2026-04-06T06:49:21Z","NA"
"KERALA","Kerala","47","NA","","2026-04-06T06:49:21Z","NA"
"KERALA","Kerala","48","NA","","2026-04-06T06:49:21Z","NA"
"KERALA","Kerala","49","NA","","2026-04-06T06:49:21Z","NA"
"KERALA","Kerala","50","NA","","2026-04-06T06:49:21Z","NA"
"KERALA","Kerala","51","NA","","2026-04-06T06:49:21Z","NA"
"KERALA","Kerala","52","NA","","2026-04-06T06:49:21Z","NA"
"KERALA","Kerala","53","NA","","2026-04-06T06:49:21Z","NA"
"KERALA","Kerala","54","NA","","2026-04-06T06:49:21Z","NA"
"KERALA","Kerala","55","NA","","2026-04-06T06:49:21Z","NA"
"KERALA","Kerala","56","NA","","2026-04-06T06:49:21Z","NA"
"KERALA","Kerala","57","NA","","2026-04-06T06:49:21Z","NA"
"KERALA","Kerala","58","NA","","2026-04-06T06:49:21Z","NA"
"KERALA","Kerala","59","NA","","2026-04-06T06:49:21Z","NA"
"KERALA","Kerala","60","NA","","2026-04-06T06:49:21Z","NA"
"KERALA","Kerala","61","NA","","2026-04-06T06:49:21Z","NA"
"KERALA","Kerala","62","NA","","2026-04-06T06:49:21Z","NA"
"KERALA","Kerala","63","NA","","2026-04-06T06:49:21Z","NA"
"KERALA","Kerala","64","NA","","2026-04-06T06:49:21Z","NA"
"KERALA","Kerala","65","NA","","2026-04-06T06:49:21Z","NA"
"KERALA","Kerala","66","NA","","2026-04-06T06:49:21Z","NA"
"KERALA","Kerala","67","NA","","2026-04-06T06:49:21Z","NA"
"KERALA","Kerala","68","NA","","2026-04-06T06:49:21Z","NA"
"KERALA","Kerala","69","NA","","2026-04-06T06:49:21Z","NA"
"KERALA","Kerala","70","NA","","2026-04-06T06:49:21Z","NA"
"KERALA","Kerala","71","NA","","2026-04-06T06:49:21Z","NA"
"KERALA","Kerala","72","NA","","2026-04-06T06:49:21Z","NA"
"KERALA","Kerala","73","NA","","2026-04-06T06:49:21Z","NA"
"KERALA","Kerala","74","NA","","2026-04-06T06:49:21Z","NA"
"KERALA","Kerala","75","NA","","2026-04-06T06:49:21Z","NA"
"KERALA","Kerala","76","NA","","2026-04-06T06:49:21Z","NA"
"KERALA","Kerala","77","NA","","2026-04-06T06:49:21Z","NA"
"KERALA","Kerala","78","NA","","2026-04-06T06:49:21Z","NA"
"KERALA","Kerala","79","NA","","2026-04-06T06:49:21Z","NA"
"KERALA","Kerala","80","NA","","2026-04-06T06:49:21Z","NA"
"KERALA","Kerala","81","NA","","2026-04-06T06:49:21Z","NA"
"KERALA","Kerala","82","NA","","2026-04-06T06:49:21Z","NA"
"KERALA","Kerala","83","NA","","2026-04-06T06:49:21Z","NA"
"KERALA","Kerala","84","NA","","2026-04-06T06:49:21Z","NA"
"KERALA","Kerala","85","NA","","2026-04-06T06:49:21Z","NA"
"KERALA","Kerala","86","NA","","2026-04-06T06:49:21Z","NA"
"KERALA","Kerala","87","NA","","2026-04-06T06:49:21Z","NA"
"KERALA","Kerala","88","NA","","2026-04-06T06:49:21Z","NA"
"KERALA","Kerala","89","NA","","2026-04-06T06:49:21Z","NA"
"KERALA","Kerala","90","NA","","2026-04-06T06:49:21Z","NA"
"KERALA","Kerala","91","NA","","2026-04-06T06:49:21Z","NA"
"KERALA","Kerala","92","NA","","2026-04-06T06:49:21Z","NA"
"KERALA","Kerala","93","NA","","2026-04-06T06:49:21Z","NA"
"KERALA","Kerala","94","NA","","2026-04-06T06:49:21Z","NA"
"KERALA","Kerala","95","NA","","2026-04-06T06:49:21Z","NA"
"KERALA","Kerala","96","NA","","2026-04-06T06:49:21Z","NA"
"KERALA","Kerala","97","NA","","2026-04-06T06:49:21Z","NA"
"KERALA","Kerala","98","NA","","2026-04-06T06:49:21Z","NA"
"KERALA","Kerala","99","NA","","2026-04-06T06:49:21Z","NA"
"KERALA","Kerala","100","NA","","2026-04-06T06:49:21Z","NA"
"KERALA","Kerala","101","NA","","2026-04-06T06:49:21Z","NA"
"KERALA","Kerala","102","NA","","2026-04-06T06:49:21Z","NA"
"KERALA","Kerala","103","NA","","2026-04-06T06:49:21Z","NA"
"KERALA","Kerala","104","NA","","2026-04-06T06:49:21Z","NA"
"KERALA","Kerala","105","NA","","2026-04-06T06:49:21Z","NA"
"KERALA","Kerala","106","NA","","2026-04-06T06:49:21Z","NA"
"KERALA","Kerala","107","NA","","2026-04-06T06:49:21Z","NA"
"KERALA","Kerala","108","NA","","2026-04-06T06:49:21Z","NA"
"KERALA","Kerala","109","NA","","2026-04-06T06:49:21Z","NA"
"KERALA","Kerala","110","NA","","2026-04-06T06:49:21Z","NA"
"KERALA","Kerala","111","NA","","2026-04-06T06:49:21Z","NA"
"KERALA","Kerala","112","NA","","2026-04-06T06:49:21Z","NA"
"KERALA","Kerala","113","NA","","2026-04-06T06:49:21Z","NA"
"KERALA","Kerala","114","NA","","2026-04-06T06:49:21Z","NA"
"KERALA","Kerala","115","NA","","2026-04-06T06:49:21Z","NA"
"KERALA","Kerala","116","NA","","2026-04-06T06:49:21Z","NA"
"KERALA","Kerala","117","NA","","2026-04-06T06:49:21Z","NA"
"KERALA","Kerala","118","NA","","2026-04-06T06:49:21Z","NA"
"KERALA","Kerala","119","NA","","2026-04-06T06:49:21Z","NA"
"KERALA","Kerala","120","NA","","2026-04-06T06:49:21Z","NA"
"KERALA","Kerala","121","NA","","2026-04-06T06:49:21Z","NA"
"KERALA","Kerala","122","NA","","2026-04-06T06:49:21Z","NA"
"KERALA","Kerala","123","NA","","2026-04-06T06:49:21Z","NA"
"KERALA","Kerala","124","NA","","2026-04-06T06:49:21Z","NA"
"KERALA","Kerala","125","NA","","2026-04-06T06:49:21Z","NA"
"KERALA","Kerala","126","NA","","2026-04-06T06:49:21Z","NA"
"KERALA","Kerala","127","NA","","2026-04-06T06:49:21Z","NA"
"KERALA","Kerala","128","NA","","2026-04-06T06:49:21Z","NA"
"KERALA","Kerala","129","NA","","2026-04-06T06:49:21Z","NA"
"KERALA","Kerala","130","NA","","2026-04-06T06:49:21Z","NA"
"KERALA","Kerala","131","NA","","2026-04-06T06:49:21Z","NA"
"KERALA","Kerala","132","NA","","2026-04-06T06:49:21Z","NA"
"KERALA","Kerala","133","NA","","2026-04-06T06:49:21Z","NA"
"KERALA","Kerala","134","NA","","2026-04-06T06:49:21Z","NA"
"KERALA","Kerala","135","NA","","2026-04-06T06:49:21Z","NA"
"KERALA","Kerala","136","NA","","2026-04-06T06:49:21Z","NA"
"KERALA","Kerala","137","NA","","2026-04-06T06:49:21Z","NA"
"KERALA","Kerala","138","NA","","2026-04-06T06:49:21Z","NA"
"KERALA","Kerala","139","NA","","2026-04-06T06:49:21Z","NA"
"KERALA","Kerala","140","NA","","2026-04-06T06:49:21Z","NA"
"PUDUCHERRY","Puducherry","1","NA","","2026-04-06T06:49:21Z","NA"
"PUDUCHERRY","Puducherry","2","NA","","2026-04-06T06:49:21Z","NA"
"PUDUCHERRY","Puducherry","3","NA","","2026-04-06T06:49:21Z","NA"
"PUDUCHERRY","Puducherry","4","NA","","2026-04-06T06:49:21Z","NA"
"PUDUCHERRY","Puducherry","5","NA","","2026-04-06T06:49:21Z","NA"
"PUDUCHERRY","Puducherry","6","NA","","2026-04-06T06:49:21Z","NA"
"PUDUCHERRY","Puducherry","7","NA","","2026-04-06T06:49:21Z","NA"
"PUDUCHERRY","Puducherry","8","NA","","2026-04-06T06:49:21Z","NA"
"PUDUCHERRY","Puducherry","9","NA","","2026-04-06T06:49:21Z","NA"
"PUDUCHERRY","Puducherry","10","NA","","2026-04-06T06:49:21Z","NA"
"PUDUCHERRY","Puducherry","11","NA","","2026-04-06T06:49:21Z","NA"
"PUDUCHERRY","Puducherry","12","NA","","2026-04-06T06:49:21Z","NA"
"PUDUCHERRY","Puducherry","13","NA","","2026-04-06T06:49:21Z","NA"
"PUDUCHERRY","Puducherry","14","NA","","2026-04-06T06:49:21Z","NA"
"PUDUCHERRY","Puducherry","15","NA","","2026-04-06T06:49:21Z","NA"
"PUDUCHERRY","Puducherry","16","NA","","2026-04-06T06:49:21Z","NA"
"PUDUCHERRY","Puducherry","17","NA","","2026-04-06T06:49:21Z","NA"
"PUDUCHERRY","Puducherry","18","NA","","2026-04-06T06:49:21Z","NA"
"PUDUCHERRY","Puducherry","19","NA","","2026-04-06T06:49:21Z","NA"
"PUDUCHERRY","Puducherry","20","NA","","2026-04-06T06:49:21Z","NA"
"PUDUCHERRY","Puducherry","21","NA","","2026-04-06T06:49:21Z","NA"
"PUDUCHERRY","Puducherry","22","NA","","2026-04-06T06:49:21Z","NA"
"PUDUCHERRY","Puducherry","23","NA","","2026-04-06T06:49:21Z","NA"
"PUDUCHERRY","Puducherry","24","NA","","2026-04-06T06:49:21Z","NA"
"PUDUCHERRY","Puducherry","25","NA","","2026-04-06T06:49:21Z","NA"
"PUDUCHERRY","Puducherry","26","NA","","2026-04-06T06:49:21Z","NA"
"PUDUCHERRY","Puducherry","27","NA","","2026-04-06T06:49:21Z","NA"
"PUDUCHERRY","Puducherry","28","NA","","2026-04-06T06:49:21Z","NA"
"PUDUCHERRY","Puducherry","29","NA","","2026-04-06T06:49:21Z","NA"
"PUDUCHERRY","Puducherry","30","NA","","2026-04-06T06:49:21Z","NA"
"TAMIL_NADU","Tamil Nadu","1","NA","","2026-04-06T06:49:21Z","NA"
"TAMIL_NADU","Tamil Nadu","2","NA","","2026-04-06T06:49:21Z","NA"
"TAMIL_NADU","Tamil Nadu","3","NA","","2026-04-06T06:49:21Z","NA"
"TAMIL_NADU","Tamil Nadu","4","NA","","2026-04-06T06:49:21Z","NA"
"TAMIL_NADU","Tamil Nadu","5","NA","","2026-04-06T06:49:21Z","NA"
"TAMIL_NADU","Tamil Nadu","6","NA","","2026-04-06T06:49:21Z","NA"
"TAMIL_NADU","Tamil Nadu","7","NA","","2026-04-06T06:49:21Z","NA"
"TAMIL_NADU","Tamil Nadu","8","NA","","2026-04-06T06:49:21Z","NA"
"TAMIL_NADU","Tamil Nadu","9","NA","","2026-04-06T06:49:21Z","NA"
"TAMIL_NADU","Tamil Nadu","10","NA","","2026-04-06T06:49:21Z","NA"
"TAMIL_NADU","Tamil Nadu","11","NA","","2026-04-06T06:49:21Z","NA"
"TAMIL_NADU","Tamil Nadu","12","NA","","2026-04-06T06:49:21Z","NA"
"TAMIL_NADU","Tamil Nadu","13","NA","","2026-04-06T06:49:21Z","NA"
"TAMIL_NADU","Tamil Nadu","14","NA","","2026-04-06T06:49:21Z","NA"
"TAMIL_NADU","Tamil Nadu","15","NA","","2026-04-06T06:49:21Z","NA"
"TAMIL_NADU","Tamil Nadu","16","NA","","2026-04-06T06:49:21Z","NA"
"TAMIL_NADU","Tamil Nadu","17","NA","","2026-04-06T06:49:21Z","NA"
"TAMIL_NADU","Tamil Nadu","18","NA","","2026-04-06T06:49:21Z","NA"
"TAMIL_NADU","Tamil Nadu","19","NA","","2026-04-06T06:49:21Z","NA"
"TAMIL_NADU","Tamil Nadu","20","NA","","2026-04-06T06:49:21Z","NA"
"TAMIL_NADU","Tamil Nadu","21","NA","","2026-04-06T06:49:21Z","NA"
"TAMIL_NADU","Tamil Nadu","22","NA","","2026-04-06T06:49:21Z","NA"
"TAMIL_NADU","Tamil Nadu","23","NA","","2026-04-06T06:49:21Z","NA"
"TAMIL_NADU","Tamil Nadu","24","NA","","2026-04-06T06:49:21Z","NA"
"TAMIL_NADU","Tamil Nadu","25","NA","","2026-04-06T06:49:21Z","NA"
"TAMIL_NADU","Tamil Nadu","26","NA","","2026-04-06T06:49:21Z","NA"
"TAMIL_NADU","Tamil Nadu","27","NA","","2026-04-06T06:49:21Z","NA"
"TAMIL_NADU","Tamil Nadu","28","NA","","2026-04-06T06:49:21Z","NA"
"TAMIL_NADU","Tamil Nadu","29","NA","","2026-04-06T06:49:21Z","NA"
"TAMIL_NADU","Tamil Nadu","30","NA","","2026-04-06T06:49:21Z","NA"
"TAMIL_NADU","Tamil Nadu","31","NA","","2026-04-06T06:49:21Z","NA"
"TAMIL_NADU","Tamil Nadu","32","NA","","2026-04-06T06:49:21Z","NA"
"TAMIL_NADU","Tamil Nadu","33","NA","","2026-04-06T06:49:21Z","NA"
"TAMIL_NADU","Tamil Nadu","34","NA","","2026-04-06T06:49:21Z","NA"
"TAMIL_NADU","Tamil Nadu","35","NA","","2026-04-06T06:49:21Z","NA"
"TAMIL_NADU","Tamil Nadu","36","NA","","2026-04-06T06:49:21Z","NA"
"TAMIL_NADU","Tamil Nadu","37","NA","","2026-04-06T06:49:21Z","NA"
"TAMIL_NADU","Tamil Nadu","38","NA","","2026-04-06T06:49:21Z","NA"
"TAMIL_NADU","Tamil Nadu","39","NA","","2026-04-06T06:49:21Z","NA"
"TAMIL_NADU","Tamil Nadu","40","NA","","2026-04-06T06:49:21Z","NA"
"TAMIL_NADU","Tamil Nadu","41","NA","","2026-04-06T06:49:21Z","NA"
"TAMIL_NADU","Tamil Nadu","42","NA","","2026-04-06T06:49:21Z","NA"
"TAMIL_NADU","Tamil Nadu","43","NA","","2026-04-06T06:49:21Z","NA"
"TAMIL_NADU","Tamil Nadu","44","NA","","2026-04-06T06:49:21Z","NA"
"TAMIL_NADU","Tamil Nadu","45","NA","","2026-04-06T06:49:21Z","NA"
"TAMIL_NADU","Tamil Nadu","46","NA","","2026-04-06T06:49:21Z","NA"
"TAMIL_NADU","Tamil Nadu","47","NA","","2026-04-06T06:49:21Z","NA"
"TAMIL_NADU","Tamil Nadu","48","NA","","2026-04-06T06:49:21Z","NA"
"TAMIL_NADU","Tamil Nadu","49","NA","","2026-04-06T06:49:21Z","NA"
"TAMIL_NADU","Tamil Nadu","50","NA","","2026-04-06T06:49:21Z","NA"
"TAMIL_NADU","Tamil Nadu","51","NA","","2026-04-06T06:49:21Z","NA"
"TAMIL_NADU","Tamil Nadu","52","NA","","2026-04-06T06:49:21Z","NA"
"TAMIL_NADU","Tamil Nadu","53","NA","","2026-04-06T06:49:21Z","NA"
"TAMIL_NADU","Tamil Nadu","54","NA","","2026-04-06T06:49:21Z","NA"
"TAMIL_NADU","Tamil Nadu","55","NA","","2026-04-06T06:49:21Z","NA"
"TAMIL_NADU","Tamil Nadu","56","NA","","2026-04-06T06:49:21Z","NA"
"TAMIL_NADU","Tamil Nadu","57","NA","","2026-04-06T06:49:21Z","NA"
"TAMIL_NADU","Tamil Nadu","58","NA","","2026-04-06T06:49:21Z","NA"
"TAMIL_NADU","Tamil Nadu","59","NA","","2026-04-06T06:49:21Z","NA"
"TAMIL_NADU","Tamil Nadu","60","NA","","2026-04-06T06:49:21Z","NA"
"TAMIL_NADU","Tamil Nadu","61","NA","","2026-04-06T06:49:21Z","NA"
"TAMIL_NADU","Tamil Nadu","62","NA","","2026-04-06T06:49:21Z","NA"
"TAMIL_NADU","Tamil Nadu","63","NA","","2026-04-06T06:49:21Z","NA"
"TAMIL_NADU","Tamil Nadu","64","NA","","2026-04-06T06:49:21Z","NA"
"TAMIL_NADU","Tamil Nadu","65","NA","","2026-04-06T06:49:21Z","NA"
"TAMIL_NADU","Tamil Nadu","66","NA","","2026-04-06T06:49:21Z","NA"
"TAMIL_NADU","Tamil Nadu","67","NA","","2026-04-06T06:49:21Z","NA"
"TAMIL_NADU","Tamil Nadu","68","NA","","2026-04-06T06:49:21Z","NA"
"TAMIL_NADU","Tamil Nadu","69","NA","","2026-04-06T06:49:21Z","NA"
"TAMIL_NADU","Tamil Nadu","70","NA","","2026-04-06T06:49:21Z","NA"
"TAMIL_NADU","Tamil Nadu","71","NA","","2026-04-06T06:49:21Z","NA"
"TAMIL_NADU","Tamil Nadu","72","NA","","2026-04-06T06:49:21Z","NA"
"TAMIL_NADU","Tamil Nadu","73","NA","","2026-04-06T06:49:21Z","NA"
"TAMIL_NADU","Tamil Nadu","74","NA","","2026-04-06T06:49:21Z","NA"
"TAMIL_NADU","Tamil Nadu","75","NA","","2026-04-06T06:49:21Z","NA"
"TAMIL_NADU","Tamil Nadu","76","NA","","2026-04-06T06:49:21Z","NA"
"TAMIL_NADU","Tamil Nadu","77","NA","","2026-04-06T06:49:21Z","NA"
"TAMIL_NADU","Tamil Nadu","78","NA","","2026-04-06T06:49:21Z","NA"
"TAMIL_NADU","Tamil Nadu","79","NA","","2026-04-06T06:49:21Z","NA"
"TAMIL_NADU","Tamil Nadu","80","NA","","2026-04-06T06:49:21Z","NA"
"TAMIL_NADU","Tamil Nadu","81","NA","","2026-04-06T06:49:21Z","NA"
"TAMIL_NADU","Tamil Nadu","82","NA","","2026-04-06T06:49:21Z","NA"
"TAMIL_NADU","Tamil Nadu","83","NA","","2026-04-06T06:49:21Z","NA"
"TAMIL_NADU","Tamil Nadu","84","NA","","2026-04-06T06:49:21Z","NA"
"TAMIL_NADU","Tamil Nadu","85","NA","","2026-04-06T06:49:21Z","NA"
"TAMIL_NADU","Tamil Nadu","86","NA","","2026-04-06T06:49:21Z","NA"
"TAMIL_NADU","Tamil Nadu","87","NA","","2026-04-06T06:49:21Z","NA"
"TAMIL_NADU","Tamil Nadu","88","NA","","2026-04-06T06:49:21Z","NA"
"TAMIL_NADU","Tamil Nadu","89","NA","","2026-04-06T06:49:21Z","NA"
"TAMIL_NADU","Tamil Nadu","90","NA","","2026-04-06T06:49:21Z","NA"
"TAMIL_NADU","Tamil Nadu","91","NA","","2026-04-06T06:49:21Z","NA"
"TAMIL_NADU","Tamil Nadu","92","NA","","2026-04-06T06:49:21Z","NA"
"TAMIL_NADU","Tamil Nadu","93","NA","","2026-04-06T06:49:21Z","NA"
"TAMIL_NADU","Tamil Nadu","94","NA","","2026-04-06T06:49:21Z","NA"
"TAMIL_NADU","Tamil Nadu","95","NA","","2026-04-06T06:49:21Z","NA"
"TAMIL_NADU","Tamil Nadu","96","NA","","2026-04-06T06:49:21Z","NA"
"TAMIL_NADU","Tamil Nadu","97","NA","","2026-04-06T06:49:21Z","NA"
"TAMIL_NADU","Tamil Nadu","98","NA","","2026-04-06T06:49:21Z","NA"
"TAMIL_NADU","Tamil Nadu","99","NA","","2026-04-06T06:49:21Z","NA"
"TAMIL_NADU","Tamil Nadu","100","NA","","2026-04-06T06:49:21Z","NA"
"TAMIL_NADU","Tamil Nadu","101","NA","","2026-04-06T06:49:21Z","NA"
"TAMIL_NADU","Tamil Nadu","102","NA","","2026-04-06T06:49:21Z","NA"
"TAMIL_NADU","Tamil Nadu","103","NA","","2026-04-06T06:49:21Z","NA"
"TAMIL_NADU","Tamil Nadu","104","NA","","2026-04-06T06:49:21Z","NA"
"TAMIL_NADU","Tamil Nadu","105","NA","","2026-04-06T06:49:21Z","NA"
"TAMIL_NADU","Tamil Nadu","106","NA","","2026-04-06T06:49:21Z","NA"
"TAMIL_NADU","Tamil Nadu","107","NA","","2026-04-06T06:49:21Z","NA"
"TAMIL_NADU","Tamil Nadu","108","NA","","2026-04-06T06:49:21Z","NA"
"TAMIL_NADU","Tamil Nadu","109","NA","","2026-04-06T06:49:21Z","NA"
"TAMIL_NADU","Tamil Nadu","110","NA","","2026-04-06T06:49:21Z","NA"
"TAMIL_NADU","Tamil Nadu","111","NA","","2026-04-06T06:49:21Z","NA"
"TAMIL_NADU","Tamil Nadu","112","NA","","2026-04-06T06:49:21Z","NA"
"TAMIL_NADU","Tamil Nadu","113","NA","","2026-04-06T06:49:21Z","NA"
"TAMIL_NADU","Tamil Nadu","114","NA","","2026-04-06T06:49:21Z","NA"
"TAMIL_NADU","Tamil Nadu","115","NA","","2026-04-06T06:49:21Z","NA"
"TAMIL_NADU","Tamil Nadu","116","NA","","2026-04-06T06:49:21Z","NA"
"TAMIL_NADU","Tamil Nadu","117","NA","","2026-04-06T06:49:21Z","NA"
"TAMIL_NADU","Tamil Nadu","118","NA","","2026-04-06T06:49:21Z","NA"
"TAMIL_NADU","Tamil Nadu","119","NA","","2026-04-06T06:49:21Z","NA"
"TAMIL_NADU","Tamil Nadu","120","NA","","2026-04-06T06:49:21Z","NA"
"TAMIL_NADU","Tamil Nadu","121","NA","","2026-04-06T06:49:21Z","NA"
"TAMIL_NADU","Tamil Nadu","122","NA","","2026-04-06T06:49:21Z","NA"
"TAMIL_NADU","Tamil Nadu","123","NA","","2026-04-06T06:49:21Z","NA"
"TAMIL_NADU","Tamil Nadu","124","NA","","2026-04-06T06:49:21Z","NA"
"TAMIL_NADU","Tamil Nadu","125","NA","","2026-04-06T06:49:21Z","NA"
"TAMIL_NADU","Tamil Nadu","126","NA","","2026-04-06T06:49:21Z","NA"
"TAMIL_NADU","Tamil Nadu","127","NA","","2026-04-06T06:49:21Z","NA"
"TAMIL_NADU","Tamil Nadu","128","NA","","2026-04-06T06:49:21Z","NA"
"TAMIL_NADU","Tamil Nadu","129","NA","","2026-04-06T06:49:21Z","NA"
"TAMIL_NADU","Tamil Nadu","130","NA","","2026-04-06T06:49:21Z","NA"
"TAMIL_NADU","Tamil Nadu","131","NA","","2026-04-06T06:49:21Z","NA"
"TAMIL_NADU","Tamil Nadu","132","NA","","2026-04-06T06:49:21Z","NA"
"TAMIL_NADU","Tamil Nadu","133","NA","","2026-04-06T06:49:21Z","NA"
"TAMIL_NADU","Tamil Nadu","134","NA","","2026-04-06T06:49:21Z","NA"
"TAMIL_NADU","Tamil Nadu","135","NA","","2026-04-06T06:49:21Z","NA"
"TAMIL_NADU","Tamil Nadu","136","NA","","2026-04-06T06:49:21Z","NA"
"TAMIL_NADU","Tamil Nadu","137","NA","","2026-04-06T06:49:21Z","NA"
"TAMIL_NADU","Tamil Nadu","138","NA","","2026-04-06T06:49:21Z","NA"
"TAMIL_NADU","Tamil Nadu","139","NA","","2026-04-06T06:49:21Z","NA"
"TAMIL_NADU","Tamil Nadu","140","NA","","2026-04-06T06:49:21Z","NA"
"TAMIL_NADU","Tamil Nadu","141","NA","","2026-04-06T06:49:21Z","NA"
"TAMIL_NADU","Tamil Nadu","142","NA","","2026-04-06T06:49:21Z","NA"
"TAMIL_NADU","Tamil Nadu","143","NA","","2026-04-06T06:49:21Z","NA"
"TAMIL_NADU","Tamil Nadu","144","NA","","2026-04-06T06:49:21Z","NA"
"TAMIL_NADU","Tamil Nadu","145","NA","","2026-04-06T06:49:21Z","NA"
"TAMIL_NADU","Tamil Nadu","146","NA","","2026-04-06T06:49:21Z","NA"
"TAMIL_NADU","Tamil Nadu","147","NA","","2026-04-06T06:49:21Z","NA"
"TAMIL_NADU","Tamil Nadu","148","NA","","2026-04-06T06:49:21Z","NA"
"TAMIL_NADU","Tamil Nadu","149","NA","","2026-04-06T06:49:21Z","NA"
"TAMIL_NADU","Tamil Nadu","150","NA","","2026-04-06T06:49:21Z","NA"
"TAMIL_NADU","Tamil Nadu","151","NA","","2026-04-06T06:49:21Z","NA"
"TAMIL_NADU","Tamil Nadu","152","NA","","2026-04-06T06:49:21Z","NA"
"TAMIL_NADU","Tamil Nadu","153","NA","","2026-04-06T06:49:21Z","NA"
"TAMIL_NADU","Tamil Nadu","154","NA","","2026-04-06T06:49:21Z","NA"
"TAMIL_NADU","Tamil Nadu","155","NA","","2026-04-06T06:49:21Z","NA"
"TAMIL_NADU","Tamil Nadu","156","NA","","2026-04-06T06:49:21Z","NA"
"TAMIL_NADU","Tamil Nadu","157","NA","","2026-04-06T06:49:21Z","NA"
"TAMIL_NADU","Tamil Nadu","158","NA","","2026-04-06T06:49:21Z","NA"
"TAMIL_NADU","Tamil Nadu","159","NA","","2026-04-06T06:49:21Z","NA"
"TAMIL_NADU","Tamil Nadu","160","NA","","2026-04-06T06:49:21Z","NA"
"TAMIL_NADU","Tamil Nadu","161","NA","","2026-04-06T06:49:21Z","NA"
"TAMIL_NADU","Tamil Nadu","162","NA","","2026-04-06T06:49:21Z","NA"
"TAMIL_NADU","Tamil Nadu","163","NA","","2026-04-06T06:49:21Z","NA"
"TAMIL_NADU","Tamil Nadu","164","NA","","2026-04-06T06:49:21Z","NA"
"TAMIL_NADU","Tamil Nadu","165","NA","","2026-04-06T06:49:21Z","NA"
"TAMIL_NADU","Tamil Nadu","166","NA","","2026-04-06T06:49:21Z","NA"
"TAMIL_NADU","Tamil Nadu","167","NA","","2026-04-06T06:49:21Z","NA"
"TAMIL_NADU","Tamil Nadu","168","NA","","2026-04-06T06:49:21Z","NA"
"TAMIL_NADU","Tamil Nadu","169","NA","","2026-04-06T06:49:21Z","NA"
"TAMIL_NADU","Tamil Nadu","170","NA","","2026-04-06T06:49:21Z","NA"
"TAMIL_NADU","Tamil Nadu","171","NA","","2026-04-06T06:49:21Z","NA"
"TAMIL_NADU","Tamil Nadu","172","NA","","2026-04-06T06:49:21Z","NA"
"TAMIL_NADU","Tamil Nadu","173","NA","","2026-04-06T06:49:21Z","NA"
"TAMIL_NADU","Tamil Nadu","174","NA","","2026-04-06T06:49:21Z","NA"
"TAMIL_NADU","Tamil Nadu","175","NA","","2026-04-06T06:49:21Z","NA"
"TAMIL_NADU","Tamil Nadu","176","NA","","2026-04-06T06:49:21Z","NA"
"TAMIL_NADU","Tamil Nadu","177","NA","","2026-04-06T06:49:21Z","NA"
"TAMIL_NADU","Tamil Nadu","178","NA","","2026-04-06T06:49:21Z","NA"
"TAMIL_NADU","Tamil Nadu","179","NA","","2026-04-06T06:49:21Z","NA"
"TAMIL_NADU","Tamil Nadu","180","NA","","2026-04-06T06:49:21Z","NA"
"TAMIL_NADU","Tamil Nadu","181","NA","","2026-04-06T06:49:21Z","NA"
"TAMIL_NADU","Tamil Nadu","182","NA","","2026-04-06T06:49:21Z","NA"
"TAMIL_NADU","Tamil Nadu","183","NA","","2026-04-06T06:49:21Z","NA"
"TAMIL_NADU","Tamil Nadu","184","NA","","2026-04-06T06:49:21Z","NA"
"TAMIL_NADU","Tamil Nadu","185","NA","","2026-04-06T06:49:21Z","NA"
"TAMIL_NADU","Tamil Nadu","186","NA","","2026-04-06T06:49:21Z","NA"
"TAMIL_NADU","Tamil Nadu","187","NA","","2026-04-06T06:49:21Z","NA"
"TAMIL_NADU","Tamil Nadu","188","NA","","2026-04-06T06:49:21Z","NA"
"TAMIL_NADU","Tamil Nadu","189","NA","","2026-04-06T06:49:21Z","NA"
"TAMIL_NADU","Tamil Nadu","190","NA","","2026-04-06T06:49:21Z","NA"
"TAMIL_NADU","Tamil Nadu","191","NA","","2026-04-06T06:49:21Z","NA"
"TAMIL_NADU","Tamil Nadu","192","NA","","2026-04-06T06:49:21Z","NA"
"TAMIL_NADU","Tamil Nadu","193","NA","","2026-04-06T06:49:21Z","NA"
"TAMIL_NADU","Tamil Nadu","194","NA","","2026-04-06T06:49:21Z","NA"
"TAMIL_NADU","Tamil Nadu","195","NA","","2026-04-06T06:49:21Z","NA"
"TAMIL_NADU","Tamil Nadu","196","NA","","2026-04-06T06:49:21Z","NA"
"TAMIL_NADU","Tamil Nadu","197","NA","","2026-04-06T06:49:21Z","NA"
"TAMIL_NADU","Tamil Nadu","198","NA","","2026-04-06T06:49:21Z","NA"
"TAMIL_NADU","Tamil Nadu","199","NA","","2026-04-06T06:49:21Z","NA"
"TAMIL_NADU","Tamil Nadu","200","NA","","2026-04-06T06:49:21Z","NA"
"TAMIL_NADU","Tamil Nadu","201","NA","","2026-04-06T06:49:21Z","NA"
"TAMIL_NADU","Tamil Nadu","202","NA","","2026-04-06T06:49:21Z","NA"
"TAMIL_NADU","Tamil Nadu","203","NA","","2026-04-06T06:49:21Z","NA"
"TAMIL_NADU","Tamil Nadu","204","NA","","2026-04-06T06:49:21Z","NA"
"TAMIL_NADU","Tamil Nadu","205","NA","","2026-04-06T06:49:21Z","NA"
"TAMIL_NADU","Tamil Nadu","206","NA","","2026-04-06T06:49:21Z","NA"
"TAMIL_NADU","Tamil Nadu","207","NA","","2026-04-06T06:49:21Z","NA"
"TAMIL_NADU","Tamil Nadu","208","NA","","2026-04-06T06:49:21Z","NA"
"TAMIL_NADU","Tamil Nadu","209","NA","","2026-04-06T06:49:21Z","NA"
"TAMIL_NADU","Tamil Nadu","210","NA","","2026-04-06T06:49:21Z","NA"
"TAMIL_NADU","Tamil Nadu","211","NA","","2026-04-06T06:49:21Z","NA"
"TAMIL_NADU","Tamil Nadu","212","NA","","2026-04-06T06:49:21Z","NA"
"TAMIL_NADU","Tamil Nadu","213","NA","","2026-04-06T06:49:21Z","NA"
"TAMIL_NADU","Tamil Nadu","214","NA","","2026-04-06T06:49:21Z","NA"
"TAMIL_NADU","Tamil Nadu","215","NA","","2026-04-06T06:49:21Z","NA"
"TAMIL_NADU","Tamil Nadu","216","NA","","2026-04-06T06:49:21Z","NA"
"TAMIL_NADU","Tamil Nadu","217","NA","","2026-04-06T06:49:21Z","NA"
"TAMIL_NADU","Tamil Nadu","218","NA","","2026-04-06T06:49:21Z","NA"
"TAMIL_NADU","Tamil Nadu","219","NA","","2026-04-06T06:49:21Z","NA"
"TAMIL_NADU","Tamil Nadu","220","NA","","2026-04-06T06:49:21Z","NA"
"TAMIL_NADU","Tamil Nadu","221","NA","","2026-04-06T06:49:21Z","NA"
"TAMIL_NADU","Tamil Nadu","222","NA","","2026-04-06T06:49:21Z","NA"
"TAMIL_NADU","Tamil Nadu","223","NA","","2026-04-06T06:49:21Z","NA"
"TAMIL_NADU","Tamil Nadu","224","NA","","2026-04-06T06:49:21Z","NA"
"TAMIL_NADU","Tamil Nadu","225","NA","","2026-04-06T06:49:21Z","NA"
"TAMIL_NADU","Tamil Nadu","226","NA","","2026-04-06T06:49:21Z","NA"
"TAMIL_NADU","Tamil Nadu","227","NA","","2026-04-06T06:49:21Z","NA"
"TAMIL_NADU","Tamil Nadu","228","NA","","2026-04-06T06:49:21Z","NA"
"TAMIL_NADU","Tamil Nadu","229","NA","","2026-04-06T06:49:21Z","NA"
"TAMIL_NADU","Tamil Nadu","230","NA","","2026-04-06T06:49:21Z","NA"
"TAMIL_NADU","Tamil Nadu","231","NA","","2026-04-06T06:49:21Z","NA"
"TAMIL_NADU","Tamil Nadu","232","NA","","2026-04-06T06:49:21Z","NA"
"TAMIL_NADU","Tamil Nadu","233","NA","","2026-04-06T06:49:21Z","NA"
"TAMIL_NADU","Tamil Nadu","234","NA","","2026-04-06T06:49:21Z","NA"
"WEST_BENGAL","West Bengal","1","NA","","2026-04-06T06:49:21Z","NA"
"WEST_BENGAL","West Bengal","2","NA","","2026-04-06T06:49:21Z","NA"
"WEST_BENGAL","West Bengal","3","NA","","2026-04-06T06:49:21Z","NA"
"WEST_BENGAL","West Bengal","4","NA","","2026-04-06T06:49:21Z","NA"
"WEST_BENGAL","West Bengal","5","NA","","2026-04-06T06:49:21Z","NA"
"WEST_BENGAL","West Bengal","6","NA","","2026-04-06T06:49:21Z","NA"
"WEST_BENGAL","West Bengal","7","NA","","2026-04-06T06:49:21Z","NA"
"WEST_BENGAL","West Bengal","8","NA","","2026-04-06T06:49:21Z","NA"
"WEST_BENGAL","West Bengal","9","NA","","2026-04-06T06:49:21Z","NA"
"WEST_BENGAL","West Bengal","10","NA","","2026-04-06T06:49:21Z","NA"
"WEST_BENGAL","West Bengal","11","NA","","2026-04-06T06:49:21Z","NA"
"WEST_BENGAL","West Bengal","12","NA","","2026-04-06T06:49:21Z","NA"
"WEST_BENGAL","West Bengal","13","NA","","2026-04-06T06:49:21Z","NA"
"WEST_BENGAL","West Bengal","14","NA","","2026-04-06T06:49:21Z","NA"
"WEST_BENGAL","West Bengal","15","NA","","2026-04-06T06:49:21Z","NA"
"WEST_BENGAL","West Bengal","16","NA","","2026-04-06T06:49:21Z","NA"
"WEST_BENGAL","West Bengal","17","NA","","2026-04-06T06:49:21Z","NA"
"WEST_BENGAL","West Bengal","18","NA","","2026-04-06T06:49:21Z","NA"
"WEST_BENGAL","West Bengal","19","NA","","2026-04-06T06:49:21Z","NA"
"WEST_BENGAL","West Bengal","20","NA","","2026-04-06T06:49:21Z","NA"
"WEST_BENGAL","West Bengal","21","NA","","2026-04-06T06:49:21Z","NA"
"WEST_BENGAL","West Bengal","22","NA","","2026-04-06T06:49:21Z","NA"
"WEST_BENGAL","West Bengal","23","NA","","2026-04-06T06:49:21Z","NA"
"WEST_BENGAL","West Bengal","24","NA","","2026-04-06T06:49:21Z","NA"
"WEST_BENGAL","West Bengal","25","NA","","2026-04-06T06:49:21Z","NA"
"WEST_BENGAL","West Bengal","26","NA","","2026-04-06T06:49:21Z","NA"
"WEST_BENGAL","West Bengal","27","NA","","2026-04-06T06:49:21Z","NA"
"WEST_BENGAL","West Bengal","28","NA","","2026-04-06T06:49:21Z","NA"
"WEST_BENGAL","West Bengal","29","NA","","2026-04-06T06:49:21Z","NA"
"WEST_BENGAL","West Bengal","30","NA","","2026-04-06T06:49:21Z","NA"
"WEST_BENGAL","West Bengal","31","NA","","2026-04-06T06:49:21Z","NA"
"WEST_BENGAL","West Bengal","32","NA","","2026-04-06T06:49:21Z","NA"
"WEST_BENGAL","West Bengal","33","NA","","2026-04-06T06:49:21Z","NA"
"WEST_BENGAL","West Bengal","34","NA","","2026-04-06T06:49:21Z","NA"
"WEST_BENGAL","West Bengal","35","NA","","2026-04-06T06:49:21Z","NA"
"WEST_BENGAL","West Bengal","36","NA","","2026-04-06T06:49:21Z","NA"
"WEST_BENGAL","West Bengal","37","NA","","2026-04-06T06:49:21Z","NA"
"WEST_BENGAL","West Bengal","38","NA","","2026-04-06T06:49:21Z","NA"
"WEST_BENGAL","West Bengal","39","NA","","2026-04-06T06:49:21Z","NA"
"WEST_BENGAL","West Bengal","40","NA","","2026-04-06T06:49:21Z","NA"
"WEST_BENGAL","West Bengal","41","NA","","2026-04-06T06:49:21Z","NA"
"WEST_BENGAL","West Bengal","42","NA","","2026-04-06T06:49:21Z","NA"
"WEST_BENGAL","West Bengal","43","NA","","2026-04-06T06:49:21Z","NA"
"WEST_BENGAL","West Bengal","44","NA","","2026-04-06T06:49:21Z","NA"
"WEST_BENGAL","West Bengal","45","NA","","2026-04-06T06:49:21Z","NA"
"WEST_BENGAL","West Bengal","46","NA","","2026-04-06T06:49:21Z","NA"
"WEST_BENGAL","West Bengal","47","NA","","2026-04-06T06:49:21Z","NA"
"WEST_BENGAL","West Bengal","48","NA","","2026-04-06T06:49:21Z","NA"
"WEST_BENGAL","West Bengal","49","NA","","2026-04-06T06:49:21Z","NA"
"WEST_BENGAL","West Bengal","50","NA","","2026-04-06T06:49:21Z","NA"
"WEST_BENGAL","West Bengal","51","NA","","2026-04-06T06:49:21Z","NA"
"WEST_BENGAL","West Bengal","52","NA","","2026-04-06T06:49:21Z","NA"
"WEST_BENGAL","West Bengal","53","NA","","2026-04-06T06:49:21Z","NA"
"WEST_BENGAL","West Bengal","54","NA","","2026-04-06T06:49:21Z","NA"
"WEST_BENGAL","West Bengal","55","NA","","2026-04-06T06:49:21Z","NA"
"WEST_BENGAL","West Bengal","56","NA","","2026-04-06T06:49:21Z","NA"
"WEST_BENGAL","West Bengal","57","NA","","2026-04-06T06:49:21Z","NA"
"WEST_BENGAL","West Bengal","58","NA","","2026-04-06T06:49:21Z","NA"
"WEST_BENGAL","West Bengal","59","NA","","2026-04-06T06:49:21Z","NA"
"WEST_BENGAL","West Bengal","60","NA","","2026-04-06T06:49:21Z","NA"
"WEST_BENGAL","West Bengal","61","NA","","2026-04-06T06:49:21Z","NA"
"WEST_BENGAL","West Bengal","62","NA","","2026-04-06T06:49:21Z","NA"
"WEST_BENGAL","West Bengal","63","NA","","2026-04-06T06:49:21Z","NA"
"WEST_BENGAL","West Bengal","64","NA","","2026-04-06T06:49:21Z","NA"
"WEST_BENGAL","West Bengal","65","NA","","2026-04-06T06:49:21Z","NA"
"WEST_BENGAL","West Bengal","66","NA","","2026-04-06T06:49:21Z","NA"
"WEST_BENGAL","West Bengal","67","NA","","2026-04-06T06:49:21Z","NA"
"WEST_BENGAL","West Bengal","68","NA","","2026-04-06T06:49:21Z","NA"
"WEST_BENGAL","West Bengal","69","NA","","2026-04-06T06:49:21Z","NA"
"WEST_BENGAL","West Bengal","70","NA","","2026-04-06T06:49:21Z","NA"
"WEST_BENGAL","West Bengal","71","NA","","2026-04-06T06:49:21Z","NA"
"WEST_BENGAL","West Bengal","72","NA","","2026-04-06T06:49:21Z","NA"
"WEST_BENGAL","West Bengal","73","NA","","2026-04-06T06:49:21Z","NA"
"WEST_BENGAL","West Bengal","74","NA","","2026-04-06T06:49:21Z","NA"
"WEST_BENGAL","West Bengal","75","NA","","2026-04-06T06:49:21Z","NA"
"WEST_BENGAL","West Bengal","76","NA","","2026-04-06T06:49:21Z","NA"
"WEST_BENGAL","West Bengal","77","NA","","2026-04-06T06:49:21Z","NA"
"WEST_BENGAL","West Bengal","78","NA","","2026-04-06T06:49:21Z","NA"
"WEST_BENGAL","West Bengal","79","NA","","2026-04-06T06:49:21Z","NA"
"WEST_BENGAL","West Bengal","80","NA","","2026-04-06T06:49:21Z","NA"
"WEST_BENGAL","West Bengal","81","NA","","2026-04-06T06:49:21Z","NA"
"WEST_BENGAL","West Bengal","82","NA","","2026-04-06T06:49:21Z","NA"
"WEST_BENGAL","West Bengal","83","NA","","2026-04-06T06:49:21Z","NA"
"WEST_BENGAL","West Bengal","84","NA","","2026-04-06T06:49:21Z","NA"
"WEST_BENGAL","West Bengal","85","NA","","2026-04-06T06:49:21Z","NA"
"WEST_BENGAL","West Bengal","86","NA","","2026-04-06T06:49:21Z","NA"
"WEST_BENGAL","West Bengal","87","NA","","2026-04-06T06:49:21Z","NA"
"WEST_BENGAL","West Bengal","88","NA","","2026-04-06T06:49:21Z","NA"
"WEST_BENGAL","West Bengal","89","NA","","2026-04-06T06:49:21Z","NA"
"WEST_BENGAL","West Bengal","90","NA","","2026-04-06T06:49:21Z","NA"
"WEST_BENGAL","West Bengal","91","NA","","2026-04-06T06:49:21Z","NA"
"WEST_BENGAL","West Bengal","92","NA","","2026-04-06T06:49:21Z","NA"
"WEST_BENGAL","West Bengal","93","NA","","2026-04-06T06:49:21Z","NA"
"WEST_BENGAL","West Bengal","94","NA","","2026-04-06T06:49:21Z","NA"
"WEST_BENGAL","West Bengal","95","NA","","2026-04-06T06:49:21Z","NA"
"WEST_BENGAL","West Bengal","96","NA","","2026-04-06T06:49:21Z","NA"
"WEST_BENGAL","West Bengal","97","NA","","2026-04-06T06:49:21Z","NA"
"WEST_BENGAL","West Bengal","98","NA","","2026-04-06T06:49:21Z","NA"
"WEST_BENGAL","West Bengal","99","NA","","2026-04-06T06:49:21Z","NA"
"WEST_BENGAL","West Bengal","100","NA","","2026-04-06T06:49:21Z","NA"
"WEST_BENGAL","West Bengal","101","NA","","2026-04-06T06:49:21Z","NA"
"WEST_BENGAL","West Bengal","102","NA","","2026-04-06T06:49:21Z","NA"
"WEST_BENGAL","West Bengal","103","NA","","2026-04-06T06:49:21Z","NA"
"WEST_BENGAL","West Bengal","104","NA","","2026-04-06T06:49:21Z","NA"
"WEST_BENGAL","West Bengal","105","NA","","2026-04-06T06:49:21Z","NA"
"WEST_BENGAL","West Bengal","106","NA","","2026-04-06T06:49:21Z","NA"
"WEST_BENGAL","West Bengal","107","NA","","2026-04-06T06:49:21Z","NA"
"WEST_BENGAL","West Bengal","108","NA","","2026-04-06T06:49:21Z","NA"
"WEST_BENGAL","West Bengal","109","NA","","2026-04-06T06:49:21Z","NA"
"WEST_BENGAL","West Bengal","110","NA","","2026-04-06T06:49:21Z","NA"
"WEST_BENGAL","West Bengal","111","NA","","2026-04-06T06:49:21Z","NA"
"WEST_BENGAL","West Bengal","112","NA","","2026-04-06T06:49:21Z","NA"
"WEST_BENGAL","West Bengal","113","NA","","2026-04-06T06:49:21Z","NA"
"WEST_BENGAL","West Bengal","114","NA","","2026-04-06T06:49:21Z","NA"
"WEST_BENGAL","West Bengal","115","NA","","2026-04-06T06:49:21Z","NA"
"WEST_BENGAL","West Bengal","116","NA","","2026-04-06T06:49:21Z","NA"
"WEST_BENGAL","West Bengal","117","NA","","2026-04-06T06:49:21Z","NA"
"WEST_BENGAL","West Bengal","118","NA","","2026-04-06T06:49:21Z","NA"
"WEST_BENGAL","West Bengal","119","NA","","2026-04-06T06:49:21Z","NA"
"WEST_BENGAL","West Bengal","120","NA","","2026-04-06T06:49:21Z","NA"
"WEST_BENGAL","West Bengal","121","NA","","2026-04-06T06:49:21Z","NA"
"WEST_BENGAL","West Bengal","122","NA","","2026-04-06T06:49:21Z","NA"
"WEST_BENGAL","West Bengal","123","NA","","2026-04-06T06:49:21Z","NA"
"WEST_BENGAL","West Bengal","124","NA","","2026-04-06T06:49:21Z","NA"
"WEST_BENGAL","West Bengal","125","NA","","2026-04-06T06:49:21Z","NA"
"WEST_BENGAL","West Bengal","126","NA","","2026-04-06T06:49:21Z","NA"
"WEST_BENGAL","West Bengal","127","NA","","2026-04-06T06:49:21Z","NA"
"WEST_BENGAL","West Bengal","128","NA","","2026-04-06T06:49:21Z","NA"
"WEST_BENGAL","West Bengal","129","NA","","2026-04-06T06:49:21Z","NA"
"WEST_BENGAL","West Bengal","130","NA","","2026-04-06T06:49:21Z","NA"
"WEST_BENGAL","West Bengal","131","NA","","2026-04-06T06:49:21Z","NA"
"WEST_BENGAL","West Bengal","132","NA","","2026-04-06T06:49:21Z","NA"
"WEST_BENGAL","West Bengal","133","NA","","2026-04-06T06:49:21Z","NA"
"WEST_BENGAL","West Bengal","134","NA","","2026-04-06T06:49:21Z","NA"
"WEST_BENGAL","West Bengal","135","NA","","2026-04-06T06:49:21Z","NA"
"WEST_BENGAL","West Bengal","136","NA","","2026-04-06T06:49:21Z","NA"
"WEST_BENGAL","West Bengal","137","NA","","2026-04-06T06:49:21Z","NA"
"WEST_BENGAL","West Bengal","138","NA","","2026-04-06T06:49:21Z","NA"
"WEST_BENGAL","West Bengal","139","NA","","2026-04-06T06:49:21Z","NA"
"WEST_BENGAL","West Bengal","140","NA","","2026-04-06T06:49:21Z","NA"
"WEST_BENGAL","West Bengal","141","NA","","2026-04-06T06:49:21Z","NA"
"WEST_BENGAL","West Bengal","142","NA","","2026-04-06T06:49:21Z","NA"
"WEST_BENGAL","West Bengal","143","NA","","2026-04-06T06:49:21Z","NA"
"WEST_BENGAL","West Bengal","144","NA","","2026-04-06T06:49:21Z","NA"
"WEST_BENGAL","West Bengal","145","NA","","2026-04-06T06:49:21Z","NA"
"WEST_BENGAL","West Bengal","146","NA","","2026-04-06T06:49:21Z","NA"
"WEST_BENGAL","West Bengal","147","NA","","2026-04-06T06:49:21Z","NA"
"WEST_BENGAL","West Bengal","148","NA","","2026-04-06T06:49:21Z","NA"
"WEST_BENGAL","West Bengal","149","NA","","2026-04-06T06:49:21Z","NA"
"WEST_BENGAL","West Bengal","150","NA","","2026-04-06T06:49:21Z","NA"
"WEST_BENGAL","West Bengal","151","NA","","2026-04-06T06:49:21Z","NA"
"WEST_BENGAL","West Bengal","152","NA","","2026-04-06T06:49:21Z","NA"
"WEST_BENGAL","West Bengal","153","NA","","2026-04-06T06:49:21Z","NA"
"WEST_BENGAL","West Bengal","154","NA","","2026-04-06T06:49:21Z","NA"
"WEST_BENGAL","West Bengal","155","NA","","2026-04-06T06:49:21Z","NA"
"WEST_BENGAL","West Bengal","156","NA","","2026-04-06T06:49:21Z","NA"
"WEST_BENGAL","West Bengal","157","NA","","2026-04-06T06:49:21Z","NA"
"WEST_BENGAL","West Bengal","158","NA","","2026-04-06T06:49:21Z","NA"
"WEST_BENGAL","West Bengal","159","NA","","2026-04-06T06:49:21Z","NA"
"WEST_BENGAL","West Bengal","160","NA","","2026-04-06T06:49:21Z","NA"
"WEST_BENGAL","West Bengal","161","NA","","2026-04-06T06:49:21Z","NA"
"WEST_BENGAL","West Bengal","162","NA","","2026-04-06T06:49:21Z","NA"
"WEST_BENGAL","West Bengal","163","NA","","2026-04-06T06:49:21Z","NA"
"WEST_BENGAL","West Bengal","164","NA","","2026-04-06T06:49:21Z","NA"
"WEST_BENGAL","West Bengal","165","NA","","2026-04-06T06:49:21Z","NA"
"WEST_BENGAL","West Bengal","166","NA","","2026-04-06T06:49:21Z","NA"
"WEST_BENGAL","West Bengal","167","NA","","2026-04-06T06:49:21Z","NA"
"WEST_BENGAL","West Bengal","168","NA","","2026-04-06T06:49:21Z","NA"
"WEST_BENGAL","West Bengal","169","NA","","2026-04-06T06:49:21Z","NA"
"WEST_BENGAL","West Bengal","170","NA","","2026-04-06T06:49:21Z","NA"
"WEST_BENGAL","West Bengal","171","NA","","2026-04-06T06:49:21Z","NA"
"WEST_BENGAL","West Bengal","172","NA","","2026-04-06T06:49:21Z","NA"
"WEST_BENGAL","West Bengal","173","NA","","2026-04-06T06:49:21Z","NA"
"WEST_BENGAL","West Bengal","174","NA","","2026-04-06T06:49:21Z","NA"
"WEST_BENGAL","West Bengal","175","NA","","2026-04-06T06:49:21Z","NA"
"WEST_BENGAL","West Bengal","176","NA","","2026-04-06T06:49:21Z","NA"
"WEST_BENGAL","West Bengal","177","NA","","2026-04-06T06:49:21Z","NA"
"WEST_BENGAL","West Bengal","178","NA","","2026-04-06T06:49:21Z","NA"
"WEST_BENGAL","West Bengal","179","NA","","2026-04-06T06:49:21Z","NA"
"WEST_BENGAL","West Bengal","180","NA","","2026-04-06T06:49:21Z","NA"
"WEST_BENGAL","West Bengal","181","NA","","2026-04-06T06:49:21Z","NA"
"WEST_BENGAL","West Bengal","182","NA","","2026-04-06T06:49:21Z","NA"
"WEST_BENGAL","West Bengal","183","NA","","2026-04-06T06:49:21Z","NA"
"WEST_BENGAL","West Bengal","184","NA","","2026-04-06T06:49:21Z","NA"
"WEST_BENGAL","West Bengal","185","NA","","2026-04-06T06:49:21Z","NA"
"WEST_BENGAL","West Bengal","186","NA","","2026-04-06T06:49:21Z","NA"
"WEST_BENGAL","West Bengal","187","NA","","2026-04-06T06:49:21Z","NA"
"WEST_BENGAL","West Bengal","188","NA","","2026-04-06T06:49:21Z","NA"
"WEST_BENGAL","West Bengal","189","NA","","2026-04-06T06:49:21Z","NA"
"WEST_BENGAL","West Bengal","190","NA","","2026-04-06T06:49:21Z","NA"
"WEST_BENGAL","West Bengal","191","NA","","2026-04-06T06:49:21Z","NA"
"WEST_BENGAL","West Bengal","192","NA","","2026-04-06T06:49:21Z","NA"
"WEST_BENGAL","West Bengal","193","NA","","2026-04-06T06:49:21Z","NA"
"WEST_BENGAL","West Bengal","194","NA","","2026-04-06T06:49:21Z","NA"
"WEST_BENGAL","West Bengal","195","NA","","2026-04-06T06:49:21Z","NA"
"WEST_BENGAL","West Bengal","196","NA","","2026-04-06T06:49:21Z","NA"
"WEST_BENGAL","West Bengal","197","NA","","2026-04-06T06:49:21Z","NA"
"WEST_BENGAL","West Bengal","198","NA","","2026-04-06T06:49:21Z","NA"
"WEST_BENGAL","West Bengal","199","NA","","2026-04-06T06:49:21Z","NA"
"WEST_BENGAL","West Bengal","200","NA","","2026-04-06T06:49:21Z","NA"
"WEST_BENGAL","West Bengal","201","NA","","2026-04-06T06:49:21Z","NA"
"WEST_BENGAL","West Bengal","202","NA","","2026-04-06T06:49:21Z","NA"
"WEST_BENGAL","West Bengal","203","NA","","2026-04-06T06:49:21Z","NA"
"WEST_BENGAL","West Bengal","204","NA","","2026-04-06T06:49:21Z","NA"
"WEST_BENGAL","West Bengal","205","NA","","2026-04-06T06:49:21Z","NA"
"WEST_BENGAL","West Bengal","206","NA","","2026-04-06T06:49:21Z","NA"
"WEST_BENGAL","West Bengal","207","NA","","2026-04-06T06:49:21Z","NA"
"WEST_BENGAL","West Bengal","208","NA","","2026-04-06T06:49:21Z","NA"
"WEST_BENGAL","West Bengal","209","NA","","2026-04-06T06:49:21Z","NA"
"WEST_BENGAL","West Bengal","210","NA","","2026-04-06T06:49:21Z","NA"
"WEST_BENGAL","West Bengal","211","NA","","2026-04-06T06:49:21Z","NA"
"WEST_BENGAL","West Bengal","212","NA","","2026-04-06T06:49:21Z","NA"
"WEST_BENGAL","West Bengal","213","NA","","2026-04-06T06:49:21Z","NA"
"WEST_BENGAL","West Bengal","214","NA","","2026-04-06T06:49:21Z","NA"
"WEST_BENGAL","West Bengal","215","NA","","2026-04-06T06:49:21Z","NA"
"WEST_BENGAL","West Bengal","216","NA","","2026-04-06T06:49:21Z","NA"
"WEST_BENGAL","West Bengal","217","NA","","2026-04-06T06:49:21Z","NA"
"WEST_BENGAL","West Bengal","218","NA","","2026-04-06T06:49:21Z","NA"
"WEST_BENGAL","West Bengal","219","NA","","2026-04-06T06:49:21Z","NA"
"WEST_BENGAL","West Bengal","220","NA","","2026-04-06T06:49:21Z","NA"
"WEST_BENGAL","West Bengal","221","NA","","2026-04-06T06:49:21Z","NA"
"WEST_BENGAL","West Bengal","222","NA","","2026-04-06T06:49:21Z","NA"
"WEST_BENGAL","West Bengal","223","NA","","2026-04-06T06:49:21Z","NA"
"WEST_BENGAL","West Bengal","224","NA","","2026-04-06T06:49:21Z","NA"
"WEST_BENGAL","West Bengal","225","NA","","2026-04-06T06:49:21Z","NA"
"WEST_BENGAL","West Bengal","226","NA","","2026-04-06T06:49:21Z","NA"
"WEST_BENGAL","West Bengal","227","NA","","2026-04-06T06:49:21Z","NA"
"WEST_BENGAL","West Bengal","228","NA","","2026-04-06T06:49:21Z","NA"
"WEST_BENGAL","West Bengal","229","NA","","2026-04-06T06:49:21Z","NA"
"WEST_BENGAL","West Bengal","230","NA","","2026-04-06T06:49:21Z","NA"
"WEST_BENGAL","West Bengal","231","NA","","2026-04-06T06:49:21Z","NA"
"WEST_BENGAL","West Bengal","232","NA","","2026-04-06T06:49:21Z","NA"
"WEST_BENGAL","West Bengal","233","NA","","2026-04-06T06:49:21Z","NA"
"WEST_BENGAL","West Bengal","234","NA","","2026-04-06T06:49:21Z","NA"
"WEST_BENGAL","West Bengal","235","NA","","2026-04-06T06:49:21Z","NA"
"WEST_BENGAL","West Bengal","236","NA","","2026-04-06T06:49:21Z","NA"
"WEST_BENGAL","West Bengal","237","NA","","2026-04-06T06:49:21Z","NA"
"WEST_BENGAL","West Bengal","238","NA","","2026-04-06T06:49:21Z","NA"
"WEST_BENGAL","West Bengal","239","NA","","2026-04-06T06:49:21Z","NA"
"WEST_BENGAL","West Bengal","240","NA","","2026-04-06T06:49:21Z","NA"
"WEST_BENGAL","West Bengal","241","NA","","2026-04-06T06:49:21Z","NA"
"WEST_BENGAL","West Bengal","242","NA","","2026-04-06T06:49:21Z","NA"
"WEST_BENGAL","West Bengal","243","NA","","2026-04-06T06:49:21Z","NA"
"WEST_BENGAL","West Bengal","244","NA","","2026-04-06T06:49:21Z","NA"
"WEST_BENGAL","West Bengal","245","NA","","2026-04-06T06:49:21Z","NA"
"WEST_BENGAL","West Bengal","246","NA","","2026-04-06T06:49:21Z","NA"
"WEST_BENGAL","West Bengal","247","NA","","2026-04-06T06:49:21Z","NA"
"WEST_BENGAL","West Bengal","248","NA","","2026-04-06T06:49:21Z","NA"
"WEST_BENGAL","West Bengal","249","NA","","2026-04-06T06:49:21Z","NA"
"WEST_BENGAL","West Bengal","250","NA","","2026-04-06T06:49:21Z","NA"
"WEST_BENGAL","West Bengal","251","NA","","2026-04-06T06:49:21Z","NA"
"WEST_BENGAL","West Bengal","252","NA","","2026-04-06T06:49:21Z","NA"
"WEST_BENGAL","West Bengal","253","NA","","2026-04-06T06:49:21Z","NA"
"WEST_BENGAL","West Bengal","254","NA","","2026-04-06T06:49:21Z","NA"
"WEST_BENGAL","West Bengal","255","NA","","2026-04-06T06:49:21Z","NA"
"WEST_BENGAL","West Bengal","256","NA","","2026-04-06T06:49:21Z","NA"
"WEST_BENGAL","West Bengal","257","NA","","2026-04-06T06:49:21Z","NA"
"WEST_BENGAL","West Bengal","258","NA","","2026-04-06T06:49:21Z","NA"
"WEST_BENGAL","West Bengal","259","NA","","2026-04-06T06:49:21Z","NA"
"WEST_BENGAL","West Bengal","260","NA","","2026-04-06T06:49:21Z","NA"
"WEST_BENGAL","West Bengal","261","NA","","2026-04-06T06:49:21Z","NA"
"WEST_BENGAL","West Bengal","262","NA","","2026-04-06T06:49:21Z","NA"
"WEST_BENGAL","West Bengal","263","NA","","2026-04-06T06:49:21Z","NA"
"WEST_BENGAL","West Bengal","264","NA","","2026-04-06T06:49:21Z","NA"
"WEST_BENGAL","West Bengal","265","NA","","2026-04-06T06:49:21Z","NA"
"WEST_BENGAL","West Bengal","266","NA","","2026-04-06T06:49:21Z","NA"
"WEST_BENGAL","West Bengal","267","NA","","2026-04-06T06:49:21Z","NA"
"WEST_BENGAL","West Bengal","268","NA","","2026-04-06T06:49:21Z","NA"
"WEST_BENGAL","West Bengal","269","NA","","2026-04-06T06:49:21Z","NA"
"WEST_BENGAL","West Bengal","270","NA","","2026-04-06T06:49:21Z","NA"
"WEST_BENGAL","West Bengal","271","NA","","2026-04-06T06:49:21Z","NA"
"WEST_BENGAL","West Bengal","272","NA","","2026-04-06T06:49:21Z","NA"
"WEST_BENGAL","West Bengal","273","NA","","2026-04-06T06:49:21Z","NA"
"WEST_BENGAL","West Bengal","274","NA","","2026-04-06T06:49:21Z","NA"
"WEST_BENGAL","West Bengal","275","NA","","2026-04-06T06:49:21Z","NA"
"WEST_BENGAL","West Bengal","276","NA","","2026-04-06T06:49:21Z","NA"
"WEST_BENGAL","West Bengal","277","NA","","2026-04-06T06:49:21Z","NA"
"WEST_BENGAL","West Bengal","278","NA","","2026-04-06T06:49:21Z","NA"
"WEST_BENGAL","West Bengal","279","NA","","2026-04-06T06:49:21Z","NA"
"WEST_BENGAL","West Bengal","280","NA","","2026-04-06T06:49:21Z","NA"
"WEST_BENGAL","West Bengal","281","NA","","2026-04-06T06:49:21Z","NA"
"WEST_BENGAL","West Bengal","282","NA","","2026-04-06T06:49:21Z","NA"
"WEST_BENGAL","West Bengal","283","NA","","2026-04-06T06:49:21Z","NA"
"WEST_BENGAL","West Bengal","284","NA","","2026-04-06T06:49:21Z","NA"
"WEST_BENGAL","West Bengal","285","NA","","2026-04-06T06:49:21Z","NA"
"WEST_BENGAL","West Bengal","286","NA","","2026-04-06T06:49:21Z","NA"
"WEST_BENGAL","West Bengal","287","NA","","2026-04-06T06:49:21Z","NA"
"WEST_BENGAL","West Bengal","288","NA","","2026-04-06T06:49:21Z","NA"
"WEST_BENGAL","West Bengal","289","NA","","2026-04-06T06:49:21Z","NA"
"WEST_BENGAL","West Bengal","290","NA","","2026-04-06T06:49:21Z","NA"
"WEST_BENGAL","West Bengal","291","NA","","2026-04-06T06:49:21Z","NA"
"WEST_BENGAL","West Bengal","292","NA","","2026-04-06T06:49:21Z","NA"
"WEST_BENGAL","West Bengal","293","NA","","2026-04-06T06:49:21Z","NA"
"WEST_BENGAL","West Bengal","294","NA","","2026-04-06T06:49:21Z","NA"
