state_key,state,no,constituency_name,reserved,y2021_winner_name,y2016_winner_name,y2026_winner_name,status,updated_at,y2021_winner_party,y2016_winner_party,y2026_winner_party
ASSAM,Assam,1,GOSSAIGAON,GEN,Majendra Narzary,Majendra Narzary,,,2026-04-06T06:49:21Z,BPF,BPF,
ASSAM,Assam,2,DOTMA (ST),ST,,,,,2026-04-06T06:49:21Z,,,
ASSAM,Assam,3,KOKRAJHAR (ST),ST,,,,,2026-04-06T06:49:21Z,,,
ASSAM,Assam,4,BAOKHUNGRI,GEN,,,,,2026-04-06T06:49:21Z,,,
ASSAM,Assam,5,PARBATJHORA,GEN,,,,,2026-04-06T06:49:21Z,,,
ASSAM,Assam,6,GOLAKGANJ,GEN,Abdus Sobahun Ali Sarkar,Ashwini Roy Sarkar,,,2026-04-06T06:49:21Z,INC,BJP,
ASSAM,Assam,7,GAURIPUR,GEN,Nijanur Rahman,Nijanur Rahman,,,2026-04-06T06:49:21Z,AIUDF,AIUDF,
ASSAM,Assam,8,DHUBRI,GEN,Nazrul Hoque,Najrul Hoque,,,2026-04-06T06:49:21Z,AIUDF,AIUDF,
ASSAM,Assam,9,BIRSING JARUA,GEN,,,,,2026-04-06T06:49:21Z,,,
ASSAM,Assam,10,BILASIPARA,GEN,,,,,2026-04-06T06:49:21Z,,,
ASSAM,Assam,11,MANKACHAR,GEN,Adv. Aminul Islam,Dr. Motiur Rohman Mondal,,,2026-04-06T06:49:21Z,AIUDF,INC,
ASSAM,Assam,12,JALESHWAR,GEN,,,,,2026-04-06T06:49:21Z,,,
ASSAM,Assam,13,GOALPARA WEST (ST),ST,Md. Abdur Rashid Mandal,Abdur Rasheed Mandal,,,2026-04-06T06:49:21Z,INC,INC,
ASSAM,Assam,14,GOALPARA EAST,GEN,Abdul Kalam Rasheed Alam,Abdul Kalam Rasheed Alam,,,2026-04-06T06:49:21Z,INC,INC,
ASSAM,Assam,15,DUDHNAI (ST),ST,Jadab Sawargiary,Dipak Rabha,,,2026-04-06T06:49:21Z,INC,BJP,
ASSAM,Assam,16,ABHAYAPURI,GEN,,,,,2026-04-06T06:49:21Z,,,
ASSAM,Assam,17,SRIJANGRAM,GEN,,,,,2026-04-06T06:49:21Z,,,
ASSAM,Assam,18,BONGAIGAON,GEN,Phani Bhusan Choudhury,Phani Bhusan Choudhury,,,2026-04-06T06:49:21Z,AGP,AGP,
ASSAM,Assam,19,SIDLI CHIRANG (ST),ST,,,,,2026-04-06T06:49:21Z,,,
ASSAM,Assam,20,BIJNI,GEN,Ajoy Kumar Ray,Kamal Singh Narzary,,,2026-04-06T06:49:21Z,BJP,BPF,
ASSAM,Assam,21,BHOWANIPUR-SORBHOG,GEN,,,,,2026-04-06T06:49:21Z,,,
ASSAM,Assam,22,MANDIA,GEN,,,,,2026-04-06T06:49:21Z,,,
ASSAM,Assam,23,CHENGA,GEN,Ashraful Hussain,Sukur Ali Ahmed,,,2026-04-06T06:49:21Z,AIUDF,INC,
ASSAM,Assam,24,BARPETA (SC),SC,Abdur Rahim Ahmed,Gunindra Nath Das,,,2026-04-06T06:49:21Z,INC,AGP,
ASSAM,Assam,25,PAKABETBARI,GEN,,,,,2026-04-06T06:49:21Z,,,
ASSAM,Assam,26,BAJALI,GEN,,,,,2026-04-06T06:49:21Z,,,
ASSAM,Assam,27,CHAMARIA,GEN,,,,,2026-04-06T06:49:21Z,,,
ASSAM,Assam,28,BOKO-CHAYGAON (ST),ST,,,,,2026-04-06T06:49:21Z,,,
ASSAM,Assam,29,PALASBARI,GEN,Hemanga Thakuria,Pranab Kalita,,,2026-04-06T06:49:21Z,BJP,BJP,
ASSAM,Assam,30,HAJO-SUALKUCHI (SC),SC,,,,,2026-04-06T06:49:21Z,,,
ASSAM,Assam,31,RANGIA,GEN,Bhabesh Kalita,Bhabesh Kalita,,,2026-04-06T06:49:21Z,BJP,BJP,
ASSAM,Assam,32,KAMALPUR,GEN,Diganta Kalita,Satyabrat Kalita,,,2026-04-06T06:49:21Z,BJP,AGP,
ASSAM,Assam,33,DISPUR,GEN,Atul Bora,Atul Bora,,,2026-04-06T06:49:21Z,BJP,BJP,
ASSAM,Assam,34,DIMORIA (SC),SC,,,,,2026-04-06T06:49:21Z,,,
ASSAM,Assam,35,NEW GUWAHATI,GEN,,,,,2026-04-06T06:49:21Z,,,
ASSAM,Assam,36,GUWAHATI CENTRAL,GEN,,,,,2026-04-06T06:49:21Z,,,
ASSAM,Assam,37,JALUKBARI,GEN,Himanta Biswa Sarma,Himanta Biswa Sarma,,,2026-04-06T06:49:21Z,BJP,BJP,
ASSAM,Assam,38,BARKHETRI,GEN,,,,,2026-04-06T06:49:21Z,,,
ASSAM,Assam,39,NALBARI,GEN,Jayanta Malla Baruah,Ashok Sarma,,,2026-04-06T06:49:21Z,BJP,BJP,
ASSAM,Assam,40,TIHU,GEN,,,,,2026-04-06T06:49:21Z,,,
ASSAM,Assam,41,MANAS,GEN,,,,,2026-04-06T06:49:21Z,,,
ASSAM,Assam,42,BAKSA (ST),ST,,,,,2026-04-06T06:49:21Z,,,
ASSAM,Assam,43,TAMULPUR (ST),ST,Leho Ram Boro,Emmanuel Mosahary,,,2026-04-06T06:49:21Z,UPPL,BPF,
ASSAM,Assam,44,GORESWAR,GEN,,,,,2026-04-06T06:49:21Z,,,
ASSAM,Assam,45,BHERGAON,GEN,,,,,2026-04-06T06:49:21Z,,,
ASSAM,Assam,46,UDALGURI (ST),ST,Gobinda Chandra Basumatary,Rihon Daimary,,,2026-04-06T06:49:21Z,UPPL,BPF,
ASSAM,Assam,47,MAZBAT,GEN,,,,,2026-04-06T06:49:21Z,,,
ASSAM,Assam,48,TANGLA,GEN,,,,,2026-04-06T06:49:21Z,,,
ASSAM,Assam,49,SIPAJHAR,GEN,Parmananda Rajbongshi,Binanda Kumar Saikia,,,2026-04-06T06:49:21Z,BJP,BJP,
ASSAM,Assam,50,MANGALDAI,GEN,,,,,2026-04-06T06:49:21Z,,,
ASSAM,Assam,51,DALGAON,GEN,Mazibur Rahman,Ilias Ali,,,2026-04-06T06:49:21Z,AIUDF,INC,
ASSAM,Assam,52,JAGIROAD (SC),SC,Pijush Hazarika,Pijush Hazarika,,,2026-04-06T06:49:21Z,BJP,BJP,
ASSAM,Assam,53,LAHARIGHAT,GEN,Dr. Asif Mohammad Nazar,Nazrul Islam,,,2026-04-06T06:49:21Z,INC,INC,
ASSAM,Assam,54,MORIGAON,GEN,,,,,2026-04-06T06:49:21Z,,,
ASSAM,Assam,55,DHING,GEN,Aminul Islam,Aminul Islam,,,2026-04-06T06:49:21Z,AIUDF,AIUDF,
ASSAM,Assam,56,RUPAHIHAT,GEN,,,,,2026-04-06T06:49:21Z,,,
ASSAM,Assam,57,KALIABOR,GEN,Keshab Mahanta,Keshab Mahanta,,,2026-04-06T06:49:21Z,AGP,AGP,
ASSAM,Assam,58,SAMAGURI,GEN,Rakibul Hussain,Rakibul Hussain,,,2026-04-06T06:49:21Z,INC,INC,
ASSAM,Assam,59,BARHAMPUR,GEN,Jitu Goswami,Prafulla Kumar Mahanta,,,2026-04-06T06:49:21Z,BJP,AGP,
ASSAM,Assam,60,NAGAON-BATADRABA,GEN,,,,,2026-04-06T06:49:21Z,,,
ASSAM,Assam,61,RAHA (SC),SC,Sashi Kanta Das,Dimbeswar Das,,,2026-04-06T06:49:21Z,INC,BJP,
ASSAM,Assam,62,BINNAKANDI,GEN,,,,,2026-04-06T06:49:21Z,,,
ASSAM,Assam,63,HOJAI,GEN,Ramkrishna Ghosh,Shiladitya Dev,,,2026-04-06T06:49:21Z,BJP,BJP,
ASSAM,Assam,64,LUMDING,GEN,Sibu Misra,Sibu Misra,,,2026-04-06T06:49:21Z,BJP,BJP,
ASSAM,Assam,65,DHEKIAJULI,GEN,Ashok Singhal,Ashok Singhal,,,2026-04-06T06:49:21Z,BJP,BJP,
ASSAM,Assam,66,BARCHALLA,GEN,Ganesh Kumar Limbu,Ganesh Kumar Limbu,,,2026-04-06T06:49:21Z,BJP,BJP,
ASSAM,Assam,67,TEZPUR,GEN,Prithiraj Rava,Brindaban Goswami,,,2026-04-06T06:49:21Z,AGP,AGP,
ASSAM,Assam,68,RANGAPARA,GEN,Krishna Kamal Tanti,Pallab Lochan Das,,,2026-04-06T06:49:21Z,BJP,BJP,
ASSAM,Assam,69,NADUAR,GEN,,,,,2026-04-06T06:49:21Z,,,
ASSAM,Assam,70,BISWANATH,GEN,Promod Borthakur,Promod Borthakur,,,2026-04-06T06:49:21Z,BJP,BJP,
ASSAM,Assam,71,BEHALI (SC),SC,Ranjit Dutta,Ranjit Dutta,,,2026-04-06T06:49:21Z,BJP,BJP,
ASSAM,Assam,72,GOHPUR,GEN,Utpal Borah,Utpal Borah,,,2026-04-06T06:49:21Z,BJP,BJP,
ASSAM,Assam,73,BIHPURIA,GEN,Amiya Kumar Bhuyan,Debananda Hazarika,,,2026-04-06T06:49:21Z,BJP,BJP,
ASSAM,Assam,74,RONGONADI,GEN,,,,,2026-04-06T06:49:21Z,,,
ASSAM,Assam,75,NOWBOICHA (SC),SC,,,,,2026-04-06T06:49:21Z,,,
ASSAM,Assam,76,LAKHIMPUR,GEN,Manab Deka,Utpal Dutta,,,2026-04-06T06:49:21Z,BJP,AGP,
ASSAM,Assam,77,DHAKUAKHANA (ST),ST,Naba Kumar Doley,Naba Kumar Doley,,,2026-04-06T06:49:21Z,BJP,BJP,
ASSAM,Assam,78,DHEMAJI (ST),ST,Ranoj Pegu,Pradan Baruah,,,2026-04-06T06:49:21Z,BJP,BJP,
ASSAM,Assam,79,SISSIBARGAON,GEN,,,,,2026-04-06T06:49:21Z,,,
ASSAM,Assam,80,JONAI (ST),ST,Bhubon Pegu,Bhubon Pegu,,,2026-04-06T06:49:21Z,BJP,IND,
ASSAM,Assam,81,SADIYA,GEN,Bolin Chetia,Bolin Chetia,,,2026-04-06T06:49:21Z,BJP,BJP,
ASSAM,Assam,82,DOOMDOOMA,GEN,Rupesh Gowala,Durga Bhumij,,,2026-04-06T06:49:21Z,BJP,INC,
ASSAM,Assam,83,MARGHERITA,GEN,Bhaskar Sharma,Bhaskar Sharma,,,2026-04-06T06:49:21Z,BJP,BJP,
ASSAM,Assam,84,DIGBOI,GEN,Suren Phukan,Suren Phukan,,,2026-04-06T06:49:21Z,BJP,BJP,
ASSAM,Assam,85,MAKUM,GEN,,,,,2026-04-06T06:49:21Z,,,
ASSAM,Assam,86,TINSUKIA,GEN,Sanjoy Kishan,Sanjoy Kishan,,,2026-04-06T06:49:21Z,BJP,BJP,
ASSAM,Assam,87,CHABUA-LAHOWAL,GEN,,,,,2026-04-06T06:49:21Z,,,
ASSAM,Assam,88,DIBRUGRAH,GEN,,,,,2026-04-06T06:49:21Z,,,
ASSAM,Assam,89,KHOWANG,GEN,,,,,2026-04-06T06:49:21Z,,,
ASSAM,Assam,90,DULIAJAN,GEN,Terash Gowalla,Terash Gowalla,,,2026-04-06T06:49:21Z,BJP,BJP,
ASSAM,Assam,91,TINGKHONG,GEN,Bimal Borah,Bimal Bora,,,2026-04-06T06:49:21Z,BJP,BJP,
ASSAM,Assam,92,NAHARKATIA,GEN,Taranga Gogoi,Naren Sonowal,,,2026-04-06T06:49:21Z,BJP,AGP,
ASSAM,Assam,93,SONARI,GEN,Dharmeswar Konwar,Topon Kumar Gogoi,,,2026-04-06T06:49:21Z,BJP,BJP,
ASSAM,Assam,94,MAHMORA,GEN,,,,,2026-04-06T06:49:21Z,,,
ASSAM,Assam,95,DEMOW,GEN,,,,,2026-04-06T06:49:21Z,,,
ASSAM,Assam,96,SIBSAGAR,GEN,"Akhil Gogoi{{efn|Akhil Gogoi is the president of Raijor Dal, but he contested the election as an independent candidate.}}",Pranab Kumar Gogoi,,,2026-04-06T06:49:21Z,IND,INC,
ASSAM,Assam,97,NAZIRA,GEN,Debabrata Saikia,Debabrata Saikia,,,2026-04-06T06:49:21Z,INC,INC,
ASSAM,Assam,98,MAJULI (ST),ST,Sarbananda Sonowal,Sarbananda Sonowal,,,2026-04-06T06:49:21Z,BJP,BJP,
ASSAM,Assam,99,TEOK,GEN,Renupoma Rajkhowa,Renupoma Rajkhowa,,,2026-04-06T06:49:21Z,AGP,AGP,
ASSAM,Assam,100,JORHAT,GEN,Hitendra Nath Goswami,Hitendra Nath Goswami,,,2026-04-06T06:49:21Z,BJP,BJP,
ASSAM,Assam,101,MARIANI,GEN,Rupjyoti Kurmi,Rupjyoti Kurmi,,,2026-04-06T06:49:21Z,INC,INC,
ASSAM,Assam,102,TITABOR,GEN,,,,,2026-04-06T06:49:21Z,,,
ASSAM,Assam,103,GOLAGHAT,GEN,Ajanta Neog,Ajanta Neog,,,2026-04-06T06:49:21Z,BJP,INC,
ASSAM,Assam,104,DERGAON,GEN,Bhabendra Nath Bharali,Bhabendra Nath Bharali,,,2026-04-06T06:49:21Z,AGP,AGP,
ASSAM,Assam,105,BOKAKHAT,GEN,Atul Bora,Atul Bora,,,2026-04-06T06:49:21Z,AGP,AGP,
ASSAM,Assam,106,KHUMTAI,GEN,Mrinal Saikia,Mrinal Saikia,,,2026-04-06T06:49:21Z,BJP,BJP,
ASSAM,Assam,107,SARUPATHAR,GEN,Biswajit Phukan,Roselina Tirkey,,,2026-04-06T06:49:21Z,BJP,INC,
ASSAM,Assam,108,BOKAJAN (ST),ST,Numal Momin,Numal Momin,,,2026-04-06T06:49:21Z,BJP,BJP,
ASSAM,Assam,109,HOWARGHAT (ST),ST,,,,,2026-04-06T06:49:21Z,,,
ASSAM,Assam,110,DIPHU (ST),ST,Bidya Sing Engleng,Sum Ronghang,,,2026-04-06T06:49:21Z,BJP,BJP,
ASSAM,Assam,111,RONGKHANG (ST),ST,,,,,2026-04-06T06:49:21Z,,,
ASSAM,Assam,112,AMRI (ST),ST,,,,,2026-04-06T06:49:21Z,,,
ASSAM,Assam,113,HAFLONG (ST),ST,Nandita Garlosa,Bir Bhadra Hagjer,,,2026-04-06T06:49:21Z,BJP,BJP,
ASSAM,Assam,114,LAKHIPUR,GEN,Kaushik Rai,Rajdeep Goala,,,2026-04-06T06:49:21Z,BJP,INC,
ASSAM,Assam,115,UDHARBOND,GEN,Mihir Kanti Shome,Mihir Kanti Shome,,,2026-04-06T06:49:21Z,BJP,BJP,
ASSAM,Assam,116,KATIGORAH,GEN,Khalil Uddin Mazumder,Amar Chand Jain,,,2026-04-06T06:49:21Z,INC,BJP,
ASSAM,Assam,117,BARKHOLA,GEN,Misbahul Islam Laskar,Kishor Nath,,,2026-04-06T06:49:21Z,INC,BJP,
ASSAM,Assam,118,SILCHAR,GEN,Dipayan Chakraborty,Dilip Kumar Paul,,,2026-04-06T06:49:21Z,BJP,BJP,
ASSAM,Assam,119,SONAI,GEN,Karim Uddin Barbhuiya,Aminul Haque Laskar,,,2026-04-06T06:49:21Z,AIUDF,BJP,
ASSAM,Assam,120,DHOLAI (SC),SC,Parimal Suklabaidya,Parimal Suklabaidya,,,2026-04-06T06:49:21Z,BJP,BJP,
ASSAM,Assam,121,HAILAKANDI,GEN,Zakir Hussain Laskar,Anwar Hussain Laskar,,,2026-04-06T06:49:21Z,AIUDF,AIUDF,
ASSAM,Assam,122,ALGAPUR-KATLICHERRA,GEN,,,,,2026-04-06T06:49:21Z,,,
ASSAM,Assam,123,KARIMGANJ NORTH,GEN,Kamalakhya Dey Purkayastha,Kamalakhya Dey Purkayastha,,,2026-04-06T06:49:21Z,INC,INC,
ASSAM,Assam,124,KARIMGANJ SOUTH,GEN,Siddique Ahmed,Aziz Ahmed Khan,,,2026-04-06T06:49:21Z,INC,AIUDF,
ASSAM,Assam,125,PATHARKANDI,GEN,Krishnendu Paul,Krishnendu Paul,,,2026-04-06T06:49:21Z,BJP,BJP,
ASSAM,Assam,126,RAM KRISHANA NAGAR (SC),SC,,,,,2026-04-06T06:49:21Z,,,
KERALA,Kerala,1,Manjeshwaram,GEN,A. K. M. Ashraf,P. B. Abdul Razak,,,2026-04-06T06:49:21Z,IUML,IUML,
KERALA,Kerala,2,Kasaragod,GEN,N. A. Nellikkunnu,N. A. Nellikkunnu,,,2026-04-06T06:49:21Z,IUML,IUML,
KERALA,Kerala,3,Udma,GEN,C. H. Kunhambu,K. Kunhiraman,,,2026-04-06T06:49:21Z,CPI(M),CPI(M),
KERALA,Kerala,4,Kanhangad,GEN,E. Chandrasekharan,E. Chandrasekharan,,,2026-04-06T06:49:21Z,CPI,CPI(M),
KERALA,Kerala,5,Thrikaripur,GEN,M. Rajagopalan,M. Rajagopalan,,,2026-04-06T06:49:21Z,CPI(M),CPI(M),
KERALA,Kerala,6,Payyanur,GEN,TI. Madhusoodanan,C. Krishnan,,,2026-04-06T06:49:21Z,CPI(M),CPI(M),
KERALA,Kerala,7,Kalliasseri,GEN,M. Vijin,T. V. Rajesh,,,2026-04-06T06:49:21Z,CPI(M),CPI(M),
KERALA,Kerala,8,Taliparamba,GEN,M. V. Govindan,James Mathew,,,2026-04-06T06:49:21Z,CPI(M),CPI(M),
KERALA,Kerala,9,Irikkur,GEN,Sajeev Joseph,K. C. Joseph,,,2026-04-06T06:49:21Z,INC,INC,
KERALA,Kerala,10,Azhikode,GEN,K. V. Sumesh,K. M. Shaji,,,2026-04-06T06:49:21Z,CPI(M),IUML,
KERALA,Kerala,11,Kannur,GEN,Kadannappalli Ramachandran,Kadannappalli Ramachandran,,,2026-04-06T06:49:21Z,Con(S),Congress (Secular),
KERALA,Kerala,12,Dharmadom,GEN,Pinarayi Vijayan,Pinarayi Vijayan,,,2026-04-06T06:49:21Z,CPI(M),CPI(M),
KERALA,Kerala,13,Thalassery,GEN,A. N. Shamseer,A. N. Shamseer,,,2026-04-06T06:49:21Z,CPI(M),CPI(M),
KERALA,Kerala,14,Kuthuparamba,GEN,K. P. Mohanan,K. K. Shailaja,,,2026-04-06T06:49:21Z,LJD,CPI(M),
KERALA,Kerala,15,Mattanur,GEN,K. K. Shailaja,E. P. Jayarajan,,,2026-04-06T06:49:21Z,CPI(M),CPI(M),
KERALA,Kerala,16,Peravoor,GEN,Sunny Joseph,Sunny Joseph,,,2026-04-06T06:49:21Z,INC,INC,
KERALA,Kerala,17,Mananthavady,ST,O. R. Kelu,O. R. Kelu,,,2026-04-06T06:49:21Z,CPI(M),CPI(M),
KERALA,Kerala,18,Sulthan Bathery,ST,I. C. Balakrishnan,I. C. Balakrishnan,,,2026-04-06T06:49:21Z,INC,INC,
KERALA,Kerala,19,Kalpetta,GEN,T. Siddique,C. K. Saseendran,,,2026-04-06T06:49:21Z,INC,CPI(M),
KERALA,Kerala,20,Vatakara,GEN,K. K. Rema,C. K. Nanu,,,2026-04-06T06:49:21Z,RMPI,JD(S),
KERALA,Kerala,21,Kuttiady,GEN,K. P. Kunhammadkutty,Parakkal Abdulla,,,2026-04-06T06:49:21Z,CPI(M),IUML,
KERALA,Kerala,22,Nadapuram,GEN,E. K. Vijayan,E. K. Vijayan,,,2026-04-06T06:49:21Z,CPI,CPI,
KERALA,Kerala,23,Koyilandy,GEN,Kanathil Jameela,K. Dasan,,,2026-04-06T06:49:21Z,CPI(M),CPI(M),
KERALA,Kerala,24,Perambra,GEN,T. P. Ramakrishnan,T. P. Ramakrishnan,,,2026-04-06T06:49:21Z,CPI(M),CPI(M),
KERALA,Kerala,25,Balussery,SC,K. M. Sachin Dev,Purushan Kadalundi,,,2026-04-06T06:49:21Z,CPI(M),CPI(M),
KERALA,Kerala,26,Elathur,GEN,A. K. Saseendran,A. K. Saseendran,,,2026-04-06T06:49:21Z,NCP,NCP,
KERALA,Kerala,27,Kozhikode North,GEN,Thottathil Raveendran,A. Pradeep Kumar,,,2026-04-06T06:49:21Z,CPI(M),CPI(M),
KERALA,Kerala,28,Kozhikode South,GEN,Ahamed Devarkovil,M. K. Muneer,,,2026-04-06T06:49:21Z,INL,IUML,
KERALA,Kerala,29,Beypore,GEN,P. A. Mohammed Riyas,V. K. C. Mammed Koya,,,2026-04-06T06:49:21Z,CPI(M),CPI(M),
KERALA,Kerala,30,Kunnamangalam,GEN,P. T. A. Rahim,P. T. A. Rahim,,,2026-04-06T06:49:21Z,IND,IND,
KERALA,Kerala,31,Koduvally,GEN,M. K. Muneer,Karat Razack,,,2026-04-06T06:49:21Z,IUML,IND,
KERALA,Kerala,32,Thiruvambady,GEN,Linto Joseph,George M. Thomas,,,2026-04-06T06:49:21Z,CPI(M),CPI(M),
KERALA,Kerala,33,Kondotty,GEN,T. V. Ibrahim,T. V. Ibrahim,,,2026-04-06T06:49:21Z,IUML,IUML,
KERALA,Kerala,34,Eranad,GEN,P. K. Basheer,P. K. Basheer,,,2026-04-06T06:49:21Z,IUML,IUML,
KERALA,Kerala,35,Nilambur,GEN,P. V. Anvar,P. V. Anvar,,,2026-04-06T06:49:21Z,IND,IND,
KERALA,Kerala,36,Wandoor,SC,A. P. Anil Kumar,A. P. Anil Kumar,,,2026-04-06T06:49:21Z,INC,INC,
KERALA,Kerala,37,Manjeri,GEN,U. A. Latheef,M. Ummer,,,2026-04-06T06:49:21Z,IUML,IUML,
KERALA,Kerala,38,Perinthalmanna,GEN,Najeeb Kanthapuram,Manjalamkuzhi Ali,,,2026-04-06T06:49:21Z,IUML,IUML,
KERALA,Kerala,39,Mankada,GEN,Manjalamkuzhi Ali,T. A. Ahmed Kabeer,,,2026-04-06T06:49:21Z,IUML,IUML,
KERALA,Kerala,40,Malappuram,GEN,P. Ubaidulla,P. Ubaidulla,,,2026-04-06T06:49:21Z,IUML,IUML,
KERALA,Kerala,41,Vengara,GEN,P. K. Kunhalikutty,P. K. Kunhalikutty,,,2026-04-06T06:49:21Z,IUML,IUML,
KERALA,Kerala,42,Vallikkunnu,GEN,P. Abdul Hameed,Abdul Hameed Master,,,2026-04-06T06:49:21Z,IUML,IUML,
KERALA,Kerala,43,Tirurangadi,GEN,K. P. A. Majeed,P. K. Abdu Rabb,,,2026-04-06T06:49:21Z,IUML,IUML,
KERALA,Kerala,44,Tanur,GEN,V. Abdurahman,V. Abdurahiman,,,2026-04-06T06:49:21Z,NSC,National Secular Conference,
KERALA,Kerala,45,Tirur,GEN,Kurukkoli Moideen,C. Mammootty,,,2026-04-06T06:49:21Z,IUML,IUML,
KERALA,Kerala,46,Kottakkal,GEN,K. K. Abid Hussain Thangal,Abid Hussain Thangal,,,2026-04-06T06:49:21Z,IUML,IUML,
KERALA,Kerala,47,Thavanur,GEN,K. T. Jaleel,K. T. Jaleel,,,2026-04-06T06:49:21Z,IND,IND,
KERALA,Kerala,48,Ponnani,GEN,P. Nandakumar,P. Sreeramakrishnan,,,2026-04-06T06:49:21Z,CPI(M),CPI(M),
KERALA,Kerala,49,Thrithala,GEN,M. B. Rajesh,V. T. Balram,,,2026-04-06T06:49:21Z,CPI(M),INC,
KERALA,Kerala,50,Pattambi,GEN,Muhammed Muhsin,Muhammad Muhassin,,,2026-04-06T06:49:21Z,CPI,CPI,
KERALA,Kerala,51,Shornur,GEN,P. Mammikutty,P. K. Sasi,,,2026-04-06T06:49:21Z,CPI(M),CPI(M),
KERALA,Kerala,52,Ottapalam,GEN,K. Premkumar,P. Unni,,,2026-04-06T06:49:21Z,CPI(M),CPI(M),
KERALA,Kerala,53,Kongad,SC,K. Shanthakumari,K. V. Vijayadas,,,2026-04-06T06:49:21Z,CPI(M),CPI(M),
KERALA,Kerala,54,Mannarkkad,GEN,N. Shamsudheen,N. Samsudheen,,,2026-04-06T06:49:21Z,IUML,IUML,
KERALA,Kerala,55,Malampuzha,GEN,A. Prabhakaran,V. S. Achuthanandan,,,2026-04-06T06:49:21Z,CPI(M),CPI(M),
KERALA,Kerala,56,Palakkad,GEN,Shafi Parambil,Shafi Parambil,,,2026-04-06T06:49:21Z,INC,INC,
KERALA,Kerala,57,Tarur,SC,P. P. Sumod,A. K. Balan,,,2026-04-06T06:49:21Z,CPI(M),CPI(M),
KERALA,Kerala,58,Chittur,GEN,K. Krishnankutty,K. Krishnankutty,,,2026-04-06T06:49:21Z,JD(S),JD(S),
KERALA,Kerala,59,Nenmara,GEN,K. Babu,K. Babu,,,2026-04-06T06:49:21Z,CPI(M),CPI(M),
KERALA,Kerala,60,Alathur,GEN,K. D. Prasenan,K. D. Prasenan,,,2026-04-06T06:49:21Z,CPI(M),CPI(M),
KERALA,Kerala,61,Chelakkara,SC,K. Radhakrishnan,U. R. Pradeep,,,2026-04-06T06:49:21Z,CPI(M),CPI(M),
KERALA,Kerala,62,Kunnamkulam,GEN,A. C. Moideen,A. C. Moideen,,,2026-04-06T06:49:21Z,CPI(M),CPI(M),
KERALA,Kerala,63,Guruvayur,GEN,N. K. Akbar,K. V. Abdul Khader,,,2026-04-06T06:49:21Z,CPI(M),CPI(M),
KERALA,Kerala,64,Manalur,GEN,Murali Perunelly,Murali Perunelly,,,2026-04-06T06:49:21Z,CPI(M),CPI(M),
KERALA,Kerala,65,Wadakkanchery,GEN,Xavier Chittilappilly,Anil Akkara,,,2026-04-06T06:49:21Z,CPI(M),INC,
KERALA,Kerala,66,Ollur,GEN,K. Rajan,K. Rajan,,,2026-04-06T06:49:21Z,CPI,CPI(M),
KERALA,Kerala,67,Thrissur,GEN,P. Balachandran,V. S. Sunil Kumar,,,2026-04-06T06:49:21Z,CPI,CPI,
KERALA,Kerala,68,Nattika,SC,C. C. Mukundan,Geetha Gopi,,,2026-04-06T06:49:21Z,CPI,CPI,
KERALA,Kerala,69,Kaipamangalam,GEN,E. T. Taison,E. T. Taison Master,,,2026-04-06T06:49:21Z,CPI,CPI,
KERALA,Kerala,70,Irinjalakuda,GEN,R. Bindu,K. U. Arunan,,,2026-04-06T06:49:21Z,CPI(M),CPI(M),
KERALA,Kerala,71,Puthukkad,GEN,K. K. Ramachandran,C. Raveendranath,,,2026-04-06T06:49:21Z,CPI(M),CPI(M),
KERALA,Kerala,72,Chalakudy,GEN,T. J. Saneesh Kumar Joseph,B. D. Devassy,,,2026-04-06T06:49:21Z,INC,CPI(M),
KERALA,Kerala,73,Kodungallur,GEN,V. R. Sunil Kumar,V. R. Sunil Kumar,,,2026-04-06T06:49:21Z,CPI,CPI,
KERALA,Kerala,74,Perumbavoor,GEN,Eldhose Kunnappilly,Eldhose Kunnappilly,,,2026-04-06T06:49:21Z,INC,INC,
KERALA,Kerala,75,Angamaly,GEN,Roji M. John,Roji M. John,,,2026-04-06T06:49:21Z,INC,INC,
KERALA,Kerala,76,Aluva,GEN,Anwar Sadath,Anwar Sadath,,,2026-04-06T06:49:21Z,INC,INC,
KERALA,Kerala,77,Kalamassery,GEN,P. Rajeev,V. K. Ebrahim Kunju,,,2026-04-06T06:49:21Z,CPI(M),IUML,
KERALA,Kerala,78,Paravur,GEN,V. D. Satheesan,V. D. Satheesan,,,2026-04-06T06:49:21Z,INC,INC,
KERALA,Kerala,79,Vypin,GEN,K. N. Unnikrishnan,S. Sharma,,,2026-04-06T06:49:21Z,CPI(M),CPI(M),
KERALA,Kerala,80,Kochi,GEN,K. J. Maxi,K. J. Maxi,,,2026-04-06T06:49:21Z,CPI(M),CPI(M),
KERALA,Kerala,81,Thrippunithura,GEN,K. Babu,M. Swaraj,,,2026-04-06T06:49:21Z,INC,CPI(M),
KERALA,Kerala,82,Ernakulam,GEN,T. J. Vinod,Hibi Eden,,,2026-04-06T06:49:21Z,INC,INC,
KERALA,Kerala,83,Thrikkakara,GEN,P. T. Thomas,P. T. Thomas,,,2026-04-06T06:49:21Z,INC,INC,
KERALA,Kerala,84,Kunnathunad,SC,P. V. Sreenijin,V. P. Sajeendran,,,2026-04-06T06:49:21Z,CPI(M),INC,
KERALA,Kerala,85,Piravom,GEN,Anoop Jacob,Anoop Jacob,,,2026-04-06T06:49:21Z,KC(J),Kerala Congress (Jacob),
KERALA,Kerala,86,Muvattupuzha,GEN,Mathew Kuzhalnadan,Eldho Abraham,,,2026-04-06T06:49:21Z,INC,CPI,
KERALA,Kerala,87,Kothamangalam,GEN,Antony John,Antony John,,,2026-04-06T06:49:21Z,CPI(M),CPI(M),
KERALA,Kerala,88,Devikulam,SC,A. Raja,S. Rajendran,,,2026-04-06T06:49:21Z,CPI(M),CPI(M),
KERALA,Kerala,89,Udumbanchola,GEN,M. M. Mani,M. M. Mani,,,2026-04-06T06:49:21Z,CPI(M),CPI(M),
KERALA,Kerala,90,Thodupuzha,GEN,P. J. Joseph,P. J. Joseph,,,2026-04-06T06:49:21Z,UDF,Kerala Congress (Mani),
KERALA,Kerala,91,Idukki,GEN,Roshy Augustine,Roshy Augustine,,,2026-04-06T06:49:21Z,KC(M),Kerala Congress (Mani),
KERALA,Kerala,92,Peerumade,GEN,Vazhoor Soman,E. S. Bijimol,,,2026-04-06T06:49:21Z,CPI,CPI,
KERALA,Kerala,93,Pala,GEN,Mani C. Kappan,K. M. Mani,,,2026-04-06T06:49:21Z,NCK,Kerala Congress (Mani),
KERALA,Kerala,94,Kaduthuruthy,GEN,Monce Joseph,Mons Joseph,,,2026-04-06T06:49:21Z,UDF,Kerala Congress (Mani),
KERALA,Kerala,95,Vaikom,SC,C. K. Asha,C. K. Asha,,,2026-04-06T06:49:21Z,CPI,CPI,
KERALA,Kerala,96,Ettumanoor,GEN,V. N. Vasavan,K. Suresh Kurup,,,2026-04-06T06:49:21Z,CPI(M),CPI(M),
KERALA,Kerala,97,Kottayam,GEN,Thiruvanchoor Radhakrishnan,Thiruvanchoor Radhakrishnan,,,2026-04-06T06:49:21Z,INC,INC,
KERALA,Kerala,98,Puthuppally,GEN,Oommen Chandy,Oommen Chandy,,,2026-04-06T06:49:21Z,INC,INC,
KERALA,Kerala,99,Changanassery,GEN,Job Michael,C. F. Thomas,,,2026-04-06T06:49:21Z,KC(M),Kerala Congress (Mani),
KERALA,Kerala,100,Kanjirappally,GEN,N. Jayaraj,N. Jayaraj,,,2026-04-06T06:49:21Z,KC(M),Kerala Congress (Mani),
KERALA,Kerala,101,Poonjar,GEN,Sebastian Kulathunkal,P. C. George,,,2026-04-06T06:49:21Z,KC(M),IND,
KERALA,Kerala,102,Aroor,GEN,Daleema Jojo,A. M. Ariff,,,2026-04-06T06:49:21Z,CPI(M),CPI(M),
KERALA,Kerala,103,Cherthala,GEN,P. Prasad,P. Thilothaman,,,2026-04-06T06:49:21Z,CPI,CPI,
KERALA,Kerala,104,Alappuzha,GEN,P. P. Chitharanjan,T. M. Thomas Issac,,,2026-04-06T06:49:21Z,CPI(M),CPI(M),
KERALA,Kerala,105,Ambalappuzha,GEN,H. Salam,G. Sudhakaran,,,2026-04-06T06:49:21Z,CPI(M),CPI(M),
KERALA,Kerala,106,Kuttanad,GEN,Thomas K. Thomas,Thomas Chandy,,,2026-04-06T06:49:21Z,NCP,NCP,
KERALA,Kerala,107,Haripad,GEN,Ramesh Chennithala,Ramesh Chennithala,,,2026-04-06T06:49:21Z,INC,INC,
KERALA,Kerala,108,Kayamkulam,GEN,U. Prathibha,U. Prathibha Hari,,,2026-04-06T06:49:21Z,CPI(M),CPI(M),
KERALA,Kerala,109,Mavelikara,SC,M. S. Arun Kumar,R. Rajesh,,,2026-04-06T06:49:21Z,CPI(M),CPI(M),
KERALA,Kerala,110,Chengannur,GEN,Saji Cherian,K. K. Ramachandran Nair,,,2026-04-06T06:49:21Z,CPI(M),CPI(M),
KERALA,Kerala,111,Thiruvalla,GEN,Mathew T. Thomas,Mathew T. Thomas,,,2026-04-06T06:49:21Z,JD(S),JD(S),
KERALA,Kerala,112,Ranni,GEN,Pramod Narayan,Raju Abrham,,,2026-04-06T06:49:21Z,KC(M),CPI(M),
KERALA,Kerala,113,Aranmula,GEN,Veena George,Veena George,,,2026-04-06T06:49:21Z,CPI(M),CPI(M),
KERALA,Kerala,114,Konni,GEN,K. U. Jenish Kumar,Adoor Prakash,,,2026-04-06T06:49:21Z,CPI(M),INC,
KERALA,Kerala,115,Adoor,SC,Chittayam Gopakumar,Chittayam Gopakumar,,,2026-04-06T06:49:21Z,CPI,CPI,
KERALA,Kerala,116,Karunagapally,GEN,C. R. Mahesh,R. Ramachandran,,,2026-04-06T06:49:21Z,INC,CPI,
KERALA,Kerala,117,Chavara,GEN,Sujith Vijayanpillai,N. Vijayan Pillai,,,2026-04-06T06:49:21Z,IND,CMP(A),
KERALA,Kerala,118,Kunnathur,SC,Kovoor Kunjumon,Kovoor Kunjumon,,,2026-04-06T06:49:21Z,IND,IND,
KERALA,Kerala,119,Kottarakkara,GEN,K. N. Balagopal,P. Aisha Potty,,,2026-04-06T06:49:21Z,CPI(M),CPI(M),
KERALA,Kerala,120,Pathanapuram,GEN,K. B. Ganesh Kumar,K. B. Ganesh Kumar,,,2026-04-06T06:49:21Z,KC(B),Kerala Congress (B),
KERALA,Kerala,121,Punalur,GEN,P. S. Supal,K. Raju,,,2026-04-06T06:49:21Z,CPI,CPI,
KERALA,Kerala,122,Chadayamangalam,GEN,J. Chinchu Rani,Mullakkara Ratnakaran,,,2026-04-06T06:49:21Z,CPI,CPI,
KERALA,Kerala,123,Kundara,GEN,P. C. Vishnunath,J. Mercy Kutty Amma,,,2026-04-06T06:49:21Z,INC,CPI(M),
KERALA,Kerala,124,Kollam,GEN,Mukesh,M. Mukesh,,,2026-04-06T06:49:21Z,CPI(M),CPI(M),
KERALA,Kerala,125,Eravipuram,GEN,M. Noushad,M. Noushad,,,2026-04-06T06:49:21Z,CPI(M),CPI(M),
KERALA,Kerala,126,Chathannoor,GEN,G. S. Jayalal,G. S. Jayalal,,,2026-04-06T06:49:21Z,CPI,CPI,
KERALA,Kerala,127,Varkala,GEN,V. Joy,V. Joy,,,2026-04-06T06:49:21Z,CPI(M),CPI(M),
KERALA,Kerala,128,Attingal,SC,O. S. Ambika,B. Satyan,,,2026-04-06T06:49:21Z,CPI(M),CPI(M),
KERALA,Kerala,129,Chirayinkeezhu,SC,V. Sasi,V. Sasi,,,2026-04-06T06:49:21Z,CPI,CPI,
KERALA,Kerala,130,Nedumangad,GEN,G. R. Anil,C. Divakaran,,,2026-04-06T06:49:21Z,CPI,CPI,
KERALA,Kerala,131,Vamanapuram,GEN,D. K. Murali,D. K. Murali,,,2026-04-06T06:49:21Z,CPI(M),CPI(M),
KERALA,Kerala,132,Kazhakkoottam,GEN,Kadakampally Surendran,Kadakampally Surendran,,,2026-04-06T06:49:21Z,CPI(M),CPI(M),
KERALA,Kerala,133,Vattiyoorkavu,GEN,V. K. Prasanth,K. Muraleedharan,,,2026-04-06T06:49:21Z,CPI(M),INC,
KERALA,Kerala,134,Thiruvananthapuram,GEN,Antony Raju,V. S. Sivakumar,,,2026-04-06T06:49:21Z,JKC,INC,
KERALA,Kerala,135,Nemom,GEN,V. Sivankutty,O. Rajagopal,,,2026-04-06T06:49:21Z,CPI(M),BJP,
KERALA,Kerala,136,Aruvikkara,GEN,G. Stephen,K. S. Sabarinathan,,,2026-04-06T06:49:21Z,CPI(M),INC,
KERALA,Kerala,137,Parassala,GEN,C. K. Hareendran,C. K. Hareendrakumar,,,2026-04-06T06:49:21Z,CPI(M),CPI(M),
KERALA,Kerala,138,Kattakkada,GEN,I. B. Sathish,I. B. Satheesh,,,2026-04-06T06:49:21Z,CPI(M),CPI(M),
KERALA,Kerala,139,Kovalam,GEN,M. Vincent,M. Vincent,,,2026-04-06T06:49:21Z,INC,INC,
KERALA,Kerala,140,Neyyattinkara,GEN,K. Ansalan,K. Ansalan,,,2026-04-06T06:49:21Z,CPI(M),CPI(M),
PUDUCHERRY,Puducherry,1,Mannadipet,GEN,A. Namassivayam,T. P. R. Selvame,,,2026-04-06T06:49:21Z,BJP,A. Krishnan,
PUDUCHERRY,Puducherry,2,Thirubuvanai (SC),SC,P. Angalane,B. Kobiga,,,2026-04-06T06:49:21Z,IND,P. Angalane,
PUDUCHERRY,Puducherry,3,Ossudu (SC),SC,A. K. Saravanankumar,E. Theeppainthan,,,2026-04-06T06:49:21Z,BJP,INC,
PUDUCHERRY,Puducherry,4,Mangalam,GEN,C. Djeacoumar,S. V. Sugumaran,,,2026-04-06T06:49:21Z,AINRC,S. Kumaravel,
PUDUCHERRY,Puducherry,5,Villianur,GEN,R. Siva,A. Namassivayam,,,2026-04-06T06:49:21Z,DMK,INC,
PUDUCHERRY,Puducherry,6,Ozhukarai,GEN,M. Sivasankar,M. N. R. Balan,,,2026-04-06T06:49:21Z,IND,INC,
PUDUCHERRY,Puducherry,7,Kadirkamam,GEN,S. Ramesh,N. S. J. Jayabal Ayyanar,,,2026-04-06T06:49:21Z,AINRC,S. Ramesh,
PUDUCHERRY,Puducherry,8,Indira Nagar,GEN,A. K. D. Arumugam,N. Rangaswamy,,,2026-04-06T06:49:21Z,AINRC,A. K. D. Arumugam,
PUDUCHERRY,Puducherry,9,Thattanchavady,GEN,N. Rangasamy,Ashok Anand,,,2026-04-06T06:49:21Z,AINRC,K. Sethu Sethuselvam,
PUDUCHERRY,Puducherry,10,Kamaraj Nagar,GEN,A. Johnkumar,V. Vaithilingam,,,2026-04-06T06:49:21Z,BJP,INC,
PUDUCHERRY,Puducherry,11,Lawspet,GEN,M. Vaithianathan,V. P. Sivakolundhu,,,2026-04-06T06:49:21Z,INC,INC,
PUDUCHERRY,Puducherry,12,Kalapet,GEN,P. M. L. Kalyanasundaram,M. O. H. F. Shahjahan,,,2026-04-06T06:49:21Z,BJP,INC,
PUDUCHERRY,Puducherry,13,Muthialpet,GEN,J. Prakash Kumar,Vaiyapuri Manikandan,,,2026-04-06T06:49:21Z,IND,J. Prakash Kumar,
PUDUCHERRY,Puducherry,14,Raj Bhavan,GEN,K. Lakshminarayanan,K. Lakshminarayanan,,,2026-04-06T06:49:21Z,AINRC,INC,
PUDUCHERRY,Puducherry,15,Oupalam,GEN,Annibal Kennedy,A. Anbalagan,,,2026-04-06T06:49:21Z,DMK,Annibal Kennedy,
PUDUCHERRY,Puducherry,16,Orleampeth,GEN,G. Nehru Kuppusamy,R. Siva,,,2026-04-06T06:49:21Z,IND,G. Nehru Kuppusamy,
PUDUCHERRY,Puducherry,17,Nellithope,GEN,V. R. Johnkumar,A. Johnkumar,,,2026-04-06T06:49:21Z,BJP,INC,
PUDUCHERRY,Puducherry,18,Mudaliarpet,GEN,L. Sambath,A. Baskar,,,2026-04-06T06:49:21Z,DMK,V. Balan,
PUDUCHERRY,Puducherry,19,Ariankuppam,GEN,R. Baskar Datchanamourtty,T. Djeamourthy,,,2026-04-06T06:49:21Z,AINRC,INC,
PUDUCHERRY,Puducherry,20,Manavely,GEN,Embalam R. Selvam,R.K.R. Anantharaman,,,2026-04-06T06:49:21Z,BJP,INC,
PUDUCHERRY,Puducherry,21,Embalam (SC),SC,U. Lakshmikandhan,M. Candassamy,,,2026-04-06T06:49:21Z,AINRC,INC,
PUDUCHERRY,Puducherry,22,Nettapakkam (SC),SC,P. Rajavelu,V. Vizeaveny,,,2026-04-06T06:49:21Z,AINRC,INC,
PUDUCHERRY,Puducherry,23,Bahour,GEN,R. Senthilkumar,N. Danavelou,,,2026-04-06T06:49:21Z,DMK,INC,
PUDUCHERRY,Puducherry,24,Nedungadu (SC),SC,S. Chandra Priyanga,Chandira Priyanga,,,2026-04-06T06:49:21Z,AINRC,A. Marimottou,
PUDUCHERRY,Puducherry,25,Thirunallar,GEN,P. R. Siva,R. Kamalakannan,,,2026-04-06T06:49:21Z,IND,INC,
PUDUCHERRY,Puducherry,26,Karaikal North,GEN,P. R. N. Thirumurugan,P. R. N. Thirumurugan,,,2026-04-06T06:49:21Z,AINRC,M. V. Omalingam,
PUDUCHERRY,Puducherry,27,Karaikal South,GEN,A. M. H. Nazeem,K. A. U. Asana,,,2026-04-06T06:49:21Z,DMK,A. M. H. Nazeem,
PUDUCHERRY,Puducherry,28,Neravy T.R. Pattinam,GEN,M. Nagathiyagarajan,A. Geetha,,,2026-04-06T06:49:21Z,DMK,V. M. C. Sivakumar,
PUDUCHERRY,Puducherry,29,Mahe,GEN,Ramesh Parambath,Dr. V. Ramachandran,,,2026-04-06T06:49:21Z,INC,Party color cell Independent,
PUDUCHERRY,Puducherry,30,Yanam,GEN,Gollapalli Srinivas Ashok,Malladi Krishna Rao,,,2026-04-06T06:49:21Z,IND,INC,
TAMIL_NADU,Tamil Nadu,1,Gummidipoondi,GEN,T. J. Govindrajan,K. S. Vijayakumar,,,2026-04-06T06:49:21Z,DMK,AIADMK,
TAMIL_NADU,Tamil Nadu,2,Ponneri (SC),SC,Durai Chandrasekar,P. Balaraman,,,2026-04-06T06:49:21Z,INC,AIADMK,
TAMIL_NADU,Tamil Nadu,3,Tiruttani,GEN,S. Chandran,P. M. Narasimhan,,,2026-04-06T06:49:21Z,DMK,AIADMK,
TAMIL_NADU,Tamil Nadu,4,Thiruvallur,GEN,V. G. Raajendran,V. G. Raajendran,,,2026-04-06T06:49:21Z,DMK,DMK,
TAMIL_NADU,Tamil Nadu,5,Poonamallee (SC),SC,A. Krishnaswamy,T. A. Elumalai,,,2026-04-06T06:49:21Z,DMK,AIADMK,
TAMIL_NADU,Tamil Nadu,6,Avadi,GEN,S. M. Nasar,K. Pandiarajan,,,2026-04-06T06:49:21Z,DMK,AIADMK,
TAMIL_NADU,Tamil Nadu,7,Maduravoyal,GEN,K. Ganapathy,P. Benjamin,,,2026-04-06T06:49:21Z,DMK,AIADMK,
TAMIL_NADU,Tamil Nadu,8,Ambattur,GEN,Joseph Samuel,V. Alexander,,,2026-04-06T06:49:21Z,DMK,AIADMK,
TAMIL_NADU,Tamil Nadu,9,Madavaram,GEN,S. Sudharsanam,S. Sudharsanam,,,2026-04-06T06:49:21Z,DMK,DMK,
TAMIL_NADU,Tamil Nadu,10,Thiruvottiyur,GEN,K. P. Shankar,K. P. P. Samy,,,2026-04-06T06:49:21Z,DMK,DMK,
TAMIL_NADU,Tamil Nadu,11,Dr. Radhakrishnan Nagar,GEN,J. John Ebenezer,J. Jayalalithaa,,,2026-04-06T06:49:21Z,DMK,AIADMK,
TAMIL_NADU,Tamil Nadu,12,Perambur,GEN,R. D. Sekar,P. Vetrivel,,,2026-04-06T06:49:21Z,DMK,AIADMK,
TAMIL_NADU,Tamil Nadu,13,Kolathur,GEN,M. K. Stalin,M. K. Stalin,,,2026-04-06T06:49:21Z,DMK,DMK,
TAMIL_NADU,Tamil Nadu,14,Villivakkam,GEN,A. Vetriazhagan,B. Ranganathan,,,2026-04-06T06:49:21Z,DMK,DMK,
TAMIL_NADU,Tamil Nadu,15,Thiru-VI-Ka-Nagar (SC),SC,P. Sivakumar,P. Sivakumar @ Thayagamkavi,,,2026-04-06T06:49:21Z,DMK,DMK,
TAMIL_NADU,Tamil Nadu,16,Egmore (SC),SC,I. Paranthamen,K. S. Ravichandran,,,2026-04-06T06:49:21Z,DMK,DMK,
TAMIL_NADU,Tamil Nadu,17,Royapuram,GEN,Idream R. Murthy,D. Jayakumar,,,2026-04-06T06:49:21Z,DMK,AIADMK,
TAMIL_NADU,Tamil Nadu,18,Harbour,GEN,P. K. Sekar Babu,P. K. Sekar Babu,,,2026-04-06T06:49:21Z,DMK,DMK,
TAMIL_NADU,Tamil Nadu,19,Chepauk-Thiruvallikeni,GEN,Udhayanidhi Stalin,J. Anbazhagan,,,2026-04-06T06:49:21Z,DMK,DMK,
TAMIL_NADU,Tamil Nadu,20,Thousand Lights,GEN,Ezhilan Naganathan,K. K. Selvam,,,2026-04-06T06:49:21Z,DMK,DMK,
TAMIL_NADU,Tamil Nadu,21,Anna Nagar,GEN,M. K. Mohan,M. K. Mohan,,,2026-04-06T06:49:21Z,DMK,DMK,
TAMIL_NADU,Tamil Nadu,22,Virugambakkam,GEN,A. M. V. Prabhakara Raja,V.N.Virugai Ravi,,,2026-04-06T06:49:21Z,DMK,AIADMK,
TAMIL_NADU,Tamil Nadu,23,Saidapet,GEN,Ma.Subramanian,M. Subramaniam,,,2026-04-06T06:49:21Z,DMK,DMK,
TAMIL_NADU,Tamil Nadu,24,Thiyagarayanagar,GEN,J. Karunanithi,B. Sathyanarayanan,,,2026-04-06T06:49:21Z,DMK,AIADMK,
TAMIL_NADU,Tamil Nadu,25,Mylapore,GEN,Dha. Velu,R Nataraj IPS (Rtd),,,2026-04-06T06:49:21Z,DMK,AIADMK,
TAMIL_NADU,Tamil Nadu,26,Velachery,GEN,Aassan Maulaana,Vagai Chanderasekar,,,2026-04-06T06:49:21Z,INC,DMK,
TAMIL_NADU,Tamil Nadu,27,Shozhinganallur,GEN,S. Aravind Ramesh,S. Aravind Ramesh,,,2026-04-06T06:49:21Z,DMK,DMK,
TAMIL_NADU,Tamil Nadu,28,Alandur,GEN,T. M. Anbarasan,Anbarasan. T.M.,,,2026-04-06T06:49:21Z,DMK,DMK,
TAMIL_NADU,Tamil Nadu,29,Sriperumbudur (SC),SC,K. Selvaperunthagai,Palani. K,,,2026-04-06T06:49:21Z,INC,AIADMK,
TAMIL_NADU,Tamil Nadu,30,Pallavaram,GEN,I. Karunanithi,Karunanithi. I,,,2026-04-06T06:49:21Z,DMK,DMK,
TAMIL_NADU,Tamil Nadu,31,Tambaram,GEN,S. R. Raja,S. R. Raja,,,2026-04-06T06:49:21Z,DMK,DMK,
TAMIL_NADU,Tamil Nadu,32,Chengalpattu,GEN,M. Varalakshmi,M. Varalakshmi,,,2026-04-06T06:49:21Z,DMK,DMK,
TAMIL_NADU,Tamil Nadu,33,Thiruporur,GEN,S. S. Balaji,Kothandapani. M,,,2026-04-06T06:49:21Z,VCK,AIADMK,
TAMIL_NADU,Tamil Nadu,34,Cheyyur (SC),SC,M. Babu,Arasu R T,,,2026-04-06T06:49:21Z,VCK,DMK,
TAMIL_NADU,Tamil Nadu,35,Madurantakam (SC),SC,Maragatham Kumaravel,S.Pugazhenthi,,,2026-04-06T06:49:21Z,AIADMK,DMK,
TAMIL_NADU,Tamil Nadu,36,Uthiramerur,GEN,K. Sundar,K. Sundar,,,2026-04-06T06:49:21Z,DMK,DMK,
TAMIL_NADU,Tamil Nadu,37,Kancheepuram,GEN,C. V. M. P. Ezhilarasan,C. V. M. P. Ezhilarasan,,,2026-04-06T06:49:21Z,DMK,DMK,
TAMIL_NADU,Tamil Nadu,38,Arakkonam (SC),SC,S. Ravi,S. Ravi,,,2026-04-06T06:49:21Z,AIADMK,AIADMK,
TAMIL_NADU,Tamil Nadu,39,Sholinghur,GEN,A. N. Munirathinam,N. G. Parthiban,,,2026-04-06T06:49:21Z,INC,AIADMK,
TAMIL_NADU,Tamil Nadu,40,Katpadi,GEN,Durai Murugan,Durai Murugan,,,2026-04-06T06:49:21Z,DMK,DMK,
TAMIL_NADU,Tamil Nadu,41,Ranipet,GEN,R. Gandhi,Gandhi. R,,,2026-04-06T06:49:21Z,DMK,DMK,
TAMIL_NADU,Tamil Nadu,42,Arcot,GEN,J. L. Eswarappan,Eswarappan J L,,,2026-04-06T06:49:21Z,DMK,DMK,
TAMIL_NADU,Tamil Nadu,43,Vellore,GEN,P. Karthikeyan,Karthikeyan,,,2026-04-06T06:49:21Z,DMK,DMK,
TAMIL_NADU,Tamil Nadu,44,Anaikattu,GEN,A. P. Nandakumar,Nandakumar. A.P,,,2026-04-06T06:49:21Z,DMK,DMK,
TAMIL_NADU,Tamil Nadu,45,Kilvaithinankuppam(sc,SC,M. Jaganmoorthy,Loganathan.G,,,2026-04-06T06:49:21Z,AIADMK,AIADMK,
TAMIL_NADU,Tamil Nadu,46,Gudiyattam (SC),SC,V. Amulu,Jayanthi Padmanabhan .C,,,2026-04-06T06:49:21Z,DMK,AIADMK,
TAMIL_NADU,Tamil Nadu,47,Vaniyambadi,GEN,G Sendhil Kumar,Nilofer,,,2026-04-06T06:49:21Z,AIADMK,AIADMK,
TAMIL_NADU,Tamil Nadu,48,Ambur,GEN,A. C. Vilwanathan,Balasubramani R.,,,2026-04-06T06:49:21Z,DMK,AIADMK,
TAMIL_NADU,Tamil Nadu,49,Jolarpet,GEN,K. Devaraji,Veeramani. K. C,,,2026-04-06T06:49:21Z,DMK,AIADMK,
TAMIL_NADU,Tamil Nadu,50,Tirupattur,GEN,A. Nallathambi,Nallathambi. A,,,2026-04-06T06:49:21Z,DMK,DMK,
TAMIL_NADU,Tamil Nadu,51,Uthangarai (SC),SC,T. M. Tamilselvam,N.Manoranjitham,,,2026-04-06T06:49:21Z,AIADMK,AIADMK,
TAMIL_NADU,Tamil Nadu,52,Bargur,GEN,D. Mathiazhagan,V.Rajendran,,,2026-04-06T06:49:21Z,DMK,AIADMK,
TAMIL_NADU,Tamil Nadu,53,Krishnagiri,GEN,K. Ashok Kumar,T.Senguttuvan,,,2026-04-06T06:49:21Z,AIADMK,DMK,
TAMIL_NADU,Tamil Nadu,54,Veppanahalli,GEN,K. P. Munusamy,Murugan P,,,2026-04-06T06:49:21Z,AIADMK,DMK,
TAMIL_NADU,Tamil Nadu,55,Hosur,GEN,Y. Prakaash,Balakrishna Reddy P,,,2026-04-06T06:49:21Z,DMK,AIADMK,
TAMIL_NADU,Tamil Nadu,56,Thalli,GEN,T. Ramachandran,Prakaash.Y.,,,2026-04-06T06:49:21Z,CPI,DMK,
TAMIL_NADU,Tamil Nadu,57,Palacode,GEN,K. P. Anbalagan,K. P. Anbalagan,,,2026-04-06T06:49:21Z,AIADMK,AIADMK,
TAMIL_NADU,Tamil Nadu,58,Pennagaram,GEN,G. K. Mani,Inbasekaran. P.N.P.,,,2026-04-06T06:49:21Z,PMK,DMK,
TAMIL_NADU,Tamil Nadu,59,Dharmapuri,GEN,S. P. Venkateshwaran,Subramani. P.,,,2026-04-06T06:49:21Z,PMK,DMK,
TAMIL_NADU,Tamil Nadu,60,Pappireddippatti,GEN,A. Govindasamy,Palaniyappan. P,,,2026-04-06T06:49:21Z,AIADMK,AIADMK,
TAMIL_NADU,Tamil Nadu,61,Harur (SC),SC,V. Sampathkumar,R.Murugan,,,2026-04-06T06:49:21Z,AIADMK,AIADMK,
TAMIL_NADU,Tamil Nadu,62,Chengam (SC),SC,M. P. Giri,Giri .M.P,,,2026-04-06T06:49:21Z,DMK,DMK,
TAMIL_NADU,Tamil Nadu,63,Tiruvannamalai,GEN,E. V. Velu,E. V. Velu,,,2026-04-06T06:49:21Z,DMK,DMK,
TAMIL_NADU,Tamil Nadu,64,Kilpennathur,GEN,K. Pitchandi,Pitchandi K,,,2026-04-06T06:49:21Z,DMK,DMK,
TAMIL_NADU,Tamil Nadu,65,Kalasapakkam,GEN,P. S. T. Saravanan,Panneerselvam V,,,2026-04-06T06:49:21Z,DMK,AIADMK,
TAMIL_NADU,Tamil Nadu,66,Polur,GEN,S. S. Krishnamoorthy,Sekaran.K.V,,,2026-04-06T06:49:21Z,AIADMK,DMK,
TAMIL_NADU,Tamil Nadu,67,Arani,GEN,Sevvoor S. Ramachandran,Ramachandran. S,,,2026-04-06T06:49:21Z,AIADMK,AIADMK,
TAMIL_NADU,Tamil Nadu,68,Cheyyar,GEN,O. Jothi,Mohan K,,,2026-04-06T06:49:21Z,DMK,AIADMK,
TAMIL_NADU,Tamil Nadu,69,Vandavasi (SC),SC,S. Ambethkumar,Ambethkumar. S,,,2026-04-06T06:49:21Z,DMK,DMK,
TAMIL_NADU,Tamil Nadu,70,Gingee,GEN,K. S. Masthan,K. S. Masthan,,,2026-04-06T06:49:21Z,DMK,DMK,
TAMIL_NADU,Tamil Nadu,71,Mailam,GEN,C. Sivakumar,Masilamani R,,,2026-04-06T06:49:21Z,PMK,DMK,
TAMIL_NADU,Tamil Nadu,72,Tindivanam (SC),SC,P. Arjunan,Seethapathy P,,,2026-04-06T06:49:21Z,AIADMK,DMK,
TAMIL_NADU,Tamil Nadu,73,Vanur (SC),SC,M. Chakrapani,Chakrapani M,,,2026-04-06T06:49:21Z,AIADMK,AIADMK,
TAMIL_NADU,Tamil Nadu,74,Villupuram,GEN,R. Lakshmanan,C V Shanmugam,,,2026-04-06T06:49:21Z,DMK,AIADMK,
TAMIL_NADU,Tamil Nadu,75,Vikravandi,GEN,N. Pugazhenthi,Rathamani.K,,,2026-04-06T06:49:21Z,DMK,DMK,
TAMIL_NADU,Tamil Nadu,76,Tirukkoyilur,GEN,K. Ponmudy,Ponmudy K,,,2026-04-06T06:49:21Z,DMK,DMK,
TAMIL_NADU,Tamil Nadu,77,Ulundurpettai,GEN,A. J. Manikannan,Kumaraguru. R.,,,2026-04-06T06:49:21Z,DMK,AIADMK,
TAMIL_NADU,Tamil Nadu,78,Rishivandiyam,GEN,K. Karthikeyan,Karthikeyan.K,,,2026-04-06T06:49:21Z,DMK,DMK,
TAMIL_NADU,Tamil Nadu,79,Sankarapuram,GEN,T. Udhayasuriyan,Udhayasuriyan.T,,,2026-04-06T06:49:21Z,DMK,DMK,
TAMIL_NADU,Tamil Nadu,80,Kallakurichi (SC),SC,M. Senthilkumar,Prabhu A,,,2026-04-06T06:49:21Z,AIADMK,AIADMK,
TAMIL_NADU,Tamil Nadu,81,Gangavalli (SC),SC,A. Nallathambi,Maruthamuthu.A,,,2026-04-06T06:49:21Z,AIADMK,AIADMK,
TAMIL_NADU,Tamil Nadu,82,Attur (SC),SC,A. P. Jayasankaran,Chinnathambi R M,,,2026-04-06T06:49:21Z,AIADMK,AIADMK,
TAMIL_NADU,Tamil Nadu,83,Yercaud (ST),ST,G. Chitra,Chitra.G,,,2026-04-06T06:49:21Z,AIADMK,AIADMK,
TAMIL_NADU,Tamil Nadu,84,Omalur,GEN,R. Mani,Vetrivel.S,,,2026-04-06T06:49:21Z,AIADMK,AIADMK,
TAMIL_NADU,Tamil Nadu,85,Mettur,GEN,S. Sadhasivam,Semmalai.S,,,2026-04-06T06:49:21Z,PMK,AIADMK,
TAMIL_NADU,Tamil Nadu,86,Edappadi,GEN,Edappadi K. Palaniswami,Edappadi K. Palaniswami,,,2026-04-06T06:49:21Z,AIADMK,AIADMK,
TAMIL_NADU,Tamil Nadu,87,Sankari,GEN,S. Sundararajan,Raja.S,,,2026-04-06T06:49:21Z,AIADMK,AIADMK,
TAMIL_NADU,Tamil Nadu,88,Salem (West),GEN,Arul Ramadas,Venkatachalam.G,,,2026-04-06T06:49:21Z,PMK,AIADMK,
TAMIL_NADU,Tamil Nadu,89,Salem (North),GEN,R. Rajendran,Rajendran.R,,,2026-04-06T06:49:21Z,DMK,DMK,
TAMIL_NADU,Tamil Nadu,90,Salem (South),GEN,E. Balasubramanian,Sakthivel A B,,,2026-04-06T06:49:21Z,AIADMK,AIADMK,
TAMIL_NADU,Tamil Nadu,91,Veerapandi,GEN,M. Rajamuthu,Manonmani.P,,,2026-04-06T06:49:21Z,AIADMK,AIADMK,
TAMIL_NADU,Tamil Nadu,92,Rasipuram (SC),SC,M. Mathiventhan,Saroja V. Dr,,,2026-04-06T06:49:21Z,DMK,AIADMK,
TAMIL_NADU,Tamil Nadu,93,Senthamangalam (ST),ST,K. Ponnusamy,Chandrasekaran C,,,2026-04-06T06:49:21Z,DMK,AIADMK,
TAMIL_NADU,Tamil Nadu,94,Namakkal,GEN,P. Ramalingam,K. P. P. Baskar,,,2026-04-06T06:49:21Z,DMK,AIADMK,
TAMIL_NADU,Tamil Nadu,95,Paramathi-Velur,GEN,S. Sekar,Moorthiy K S,,,2026-04-06T06:49:21Z,AIADMK,DMK,
TAMIL_NADU,Tamil Nadu,96,Tiruchengodu,GEN,E. R. Eswaran,Saraswathi Pon,,,2026-04-06T06:49:21Z,KMDK,AIADMK,
TAMIL_NADU,Tamil Nadu,97,Kumarapalayam,GEN,P. Thangamani,Thangamani P,,,2026-04-06T06:49:21Z,AIADMK,AIADMK,
TAMIL_NADU,Tamil Nadu,98,Erode (East),GEN,Thirumagan Evera,Thennarasu K S,,,2026-04-06T06:49:21Z,INC,AIADMK,
TAMIL_NADU,Tamil Nadu,99,Erode (West),GEN,S. Muthusamy,Ramalingam K.V.,,,2026-04-06T06:49:21Z,DMK,AIADMK,
TAMIL_NADU,Tamil Nadu,100,Modakkurichi,GEN,Dr. C.K. Saraswathi,Sivasubramani . V.P.,,,2026-04-06T06:49:21Z,BJP,AIADMK,
TAMIL_NADU,Tamil Nadu,101,Dharapuram (SC),SC,N. Kayalvizhi,Kalimuthu. V.S,,,2026-04-06T06:49:21Z,DMK,INC,
TAMIL_NADU,Tamil Nadu,102,Kangayam,GEN,M. P. Saminathan,Thaniyarasu U,,,2026-04-06T06:49:21Z,DMK,AIADMK,
TAMIL_NADU,Tamil Nadu,103,Perundurai,GEN,S. Jayakumar,Venkatachalam.N.D,,,2026-04-06T06:49:21Z,AIADMK,AIADMK,
TAMIL_NADU,Tamil Nadu,104,Bhavani,GEN,K. C. Karuppannan,Karuppanan K C,,,2026-04-06T06:49:21Z,AIADMK,AIADMK,
TAMIL_NADU,Tamil Nadu,105,Anthiyur,GEN,A. G. Venkatachalam,E. M. R. Raja,,,2026-04-06T06:49:21Z,DMK,AIADMK,
TAMIL_NADU,Tamil Nadu,106,Gobichettipalayam,GEN,K. A. Sengottaiyan,Sengottaiyan K.A,,,2026-04-06T06:49:21Z,AIADMK,AIADMK,
TAMIL_NADU,Tamil Nadu,107,Bhavanisagar,SC,A. Bannari,Eswaran.S,,,2026-04-06T06:49:21Z,AIADMK,AIADMK,
TAMIL_NADU,Tamil Nadu,108,Udhagamandalam,GEN,R. Ganesh,Ganesh. R.,,,2026-04-06T06:49:21Z,INC,INC,
TAMIL_NADU,Tamil Nadu,109,Gudalur (SC),SC,Pon. Jayaseelan,Thiravidamani.M.,,,2026-04-06T06:49:21Z,AIADMK,DMK,
TAMIL_NADU,Tamil Nadu,110,Coonoor,GEN,K. Ramachandran,Ramu. A.,,,2026-04-06T06:49:21Z,DMK,AIADMK,
TAMIL_NADU,Tamil Nadu,111,Mettupalayam,GEN,A. K. Selvaraj,Chinnaraj.O.K,,,2026-04-06T06:49:21Z,AIADMK,AIADMK,
TAMIL_NADU,Tamil Nadu,112,Avanashi (SC),SC,P. Dhanapal,Dhanapal P,,,2026-04-06T06:49:21Z,AIADMK,AIADMK,
TAMIL_NADU,Tamil Nadu,113,Tiruppur (North),GEN,K. N. Vijayakumar,Vijayakumar Kn,,,2026-04-06T06:49:21Z,AIADMK,AIADMK,
TAMIL_NADU,Tamil Nadu,114,Tiruppur (South),GEN,K. Selvaraj,Gunasekaran S,,,2026-04-06T06:49:21Z,DMK,AIADMK,
TAMIL_NADU,Tamil Nadu,115,Palladam,GEN,M. S. M. Anandan,Natarajan. A,,,2026-04-06T06:49:21Z,AIADMK,AIADMK,
TAMIL_NADU,Tamil Nadu,116,Sulur,GEN,V. P. Kandasamy,Kanagaraj. R.,,,2026-04-06T06:49:21Z,AIADMK,AIADMK,
TAMIL_NADU,Tamil Nadu,117,Kavundampalayam,GEN,G. Arunkumar,V. C. Arukutty,,,2026-04-06T06:49:21Z,AIADMK,AIADMK,
TAMIL_NADU,Tamil Nadu,118,Coimbatore (North),GEN,Amman K. Arjunan,Arun Kumar. P.R.G.,,,2026-04-06T06:49:21Z,AIADMK,AIADMK,
TAMIL_NADU,Tamil Nadu,119,Thondamuthur,GEN,S. P. Velumani,Velumani.S.P.,,,2026-04-06T06:49:21Z,AIADMK,AIADMK,
TAMIL_NADU,Tamil Nadu,120,Coimbatore (South),GEN,Vanathi Srinivasan,Amman K. Arjunan,,,2026-04-06T06:49:21Z,BJP,AIADMK,
TAMIL_NADU,Tamil Nadu,121,Singanallur,GEN,K. R. Jayaram,Karthik. N.,,,2026-04-06T06:49:21Z,AIADMK,DMK,
TAMIL_NADU,Tamil Nadu,122,Kinathukadavu,GEN,S. Damodaran,Shanmugam. A.,,,2026-04-06T06:49:21Z,AIADMK,AIADMK,
TAMIL_NADU,Tamil Nadu,123,Pollachi,GEN,Pollachi V. Jayaraman,Pollachi V Jayaraman,,,2026-04-06T06:49:21Z,AIADMK,AIADMK,
TAMIL_NADU,Tamil Nadu,124,Valparai (SC),SC,T. K. Amulkandasami,Kasthuri Vasu. V.,,,2026-04-06T06:49:21Z,AIADMK,AIADMK,
TAMIL_NADU,Tamil Nadu,125,Udumalaipettai,GEN,Udumalai K. Radhakrishnan,Radhakrishnan. K,,,2026-04-06T06:49:21Z,AIADMK,AIADMK,
TAMIL_NADU,Tamil Nadu,126,Madathukulam,GEN,C. Mahendran,Jayaramakrishnan R,,,2026-04-06T06:49:21Z,AIADMK,DMK,
TAMIL_NADU,Tamil Nadu,127,Palani,GEN,I. P. Senthil Kumar,Senthilkumar I P,,,2026-04-06T06:49:21Z,DMK,DMK,
TAMIL_NADU,Tamil Nadu,128,Oddanchatram,GEN,R. Sakkarapani,Sakkarapani R,,,2026-04-06T06:49:21Z,DMK,DMK,
TAMIL_NADU,Tamil Nadu,129,Athoor,GEN,I. Periyasamy,Periyasamy I,,,2026-04-06T06:49:21Z,DMK,DMK,
TAMIL_NADU,Tamil Nadu,130,Nilakottai,SC,S. Thenmozhi,Thangathurai R,,,2026-04-06T06:49:21Z,AIADMK,AIADMK,
TAMIL_NADU,Tamil Nadu,131,Natham,GEN,Natham R. Viswanathan,Andi Ambalam M.A,,,2026-04-06T06:49:21Z,AIADMK,DMK,
TAMIL_NADU,Tamil Nadu,132,Dindigul,GEN,Dindigul C. Sreenivaasan,Sreenivasan C,,,2026-04-06T06:49:21Z,AIADMK,AIADMK,
TAMIL_NADU,Tamil Nadu,133,Vedasandur,GEN,S. Gandhirajan,V. P. B. Paramasivam,,,2026-04-06T06:49:21Z,DMK,AIADMK,
TAMIL_NADU,Tamil Nadu,134,Aravakurichi,GEN,R. Elango,V. Senthil Balaji,,,2026-04-06T06:49:21Z,DMK,AIADMK,
TAMIL_NADU,Tamil Nadu,135,Karur,GEN,V. Senthilbalaji,Vijayabhaskar .M.R,,,2026-04-06T06:49:21Z,DMK,AIADMK,
TAMIL_NADU,Tamil Nadu,136,Krishnarayapuram (SC),SC,K. Sivagama Sundari,Geetha . M.,,,2026-04-06T06:49:21Z,DMK,AIADMK,
TAMIL_NADU,Tamil Nadu,137,Kulithalai,GEN,R. Manickam,Ramar .E,,,2026-04-06T06:49:21Z,DMK,DMK,
TAMIL_NADU,Tamil Nadu,138,Manapaarai,GEN,P. Abdul Samad,Chandrasekar R,,,2026-04-06T06:49:21Z,DMK,AIADMK,
TAMIL_NADU,Tamil Nadu,139,Srirangam,GEN,M. Palaniyandi,Valarmathi.S,,,2026-04-06T06:49:21Z,DMK,AIADMK,
TAMIL_NADU,Tamil Nadu,140,Tiruchirappalli (West),GEN,K. N. Nehru,Nehru.K.N,,,2026-04-06T06:49:21Z,DMK,DMK,
TAMIL_NADU,Tamil Nadu,141,Tiruchirappalli (East),GEN,Inigo S. Irudayaraj,Natarajan .N.,,,2026-04-06T06:49:21Z,DMK,AIADMK,
TAMIL_NADU,Tamil Nadu,142,Thiruverumbur,GEN,Anbil Mahesh,Anbil Mahesh Poyyamozhi,,,2026-04-06T06:49:21Z,DMK,DMK,
TAMIL_NADU,Tamil Nadu,143,Lalgudi,GEN,A. Soundara Pandian,Soundarapandian A,,,2026-04-06T06:49:21Z,DMK,DMK,
TAMIL_NADU,Tamil Nadu,144,Manachanallur,GEN,S. Kathiravan,Parameswari. M,,,2026-04-06T06:49:21Z,DMK,AIADMK,
TAMIL_NADU,Tamil Nadu,145,Musiri,GEN,N. Thiyagarajan,Selvarasu M,,,2026-04-06T06:49:21Z,DMK,AIADMK,
TAMIL_NADU,Tamil Nadu,146,Thuraiyur (SC),SC,S. Stalinkumar,Stalinkumar .S,,,2026-04-06T06:49:21Z,DMK,DMK,
TAMIL_NADU,Tamil Nadu,147,Perambalur (SC),SC,M. Prabhakaran,R.Thamizhselvan,,,2026-04-06T06:49:21Z,DMK,AIADMK,
TAMIL_NADU,Tamil Nadu,148,Kunnam,GEN,S. S. Sivasankar,Ramachandran.R.T,,,2026-04-06T06:49:21Z,DMK,AIADMK,
TAMIL_NADU,Tamil Nadu,149,Ariyalur,GEN,K. Chinnappa,Rajendran. S,,,2026-04-06T06:49:21Z,DMK,AIADMK,
TAMIL_NADU,Tamil Nadu,150,Jayankondam,GEN,Ka. So. Ka. Kannan,Ramajeyalingam.J.K.N,,,2026-04-06T06:49:21Z,DMK,AIADMK,
TAMIL_NADU,Tamil Nadu,151,Tittakudi (SC),SC,C. V. Ganesan,Ganesan V,,,2026-04-06T06:49:21Z,DMK,DMK,
TAMIL_NADU,Tamil Nadu,152,Virudhachalam,GEN,R. Radhakrishnan,Kalaiselvan V T,,,2026-04-06T06:49:21Z,INC,AIADMK,
TAMIL_NADU,Tamil Nadu,153,Neyveli,GEN,Saba Rajendran,Saba. Rajendran,,,2026-04-06T06:49:21Z,DMK,DMK,
TAMIL_NADU,Tamil Nadu,154,Panruti,GEN,T. Velmurugan,Sathya.P,,,2026-04-06T06:49:21Z,DMK,AIADMK,
TAMIL_NADU,Tamil Nadu,155,Cuddalore,GEN,G. Iyappan,Sampath M C,,,2026-04-06T06:49:21Z,DMK,AIADMK,
TAMIL_NADU,Tamil Nadu,156,Kurinjipadi,GEN,M. R. K. Panneerselvam,Panneerselvam Mrk,,,2026-04-06T06:49:21Z,DMK,DMK,
TAMIL_NADU,Tamil Nadu,157,Bhuvanagiri,GEN,A. Arunmozhithevan,Saravanan. Durai K.,,,2026-04-06T06:49:21Z,AIADMK,DMK,
TAMIL_NADU,Tamil Nadu,158,Chidambaram,GEN,K. A. Pandian,Pandian K A,,,2026-04-06T06:49:21Z,AIADMK,AIADMK,
TAMIL_NADU,Tamil Nadu,159,Kattumannarkoil (SC),SC,Sinthanai Selvan,Murugumaran.N,,,2026-04-06T06:49:21Z,VCK,AIADMK,
TAMIL_NADU,Tamil Nadu,160,Sirkazhi (SC),SC,M. Panneerselvam,Bharathi.P.V,,,2026-04-06T06:49:21Z,DMK,AIADMK,
TAMIL_NADU,Tamil Nadu,161,Mayiladuturai,GEN,S. Rajakumar,Rathakrishnan.V,,,2026-04-06T06:49:21Z,INC,AIADMK,
TAMIL_NADU,Tamil Nadu,162,Poompuhar,GEN,Nivedha M. Murugan,Pavunraj.S,,,2026-04-06T06:49:21Z,DMK,AIADMK,
TAMIL_NADU,Tamil Nadu,163,Nagapattinam,GEN,Aloor Shanavas,Thamimun Ansari.M,,,2026-04-06T06:49:21Z,VCK,AIADMK,
TAMIL_NADU,Tamil Nadu,164,Kilvelur (SC),SC,Nagai Maali (A) P. Mahalingam,Mathivanan.U,,,2026-04-06T06:49:21Z,CPI(M),DMK,
TAMIL_NADU,Tamil Nadu,165,Vedaranyam,GEN,O. S. Manian,Manian.O.S,,,2026-04-06T06:49:21Z,AIADMK,AIADMK,
TAMIL_NADU,Tamil Nadu,166,Thiruthuraipoondi (SC),SC,K. Marimuthu,Adalarasan. P,,,2026-04-06T06:49:21Z,CPI,DMK,
TAMIL_NADU,Tamil Nadu,167,Mannargudi,GEN,Dr. T. R. B. Rajaa,T. R. B. Rajaa,,,2026-04-06T06:49:21Z,DMK,DMK,
TAMIL_NADU,Tamil Nadu,168,Thiruvarur,GEN,K. Poondi Kalaivanan,Kalaignar M Karunanidhi,,,2026-04-06T06:49:21Z,DMK,DMK,
TAMIL_NADU,Tamil Nadu,169,Nannilam,GEN,R. Kamaraj,Kamaraj. R,,,2026-04-06T06:49:21Z,AIADMK,AIADMK,
TAMIL_NADU,Tamil Nadu,170,Thiruvidaimarudur,SC,Govi. Chezhiyan,Chezhiaan.Govi,,,2026-04-06T06:49:21Z,DMK,DMK,
TAMIL_NADU,Tamil Nadu,171,Kumbakonam,GEN,G. Anbalagan,G. Anbalagan,,,2026-04-06T06:49:21Z,DMK,DMK,
TAMIL_NADU,Tamil Nadu,172,Papanasam,GEN,Dr. M. H. Jawahirullah,Doraikkannu R,,,2026-04-06T06:49:21Z,DMK,AIADMK,
TAMIL_NADU,Tamil Nadu,173,Thiruvaiyaru,GEN,Durai Chandrasekaran,Durai.Chandrasekaran,,,2026-04-06T06:49:21Z,DMK,DMK,
TAMIL_NADU,Tamil Nadu,174,Thanjavur,GEN,T. K. G. Neelamegam,M.Rengasamy,,,2026-04-06T06:49:21Z,DMK,AIADMK,
TAMIL_NADU,Tamil Nadu,175,Orathanadu,GEN,R. Vaithilingam,Ramchandran. M,,,2026-04-06T06:49:21Z,AIADMK,DMK,
TAMIL_NADU,Tamil Nadu,176,Pattukkottai,GEN,K. Annadurai,Sekar. V,,,2026-04-06T06:49:21Z,DMK,AIADMK,
TAMIL_NADU,Tamil Nadu,177,Peravurani,GEN,Peravurani N. Ashokkumar,Govindarasu M,,,2026-04-06T06:49:21Z,DMK,AIADMK,
TAMIL_NADU,Tamil Nadu,178,Gandarvakottai,SC,M. Chinnadurai,Arumugam.B,,,2026-04-06T06:49:21Z,CPI(M),AIADMK,
TAMIL_NADU,Tamil Nadu,179,Viralimalai,GEN,C. Vijayabaskar,Vijaya Baskar C,,,2026-04-06T06:49:21Z,AIADMK,AIADMK,
TAMIL_NADU,Tamil Nadu,180,Pudukkottai,GEN,Dr. V. Muthuraja,Periyannan Arassu,,,2026-04-06T06:49:21Z,DMK,DMK,
TAMIL_NADU,Tamil Nadu,181,Thirumayam,GEN,S. Regupathy,Regupathy S,,,2026-04-06T06:49:21Z,DMK,DMK,
TAMIL_NADU,Tamil Nadu,182,Alangudi,GEN,Meyyanathan Siva V,Meyyanathan .Siva .V,,,2026-04-06T06:49:21Z,DMK,DMK,
TAMIL_NADU,Tamil Nadu,183,Aranthangi,GEN,T. Ramachandran,Rathinasabhapathy E,,,2026-04-06T06:49:21Z,INC,AIADMK,
TAMIL_NADU,Tamil Nadu,184,Karaikudi,GEN,S. Mangudi,Ramasamy Kr,,,2026-04-06T06:49:21Z,INC,INC,
TAMIL_NADU,Tamil Nadu,185,Tiruppattur,GEN,K. R. Periyakaruppan,Periakaruppan Kr,,,2026-04-06T06:49:21Z,DMK,DMK,
TAMIL_NADU,Tamil Nadu,186,Sivaganga,GEN,P. R. Senthilnathan,Baskaran.G,,,2026-04-06T06:49:21Z,AIADMK,AIADMK,
TAMIL_NADU,Tamil Nadu,187,Manamadurai (SC),SC,A. Tamilarasi,Mariappankennady S,,,2026-04-06T06:49:21Z,DMK,AIADMK,
TAMIL_NADU,Tamil Nadu,188,Melur,GEN,P. Selvam,Periyapullan @ Selvam P,,,2026-04-06T06:49:21Z,AIADMK,AIADMK,
TAMIL_NADU,Tamil Nadu,189,Madurai East,GEN,P. Moorthy,P. Moorthy,,,2026-04-06T06:49:21Z,DMK,DMK,
TAMIL_NADU,Tamil Nadu,190,Sholavandan (SC),SC,A. Venkatesan,K. Manickam,,,2026-04-06T06:49:21Z,DMK,AIADMK,
TAMIL_NADU,Tamil Nadu,191,Madurai North,GEN,G. Thalapathi,V. V. Rajan Chellappa,,,2026-04-06T06:49:21Z,DMK,AIADMK,
TAMIL_NADU,Tamil Nadu,192,Madurai South,GEN,M. Boominathan,Saravanan .S.S.,,,2026-04-06T06:49:21Z,DMK,AIADMK,
TAMIL_NADU,Tamil Nadu,193,Madurai Central,GEN,Palanivel Thiagarajan,Palanivel Thiagarajan,,,2026-04-06T06:49:21Z,DMK,DMK,
TAMIL_NADU,Tamil Nadu,194,Madurai West,GEN,Sellur K. Raju,Sellur K. Raju,,,2026-04-06T06:49:21Z,AIADMK,AIADMK,
TAMIL_NADU,Tamil Nadu,195,Thiruparankundram,GEN,V. V. Rajan Chellappa,S. M. Seenivel,,,2026-04-06T06:49:21Z,AIADMK,AIADMK,
TAMIL_NADU,Tamil Nadu,196,Thirumangalam,GEN,R. B. Udhaya Kumar,Udhayakumar.R.B,,,2026-04-06T06:49:21Z,AIADMK,AIADMK,
TAMIL_NADU,Tamil Nadu,197,Usilampatti,GEN,P. Ayyappan,Neethipathi P,,,2026-04-06T06:49:21Z,AIADMK,AIADMK,
TAMIL_NADU,Tamil Nadu,198,Andipatti,GEN,A. Maharajan,Thanga Tamil Selvam,,,2026-04-06T06:49:21Z,DMK,AIADMK,
TAMIL_NADU,Tamil Nadu,199,Periyakulam,SC,K. S. Saravana Kumar,K. Kathirkamu,,,2026-04-06T06:49:21Z,DMK,AIADMK,
TAMIL_NADU,Tamil Nadu,200,Bodinayakanur,GEN,O. Panneerselvam,O. Panneerselvam,,,2026-04-06T06:49:21Z,AIADMK,AIADMK,
TAMIL_NADU,Tamil Nadu,201,Cumbum,GEN,N. Eramakrishnan,S.T.K.Jakkaiyan,,,2026-04-06T06:49:21Z,DMK,AIADMK,
TAMIL_NADU,Tamil Nadu,202,Rajapalayam,GEN,S. Thangappandian,S. Thangappandian,,,2026-04-06T06:49:21Z,DMK,DMK,
TAMIL_NADU,Tamil Nadu,203,Srivilliputhur (SC),SC,E. M. Manraj,M. Chandra Prabha,,,2026-04-06T06:49:21Z,AIADMK,AIADMK,
TAMIL_NADU,Tamil Nadu,204,Sattur,GEN,A. R. R. Raghuraman,S. G. Subramanian,,,2026-04-06T06:49:21Z,DMK,AIADMK,
TAMIL_NADU,Tamil Nadu,205,Sivakasi,GEN,A. M. S. G. Ashokan,K. T. Rajenthrabhalaji,,,2026-04-06T06:49:21Z,INC,AIADMK,
TAMIL_NADU,Tamil Nadu,206,Virudhunagar,GEN,A. R. R. Seenivasan,A. R. R. Seenivasan,,,2026-04-06T06:49:21Z,DMK,DMK,
TAMIL_NADU,Tamil Nadu,207,Aruppukkottai,GEN,Sattur Ramachandran,Ramachandran K.K.S.S.R,,,2026-04-06T06:49:21Z,DMK,DMK,
TAMIL_NADU,Tamil Nadu,208,Tiruchuli,GEN,Thangam Thennarasu,Thangam Thenarasu,,,2026-04-06T06:49:21Z,DMK,DMK,
TAMIL_NADU,Tamil Nadu,209,Paramakudi (SC),SC,S. Murugesan,Dr. S. Muthiah,,,2026-04-06T06:49:21Z,DMK,AIADMK,
TAMIL_NADU,Tamil Nadu,210,Tiruvadanai,GEN,R. M. Karumanikam,Karunaas,,,2026-04-06T06:49:21Z,INC,AIADMK,
TAMIL_NADU,Tamil Nadu,211,Ramanathapuram,GEN,K. Muthuramalingam,Dr. M. Manikandan,,,2026-04-06T06:49:21Z,DMK,AIADMK,
TAMIL_NADU,Tamil Nadu,212,Mudhukulathur,GEN,R. S. Raja Kannappan,S. Pandi,,,2026-04-06T06:49:21Z,DMK,INC,
TAMIL_NADU,Tamil Nadu,213,Vilathikulam,GEN,G. V. Markandayan,Uma Maheswari,,,2026-04-06T06:49:21Z,DMK,AIADMK,
TAMIL_NADU,Tamil Nadu,214,Thoothukkudi,GEN,P. Geetha Jeevan,Geetha Jeevan. P,,,2026-04-06T06:49:21Z,DMK,DMK,
TAMIL_NADU,Tamil Nadu,215,Tiruchendur,GEN,Anitha R. Radhakrishnan,Anitha R Radhakrishnan,,,2026-04-06T06:49:21Z,DMK,DMK,
TAMIL_NADU,Tamil Nadu,216,Srivaikuntam,GEN,Oorvasi S. Amirtharaj,S. P. Shanmuganathan,,,2026-04-06T06:49:21Z,INC,AIADMK,
TAMIL_NADU,Tamil Nadu,217,Ottapidaram (SC),SC,M. C. Shunmugaiah,R. Sundararaj,,,2026-04-06T06:49:21Z,DMK,AIADMK,
TAMIL_NADU,Tamil Nadu,218,Kovilpatti,GEN,Kadambur C. Raju,Kadambur Raju,,,2026-04-06T06:49:21Z,AIADMK,AIADMK,
TAMIL_NADU,Tamil Nadu,219,Sankarankovil (SC),SC,E. Raja,V. M. Rajalakshmi,,,2026-04-06T06:49:21Z,DMK,AIADMK,
TAMIL_NADU,Tamil Nadu,220,Vasudevanallur (SC),SC,Dr. T. Sadhan Tirumalaikumar,Manoharan A.,,,2026-04-06T06:49:21Z,DMK,AIADMK,
TAMIL_NADU,Tamil Nadu,221,Kadayanallur,GEN,C. Krishnamurali,K. A. M. Muhammed Abubacker,,,2026-04-06T06:49:21Z,AIADMK,IUML,
TAMIL_NADU,Tamil Nadu,222,Tenkasi,GEN,S. Palani Nadar,S. Selvamohandas Pandian,,,2026-04-06T06:49:21Z,INC,AIADMK,
TAMIL_NADU,Tamil Nadu,223,Alangulam,GEN,P. H. Manoj Pandian,Dr. Poongothai Aladi Aruna,,,2026-04-06T06:49:21Z,AIADMK,DMK,
TAMIL_NADU,Tamil Nadu,224,Tirunelveli,GEN,Nainar Nagendran,A. L. S. Lakshmanan,,,2026-04-06T06:49:21Z,BJP,DMK,
TAMIL_NADU,Tamil Nadu,225,Ambasamudram,GEN,E. Subaya,R. Murugaiah Pandian,,,2026-04-06T06:49:21Z,AIADMK,AIADMK,
TAMIL_NADU,Tamil Nadu,226,Palayamkottai,GEN,M. Abdul Wahab,T. P. M. Mohideen Khan,,,2026-04-06T06:49:21Z,DMK,DMK,
TAMIL_NADU,Tamil Nadu,227,Nanguneri,GEN,Ruby R. Manoharan,H. Vasanthakumar,,,2026-04-06T06:49:21Z,INC,INC,
TAMIL_NADU,Tamil Nadu,228,Radhapuram,GEN,M. Appavu,I. S. Inbadurai,,,2026-04-06T06:49:21Z,DMK,AIADMK,
TAMIL_NADU,Tamil Nadu,229,Kanniyakumari,GEN,N. Thalavai Sundaram,S. Austin,,,2026-04-06T06:49:21Z,AIADMK,DMK,
TAMIL_NADU,Tamil Nadu,230,Nagercoil,GEN,|M. R. Gandhi,N. Suresh Rajan,,,2026-04-06T06:49:21Z,BJP,DMK,
TAMIL_NADU,Tamil Nadu,231,Colachal,GEN,J. G. Prince,J. G. Prince,,,2026-04-06T06:49:21Z,INC,INC,
TAMIL_NADU,Tamil Nadu,232,Padmanabhapuram,GEN,Mano Thangaraj,Mano Thangaraj,,,2026-04-06T06:49:21Z,DMK,DMK,
TAMIL_NADU,Tamil Nadu,233,Vilavancode,GEN,S. Vijayadharani,S. Vijayadharani,,,2026-04-06T06:49:21Z,INC,INC,
TAMIL_NADU,Tamil Nadu,234,Killiyoor,GEN,S. Rajeshkumar,S. Rajesh Kumar,,,2026-04-06T06:49:21Z,INC,INC,
WEST_BENGAL,West Bengal,1,Mekliganj (SC),SC,Paresh Chandra Adhikary,Arghya Roy Pradhan,,,2026-04-06T06:49:21Z,TMC,TMC,
WEST_BENGAL,West Bengal,2,Mathabhanga (SC),SC,Sushil Barman,Binay Krishna Barman,,,2026-04-06T06:49:21Z,BJP,TMC,
WEST_BENGAL,West Bengal,3,Cooch Behar Uttar,SC,Sukumar Roy,Nagendra Nath Roy,,,2026-04-06T06:49:21Z,BJP,AIFB,
WEST_BENGAL,West Bengal,4,Cooch Behar Dakshin,GEN,Nikhil Ranjan Dey,Mihir Goswami,,,2026-04-06T06:49:21Z,BJP,TMC,
WEST_BENGAL,West Bengal,5,Sitalkuchi (SC),SC,Baren Chandra Barman,Hiten Barman,,,2026-04-06T06:49:21Z,BJP,TMC,
WEST_BENGAL,West Bengal,6,Sitai (SC),SC,Jagadish Barma Basunia,Jagadish Barma Basunia,,,2026-04-06T06:49:21Z,TMC,TMC,
WEST_BENGAL,West Bengal,7,Dinhata,GEN,Nisith Pramanik,Udayan Guha,,,2026-04-06T06:49:21Z,BJP,TMC,
WEST_BENGAL,West Bengal,8,Natabari,GEN,Mihir Goswami,Rabindra Nath Ghosh,,,2026-04-06T06:49:21Z,BJP,TMC,
WEST_BENGAL,West Bengal,9,Tufanganj,GEN,Malati Rava Roy,Fazal Karim Miah,,,2026-04-06T06:49:21Z,BJP,TMC,
WEST_BENGAL,West Bengal,10,Kumargram (ST),ST,Manoj Kumar Oraon,James Kujur,,,2026-04-06T06:49:21Z,BJP,TMC,
WEST_BENGAL,West Bengal,11,Kalchini (ST),ST,Bishal Lama,Wilson Champramary,,,2026-04-06T06:49:21Z,BJP,TMC,
WEST_BENGAL,West Bengal,12,Alipurduars,GEN,Suman Kanjilal,Sourav Chakraborty,,,2026-04-06T06:49:21Z,BJP,TMC,
WEST_BENGAL,West Bengal,13,Falakata (SC),SC,Dipak Barman,Anil Adhikari,,,2026-04-06T06:49:21Z,BJP,TMC,
WEST_BENGAL,West Bengal,14,Madarihat (ST),ST,Manoj Tigga,Manoj Tigga,,,2026-04-06T06:49:21Z,BJP,BJP,
WEST_BENGAL,West Bengal,15,Dhupguri (SC),SC,Bishnu Pada Ray,Mitali Roy,,,2026-04-06T06:49:21Z,BJP,TMC,
WEST_BENGAL,West Bengal,16,Maynaguri (SC),SC,Kaushik Roy,Ananta Deb Adhikari,,,2026-04-06T06:49:21Z,BJP,TMC,
WEST_BENGAL,West Bengal,17,Jalpaiguri (SC),SC,Pradip Kumar Barma,Sukhbilas Barma,,,2026-04-06T06:49:21Z,TMC,INC,
WEST_BENGAL,West Bengal,18,Rajganj (SC),SC,Khageswar Roy,Khageswar Roy,,,2026-04-06T06:49:21Z,TMC,TMC,
WEST_BENGAL,West Bengal,19,Dabgram-Phulbari,GEN,Shikha Chatterjee,Goutam Deb,,,2026-04-06T06:49:21Z,BJP,TMC,
WEST_BENGAL,West Bengal,20,Mal (ST),ST,Bulu Chik Baraik,Bulu Chik Baraik,,,2026-04-06T06:49:21Z,TMC,TMC,
WEST_BENGAL,West Bengal,21,Nagrakata (ST),ST,Puna Bhengra,Sukra Munda,,,2026-04-06T06:49:21Z,BJP,TMC,
WEST_BENGAL,West Bengal,22,Kalimpong,GEN,Ruden Sada Lepcha,Sarita Rai,,,2026-04-06T06:49:21Z,GJM,GJM,
WEST_BENGAL,West Bengal,23,Darjeeling,GEN,Neeraj Zimba,Amar Singh Rai,,,2026-04-06T06:49:21Z,BJP,GJM,
WEST_BENGAL,West Bengal,24,Kurseong,GEN,Bishnu Prasad Sharma,Rohit Sharma,,,2026-04-06T06:49:21Z,BJP,GJM,
WEST_BENGAL,West Bengal,25,Matigara-Naxalbari (SC),SC,Anandamoy Barman,Shankar Malakar,,,2026-04-06T06:49:21Z,BJP,INC,
WEST_BENGAL,West Bengal,26,Siliguri,GEN,Shankar Ghosh,Ashok Bhattacharya,,,2026-04-06T06:49:21Z,BJP,CPI(M),
WEST_BENGAL,West Bengal,27,Phansidewa (ST),ST,Durga Murmu,Sunil Chandra Tirkey,,,2026-04-06T06:49:21Z,BJP,INC,
WEST_BENGAL,West Bengal,28,Chopra,GEN,Hamidul Rahman,Hamidul Rahaman,,,2026-04-06T06:49:21Z,TMC,TMC,
WEST_BENGAL,West Bengal,29,Islampur,GEN,Abdul Karim Chowdhury,Kanaia Lal Agarwal,,,2026-04-06T06:49:21Z,TMC,INC,
WEST_BENGAL,West Bengal,30,Goalpokhar,GEN,Mohammad Ghulam Rabbani,Md. Ghulam Rabbani,,,2026-04-06T06:49:21Z,TMC,TMC,
WEST_BENGAL,West Bengal,31,Chakulia,GEN,Minhajul Arfin Azad,Ali Imran Ramz (Victor),,,2026-04-06T06:49:21Z,TMC,AIFB,
WEST_BENGAL,West Bengal,32,Karandighi,GEN,Goutam Paul,Manodeb Sinha,,,2026-04-06T06:49:21Z,TMC,TMC,
WEST_BENGAL,West Bengal,33,Hemtabad (SC),SC,Satyajit Barman,Debendra Nath Roy,,,2026-04-06T06:49:21Z,TMC,CPI(M),
WEST_BENGAL,West Bengal,34,Kaliaganj (SC),SC,Soumen Roy,Pramatha Nath Ray,,,2026-04-06T06:49:21Z,BJP,INC,
WEST_BENGAL,West Bengal,35,Raiganj,GEN,Krishna Kalyani,Mohit Sengupta,,,2026-04-06T06:49:21Z,BJP,INC,
WEST_BENGAL,West Bengal,36,Itahar,GEN,Mosarraf Hossain,Amal Acharjee,,,2026-04-06T06:49:21Z,TMC,TMC,
WEST_BENGAL,West Bengal,37,Kushmandi (SC),SC,Rekha Roy,Narmada Chandra Roy,,,2026-04-06T06:49:21Z,TMC,RSP,
WEST_BENGAL,West Bengal,38,Kumarganj,GEN,Toraf Hossain Mandal,Toraf Hossain Mandal,,,2026-04-06T06:49:21Z,TMC,TMC,
WEST_BENGAL,West Bengal,39,Balurghat,GEN,Ashok Lahiri,Biswanath Choudhury,,,2026-04-06T06:49:21Z,BJP,RSP,
WEST_BENGAL,West Bengal,40,Tapan (ST),ST,Budhrai Tudu,Bachchu Hansda,,,2026-04-06T06:49:21Z,BJP,TMC,
WEST_BENGAL,West Bengal,41,Gangarampur (SC),SC,Satyendra Nath Ray,Goutam Das,,,2026-04-06T06:49:21Z,BJP,INC,
WEST_BENGAL,West Bengal,42,Harirampur,GEN,Biplab Mitra,Rafikul Islam,,,2026-04-06T06:49:21Z,TMC,CPI(M),
WEST_BENGAL,West Bengal,43,Habibpur (ST),ST,Joyel Murmu,Khagen Murmu,,,2026-04-06T06:49:21Z,BJP,CPI(M),
WEST_BENGAL,West Bengal,44,Gazole (SC),SC,Chinmoy Deb Barman,Dipali Biswas,,,2026-04-06T06:49:21Z,BJP,CPI(M),
WEST_BENGAL,West Bengal,45,Chanchal,GEN,Nihar Ranjan Ghosh,Asif Mehbub,,,2026-04-06T06:49:21Z,TMC,INC,
WEST_BENGAL,West Bengal,46,Harishchandrapur,GEN,Tajmul Hossain,Mostaque Alam,,,2026-04-06T06:49:21Z,TMC,INC,
WEST_BENGAL,West Bengal,47,Malatipur,GEN,Abdur Rahim Bakshi,Alberuni Zulkarnain,,,2026-04-06T06:49:21Z,TMC,INC,
WEST_BENGAL,West Bengal,48,Ratua,GEN,Samar Mukherjee,Samar Mukherjee,,,2026-04-06T06:49:21Z,TMC,INC,
WEST_BENGAL,West Bengal,49,Manikchak,GEN,Sabitri Mitra,Md. Mottakin Alam,,,2026-04-06T06:49:21Z,TMC,INC,
WEST_BENGAL,West Bengal,50,Maldaha (SC),SC,Gopal Chandra Saha,Bhupendra Nath Halder,,,2026-04-06T06:49:21Z,BJP,INC,
WEST_BENGAL,West Bengal,51,English Bazar,GEN,Sreerupa Mitra Chaudhury,Nihar Ranjan Ghosh,,,2026-04-06T06:49:21Z,BJP,IND,
WEST_BENGAL,West Bengal,52,Mothabari,GEN,Sabina Yeasmin,Sabina Yeasmin,,,2026-04-06T06:49:21Z,TMC,INC,
WEST_BENGAL,West Bengal,53,Sujapur,GEN,Muhammad Abdul Ghani,Isha Khan Choudhury,,,2026-04-06T06:49:21Z,TMC,INC,
WEST_BENGAL,West Bengal,54,Baisnabnagar,GEN,Chandana Sarkar,Swadhin Kumar Sarkar,,,2026-04-06T06:49:21Z,TMC,BJP,
WEST_BENGAL,West Bengal,55,Farakka,GEN,Manirul Islam,Mainul Haque,,,2026-04-06T06:49:21Z,TMC,INC,
WEST_BENGAL,West Bengal,56,Samserganj,GEN,Amirul Islam,Amirul Islam,,,2026-04-06T06:49:21Z,TMC,TMC,
WEST_BENGAL,West Bengal,57,Suti,GEN,Emani Biswas,Humayun Reza,,,2026-04-06T06:49:21Z,TMC,INC,
WEST_BENGAL,West Bengal,58,Jangipur,GEN,Jakir Hossain,Jakir Hossain,,,2026-04-06T06:49:21Z,TMC,TMC,
WEST_BENGAL,West Bengal,59,Raghunathganj,GEN,Akhruzzaman,Akhruzzaman,,,2026-04-06T06:49:21Z,TMC,INC,
WEST_BENGAL,West Bengal,60,Sagardighi,GEN,Subrata Saha,Subrata Saha,,,2026-04-06T06:49:21Z,TMC,TMC,
WEST_BENGAL,West Bengal,61,Lalgola,GEN,Mohammad Ali,Abu Hena,,,2026-04-06T06:49:21Z,TMC,INC,
WEST_BENGAL,West Bengal,62,Bhagabangola,GEN,Idris Ali,Mahasin Ali,,,2026-04-06T06:49:21Z,TMC,CPI(M),
WEST_BENGAL,West Bengal,63,Raninagar,GEN,Abdul Soumik Hossain,Firoza Begam,,,2026-04-06T06:49:21Z,TMC,INC,
WEST_BENGAL,West Bengal,64,Murshidabad,GEN,Gouri Shankar Ghosh,Shaoni Singha Roy,,,2026-04-06T06:49:21Z,BJP,INC,
WEST_BENGAL,West Bengal,65,Nabagram (SC),SC,Kanai Chandra Mondal,Kanai Chandra Mondal,,,2026-04-06T06:49:21Z,TMC,CPI(M),
WEST_BENGAL,West Bengal,66,Khargram (SC),SC,Ashish Marjit,Ashis Marjit,,,2026-04-06T06:49:21Z,TMC,INC,
WEST_BENGAL,West Bengal,67,Burwan (SC),SC,Jiban Krishna Saha,Protima Rajak,,,2026-04-06T06:49:21Z,TMC,INC,
WEST_BENGAL,West Bengal,68,Kandi,GEN,Apurba Sarkar,Apurba Sarkar,,,2026-04-06T06:49:21Z,TMC,INC,
WEST_BENGAL,West Bengal,69,Bharatpur,GEN,Humayun Kabir,Kamalesh Chatterjee,,,2026-04-06T06:49:21Z,TMC,INC,
WEST_BENGAL,West Bengal,70,Rejinagar,GEN,Rabiul Alam Chowdhury,Rabiul Alam Chowdhury,,,2026-04-06T06:49:21Z,TMC,INC,
WEST_BENGAL,West Bengal,71,Beldanga,GEN,Sheikh Hasanuzzaman,Seikh Safiujjaman,,,2026-04-06T06:49:21Z,TMC,INC,
WEST_BENGAL,West Bengal,72,Baharampur,GEN,Subrata Maitra,Manoj Chakraborty,,,2026-04-06T06:49:21Z,BJP,INC,
WEST_BENGAL,West Bengal,73,Hariharpara,GEN,Niamot Sheikh,Niamot Sheikh,,,2026-04-06T06:49:21Z,TMC,TMC,
WEST_BENGAL,West Bengal,74,Naoda,GEN,Sahina Mumtaz Begum,Abu Taher Khan,,,2026-04-06T06:49:21Z,TMC,INC,
WEST_BENGAL,West Bengal,75,Domkal,GEN,Jafikul Islam,Anisur Rahaman,,,2026-04-06T06:49:21Z,TMC,CPI(M),
WEST_BENGAL,West Bengal,76,Jalangi,GEN,Abdur Razzak,Abdur Razzak Mandal,,,2026-04-06T06:49:21Z,TMC,CPI(M),
WEST_BENGAL,West Bengal,77,Karimpur,GEN,Bimalendu Sinha Roy,Mahua Moitra,,,2026-04-06T06:49:21Z,TMC,TMC,
WEST_BENGAL,West Bengal,78,Tehatta,GEN,Tapas Kumar Saha,Gouri Sankar Dutta,,,2026-04-06T06:49:21Z,TMC,TMC,
WEST_BENGAL,West Bengal,79,Palashipara,GEN,Manik Bhattacharya,Tapas Kumar Saha,,,2026-04-06T06:49:21Z,TMC,TMC,
WEST_BENGAL,West Bengal,80,Kaliganj,GEN,Nasiruddin Ahamed,Hasanuzzaman Sk,,,2026-04-06T06:49:21Z,TMC,INC,
WEST_BENGAL,West Bengal,81,Nakashipara,GEN,Kallol Khan,Kallol Khan,,,2026-04-06T06:49:21Z,TMC,TMC,
WEST_BENGAL,West Bengal,82,Chapra,GEN,Rukbanur Rahman,Rukbanur Rahman,,,2026-04-06T06:49:21Z,TMC,TMC,
WEST_BENGAL,West Bengal,83,Krishnanagar Uttar,GEN,Mukul Roy,Abani Mohan Joardar,,,2026-04-06T06:49:21Z,BJP,TMC,
WEST_BENGAL,West Bengal,84,Nabadwip,GEN,Pundarikakshya Saha,Pundarikakshya Saha,,,2026-04-06T06:49:21Z,TMC,TMC,
WEST_BENGAL,West Bengal,85,Krishnanagar Dakshin,GEN,Ujjal Biswas,Ujjal Biswas,,,2026-04-06T06:49:21Z,TMC,TMC,
WEST_BENGAL,West Bengal,86,Santipur,GEN,Jagannath Sarkar,Arindam Bhattacharya,,,2026-04-06T06:49:21Z,BJP,INC,
WEST_BENGAL,West Bengal,87,Ranaghat Uttar Paschim,GEN,Parthasarathi Chatterjee,Sankar Singha,,,2026-04-06T06:49:21Z,BJP,INC,
WEST_BENGAL,West Bengal,88,Krishnaganj (SC),SC,Ashish Kumar Biswas,Satyajit Biswas,,,2026-04-06T06:49:21Z,BJP,TMC,
WEST_BENGAL,West Bengal,89,Ranaghat Uttar Purba (SC),SC,Ashim Biswas,Samir Kumar Poddar,,,2026-04-06T06:49:21Z,BJP,TMC,
WEST_BENGAL,West Bengal,90,Ranaghat Dakshin (SC),SC,Mukut Mani Adhikari,Rama Biswas,,,2026-04-06T06:49:21Z,BJP,CPI(M),
WEST_BENGAL,West Bengal,91,Chakdaha,GEN,Bankim Chandra Ghosh,Ratna Ghosh Kar,,,2026-04-06T06:49:21Z,BJP,TMC,
WEST_BENGAL,West Bengal,92,Kalyani (SC),SC,Ambika Roy,Ramendra Nath Biswas,,,2026-04-06T06:49:21Z,BJP,TMC,
WEST_BENGAL,West Bengal,93,Haringhata (SC),SC,Ashim Kumar Sarkar,Nilima Nag,,,2026-04-06T06:49:21Z,BJP,TMC,
WEST_BENGAL,West Bengal,94,Bagdah,SC,Biswajit Das,Dulal Chandra Bar,,,2026-04-06T06:49:21Z,BJP,INC,
WEST_BENGAL,West Bengal,95,Bangaon Uttar (SC),SC,Ashok Kirtania,Biswajit Das,,,2026-04-06T06:49:21Z,BJP,TMC,
WEST_BENGAL,West Bengal,96,Bangaon Dakshin (SC),SC,Swapan Majumder,Surajit Kumar Biswas,,,2026-04-06T06:49:21Z,BJP,TMC,
WEST_BENGAL,West Bengal,97,Gaighata (SC),SC,Subrata Thakur,Pulin Bihari Ray,,,2026-04-06T06:49:21Z,BJP,TMC,
WEST_BENGAL,West Bengal,98,Swarupnagar,SC,Bina Mondal,Bina Mandal,,,2026-04-06T06:49:21Z,TMC,TMC,
WEST_BENGAL,West Bengal,99,Baduria,GEN,Abdur Rahim Qazi,Abdur Rahim Quazi,,,2026-04-06T06:49:21Z,TMC,INC,
WEST_BENGAL,West Bengal,100,Habra,GEN,Jyotipriya Mallick,Jyotipriya Mallick,,,2026-04-06T06:49:21Z,TMC,TMC,
WEST_BENGAL,West Bengal,101,Ashokenagar,GEN,Narayan Goswami,Dhiman Roy,,,2026-04-06T06:49:21Z,TMC,TMC,
WEST_BENGAL,West Bengal,102,Amdanga,GEN,Rafiqur Rahaman,Rafiqur Rahaman,,,2026-04-06T06:49:21Z,TMC,TMC,
WEST_BENGAL,West Bengal,103,Bijpur,GEN,Subodh Adhikary,Subhranshu Roy,,,2026-04-06T06:49:21Z,TMC,TMC,
WEST_BENGAL,West Bengal,104,Naihati,GEN,Partha Bhowmick,Partha Bhowmick,,,2026-04-06T06:49:21Z,TMC,TMC,
WEST_BENGAL,West Bengal,105,Bhatpara,GEN,Pawan Kumar Singh,Arjun Singh,,,2026-04-06T06:49:21Z,BJP,TMC,
WEST_BENGAL,West Bengal,106,Jagatdal,GEN,Somenath Shyam Ichini,Parash Dutta,,,2026-04-06T06:49:21Z,TMC,TMC,
WEST_BENGAL,West Bengal,107,Noapara,GEN,Manju Basu,Madhusudan Ghose,,,2026-04-06T06:49:21Z,TMC,INC,
WEST_BENGAL,West Bengal,108,Barrackpur,GEN,Raj Chakraborty,Silbhadra Dutta,,,2026-04-06T06:49:21Z,TMC,TMC,
WEST_BENGAL,West Bengal,109,Khardaha,GEN,Kajal Sinha,Amit Mitra,,,2026-04-06T06:49:21Z,TMC,TMC,
WEST_BENGAL,West Bengal,110,Dum Dum Uttar,GEN,Chandrima Bhattacharya,Tanmoy Bhattacharya,,,2026-04-06T06:49:21Z,TMC,CPI(M),
WEST_BENGAL,West Bengal,111,Panihati,GEN,Nirmal Ghosh,Nirmal Ghosh,,,2026-04-06T06:49:21Z,TMC,TMC,
WEST_BENGAL,West Bengal,112,Kamarhati,GEN,Madan Mitra,Manash Mukherjee,,,2026-04-06T06:49:21Z,TMC,CPI(M),
WEST_BENGAL,West Bengal,113,Baranagar,GEN,Tapas Roy,Tapas Roy,,,2026-04-06T06:49:21Z,TMC,TMC,
WEST_BENGAL,West Bengal,114,Dum Dum,GEN,Bratya Basu,Bratya Basu,,,2026-04-06T06:49:21Z,TMC,TMC,
WEST_BENGAL,West Bengal,115,Rajarhat New Town,GEN,Tapash Chatterjee,Sabyasachi Dutta,,,2026-04-06T06:49:21Z,TMC,TMC,
WEST_BENGAL,West Bengal,116,Bidhannagar,GEN,Sujit Bose,Sujit Bose,,,2026-04-06T06:49:21Z,TMC,TMC,
WEST_BENGAL,West Bengal,117,Rajarhat Gopalpur,GEN,Aditi Munshi,Purnendu Basu,,,2026-04-06T06:49:21Z,TMC,TMC,
WEST_BENGAL,West Bengal,118,Madhyamgram,GEN,Rathin Ghosh,Rathin Ghosh,,,2026-04-06T06:49:21Z,TMC,TMC,
WEST_BENGAL,West Bengal,119,Barasat,GEN,Chiranjeet Chakraborty,Chiranjeet Chakrabarti,,,2026-04-06T06:49:21Z,TMC,TMC,
WEST_BENGAL,West Bengal,120,Deganga,GEN,Rahima Mondal,Rahima Mondal,,,2026-04-06T06:49:21Z,TMC,TMC,
WEST_BENGAL,West Bengal,121,Haroa,GEN,Haji Nurul Islam,Haji Nurul Islam,,,2026-04-06T06:49:21Z,TMC,TMC,
WEST_BENGAL,West Bengal,122,Minakhan (SC),SC,Usha Rani Mondal,Usha Rani Mondal,,,2026-04-06T06:49:21Z,TMC,TMC,
WEST_BENGAL,West Bengal,123,Sandeshkhali (ST),ST,Sukumar Mahata,Sukumar Mahata,,,2026-04-06T06:49:21Z,TMC,TMC,
WEST_BENGAL,West Bengal,124,Basirhat Dakshin,GEN,Saptarshi Banerjee,Dipendu Biswas,,,2026-04-06T06:49:21Z,TMC,TMC,
WEST_BENGAL,West Bengal,125,Basirhat Uttar,GEN,Rafikul Islam Mondal,Rafikul Islam Mondal,,,2026-04-06T06:49:21Z,TMC,CPI(M),
WEST_BENGAL,West Bengal,126,Hingalganj (SC),SC,Debesh Mondal,Debes Mondal,,,2026-04-06T06:49:21Z,TMC,TMC,
WEST_BENGAL,West Bengal,127,Gosaba (SC),SC,Jayanta Naskar,Jayanta Naskar,,,2026-04-06T06:49:21Z,TMC,TMC,
WEST_BENGAL,West Bengal,128,Basanti (SC),SC,Shyamal Mondal,Gobinda Chandra Naskar,,,2026-04-06T06:49:21Z,TMC,TMC,
WEST_BENGAL,West Bengal,129,Kultali (SC),SC,Ganesh Chandra Mondal,Ram Sankar Halder,,,2026-04-06T06:49:21Z,TMC,CPI(M),
WEST_BENGAL,West Bengal,130,Patharpratima,GEN,Samir Kumar Jana,Samir Kumar Jana,,,2026-04-06T06:49:21Z,TMC,TMC,
WEST_BENGAL,West Bengal,131,Kakdwip,GEN,Manturam Pakhira,Manturam Pakhira,,,2026-04-06T06:49:21Z,TMC,TMC,
WEST_BENGAL,West Bengal,132,Sagar,GEN,Bankim Chandra Hazra,Bankim Chandra Hazra,,,2026-04-06T06:49:21Z,TMC,TMC,
WEST_BENGAL,West Bengal,133,Kulpi,GEN,Jogaranjan Halder,Jogaranjan Halder,,,2026-04-06T06:49:21Z,TMC,TMC,
WEST_BENGAL,West Bengal,134,Raidighi,GEN,Aloke Jaldata,Debasree Roy,,,2026-04-06T06:49:21Z,TMC,TMC,
WEST_BENGAL,West Bengal,135,Mandirbazar (SC),SC,Joydeb Halder,Joydeb Halder,,,2026-04-06T06:49:21Z,TMC,TMC,
WEST_BENGAL,West Bengal,136,Jaynagar (SC),SC,Biswanath Das,Biswanath Das,,,2026-04-06T06:49:21Z,TMC,TMC,
WEST_BENGAL,West Bengal,137,Baruipur Purba (SC),SC,Bivas Sardar,Nirmal Chandra Mondal,,,2026-04-06T06:49:21Z,TMC,TMC,
WEST_BENGAL,West Bengal,138,Canning Paschim (SC),SC,Paresh Ram Das,Shyamal Mondal,,,2026-04-06T06:49:21Z,TMC,TMC,
WEST_BENGAL,West Bengal,139,Canning Purba,GEN,Saokat Molla,Saokat Molla,,,2026-04-06T06:49:21Z,TMC,TMC,
WEST_BENGAL,West Bengal,140,Baruipur Paschim,GEN,Biman Banerjee,Biman Banerjee,,,2026-04-06T06:49:21Z,TMC,TMC,
WEST_BENGAL,West Bengal,141,Magrahat Purba (SC),SC,Namita Saha,Namita Saha,,,2026-04-06T06:49:21Z,TMC,TMC,
WEST_BENGAL,West Bengal,142,Magrahat Paschim,GEN,Giasuddin Molla,Giasuddin Molla,,,2026-04-06T06:49:21Z,TMC,TMC,
WEST_BENGAL,West Bengal,143,Diamond Harbour,GEN,Pannalal Halder,Dipak Kumar Halder,,,2026-04-06T06:49:21Z,TMC,TMC,
WEST_BENGAL,West Bengal,144,Falta,GEN,Shankar Kumar Naskar,Tamonash Ghosh,,,2026-04-06T06:49:21Z,TMC,TMC,
WEST_BENGAL,West Bengal,145,Satgachia,GEN,Mohan Chandra Naskar,Sonali Guha,,,2026-04-06T06:49:21Z,TMC,TMC,
WEST_BENGAL,West Bengal,146,Bishnupur (SC),SC,Dilip Mondal,Dilip Mondal,,,2026-04-06T06:49:21Z,TMC,TMC,
WEST_BENGAL,West Bengal,147,Sonarpur Dakshin,GEN,Arundhuti Maitra,Jiban Mukhopadhyay,,,2026-04-06T06:49:21Z,TMC,TMC,
WEST_BENGAL,West Bengal,148,Bhangar,GEN,Nawsad Siddique,Abdur Razzak Molla,,,2026-04-06T06:49:21Z,ISF,TMC,
WEST_BENGAL,West Bengal,149,Kasba,GEN,Javed Ahmed Khan,Javed Ahmed Khan,,,2026-04-06T06:49:21Z,TMC,TMC,
WEST_BENGAL,West Bengal,150,Jadavpur,GEN,Debabrata Majumdar,Sujan Chakraborty,,,2026-04-06T06:49:21Z,TMC,CPI(M),
WEST_BENGAL,West Bengal,151,Sonarpur Uttar,GEN,Firdousi Begum,Firdousi Begum,,,2026-04-06T06:49:21Z,TMC,TMC,
WEST_BENGAL,West Bengal,152,Tollygunge,GEN,Aroop Biswas,Aroop Biswas,,,2026-04-06T06:49:21Z,TMC,TMC,
WEST_BENGAL,West Bengal,153,Behala Purba,GEN,Ratna Chatterjee,Sovan Chatterjee,,,2026-04-06T06:49:21Z,TMC,TMC,
WEST_BENGAL,West Bengal,154,Behala Paschim,GEN,Partha Chatterjee,Partha Chatterjee,,,2026-04-06T06:49:21Z,TMC,TMC,
WEST_BENGAL,West Bengal,155,Maheshtala,GEN,Dulal Chandra Das,Kasturi Das,,,2026-04-06T06:49:21Z,TMC,TMC,
WEST_BENGAL,West Bengal,156,Budge Budge,GEN,Ashok Kumar Deb,Ashok Kumar Deb,,,2026-04-06T06:49:21Z,TMC,TMC,
WEST_BENGAL,West Bengal,157,Metiaburuz,GEN,Abdul Khaleque Molla,Abdul Khaleque Molla,,,2026-04-06T06:49:21Z,TMC,TMC,
WEST_BENGAL,West Bengal,158,Kolkata Port,GEN,Firhad Hakim,Firhad Hakim,,,2026-04-06T06:49:21Z,TMC,TMC,
WEST_BENGAL,West Bengal,159,Bhabanipur,GEN,Sovandeb Chattopadhyay,Mamata Banerjee,,,2026-04-06T06:49:21Z,TMC,TMC,
WEST_BENGAL,West Bengal,160,Rashbehari,GEN,Debasish Kumar,Sobhandeb Chattopadhyay,,,2026-04-06T06:49:21Z,TMC,TMC,
WEST_BENGAL,West Bengal,161,Ballygunge,GEN,Subrata Mukherjee,Subrata Mukherjee,,,2026-04-06T06:49:21Z,TMC,TMC,
WEST_BENGAL,West Bengal,162,Chowrangee,GEN,Nayna Bandyopadhyay,Nayna Bandyopadhyay,,,2026-04-06T06:49:21Z,TMC,TMC,
WEST_BENGAL,West Bengal,163,Entally,GEN,Swarna Kamal Saha,Swarna Kamal Saha,,,2026-04-06T06:49:21Z,TMC,TMC,
WEST_BENGAL,West Bengal,164,Beleghata,GEN,Paresh Paul,Paresh Paul,,,2026-04-06T06:49:21Z,TMC,TMC,
WEST_BENGAL,West Bengal,165,Jorasanko,GEN,Vivek Gupta,Smita Bakshi,,,2026-04-06T06:49:21Z,TMC,TMC,
WEST_BENGAL,West Bengal,166,Shyampukur,GEN,Shashi Panja,Shashi Panja,,,2026-04-06T06:49:21Z,TMC,TMC,
WEST_BENGAL,West Bengal,167,Maniktala,GEN,Sadhan Pande,Sadhan Pande,,,2026-04-06T06:49:21Z,TMC,TMC,
WEST_BENGAL,West Bengal,168,Kashipur-Belgachhia,GEN,Atin Ghosh,Mala Saha,,,2026-04-06T06:49:21Z,TMC,TMC,
WEST_BENGAL,West Bengal,169,Bally,GEN,Rana Chatterjee,Baishali Dalmiya,,,2026-04-06T06:49:21Z,TMC,TMC,
WEST_BENGAL,West Bengal,170,Howrah Uttar,GEN,Gautam Chowdhuri,Laxmi Ratan Shukla,,,2026-04-06T06:49:21Z,TMC,TMC,
WEST_BENGAL,West Bengal,171,Howrah Madhya,GEN,Arup Roy,Arup Roy,,,2026-04-06T06:49:21Z,TMC,TMC,
WEST_BENGAL,West Bengal,172,Shibpur,GEN,Manoj Tiwary,Jatu Lahiri,,,2026-04-06T06:49:21Z,TMC,TMC,
WEST_BENGAL,West Bengal,173,Howrah Dakshin,GEN,Nandita Chowdhury,Brajamohan Mazumder,,,2026-04-06T06:49:21Z,TMC,TMC,
WEST_BENGAL,West Bengal,174,Sankrail (SC),SC,Priya Paul,Sital Kumar Sardar,,,2026-04-06T06:49:21Z,TMC,TMC,
WEST_BENGAL,West Bengal,175,Panchla,GEN,Gulsan Mullick,Gulsan Mullick,,,2026-04-06T06:49:21Z,TMC,TMC,
WEST_BENGAL,West Bengal,176,Uluberia Purba,GEN,Bidesh Ranjan Bose,Haider Aziz Safwi,,,2026-04-06T06:49:21Z,TMC,TMC,
WEST_BENGAL,West Bengal,177,Uluberia Uttar (SC),SC,Nirmal Maji,Dr. Nirmal Maji,,,2026-04-06T06:49:21Z,TMC,TMC,
WEST_BENGAL,West Bengal,178,Uluberia Dakshin,GEN,Pulak Roy,Pulak Roy,,,2026-04-06T06:49:21Z,TMC,TMC,
WEST_BENGAL,West Bengal,179,Shyampur,GEN,Kalipada Mandal,Kalipada Mandal,,,2026-04-06T06:49:21Z,TMC,TMC,
WEST_BENGAL,West Bengal,180,Bagnan,GEN,Arunava Sen,Arunava Sen,,,2026-04-06T06:49:21Z,TMC,TMC,
WEST_BENGAL,West Bengal,181,Amta,GEN,Sukanta Kumar Paul,Asit Mitra,,,2026-04-06T06:49:21Z,TMC,INC,
WEST_BENGAL,West Bengal,182,Udaynarayanpur,GEN,Samir Kumar Panja,Samir Kumar Panja,,,2026-04-06T06:49:21Z,TMC,TMC,
WEST_BENGAL,West Bengal,183,Jagatballavpur,GEN,Sitanath Ghosh,Muhammad Abdul Ghani,,,2026-04-06T06:49:21Z,TMC,TMC,
WEST_BENGAL,West Bengal,184,Domjur,GEN,Kalyan Ghosh,Rajib Banerjee,,,2026-04-06T06:49:21Z,TMC,TMC,
WEST_BENGAL,West Bengal,185,Uttarpara,GEN,Kanchan Mullick,Prabir Kumar Ghosal,,,2026-04-06T06:49:21Z,TMC,TMC,
WEST_BENGAL,West Bengal,186,Sreerampur,GEN,Sudipto Roy,Sudipto Roy,,,2026-04-06T06:49:21Z,TMC,TMC,
WEST_BENGAL,West Bengal,187,Champdani,GEN,Arindam Guin,Abdul Mannan,,,2026-04-06T06:49:21Z,TMC,INC,
WEST_BENGAL,West Bengal,188,Singur,GEN,Becharam Manna,Rabindranath Bhattacharya,,,2026-04-06T06:49:21Z,TMC,TMC,
WEST_BENGAL,West Bengal,189,Chandannagar,GEN,Indranil Sen,Indranil Sen,,,2026-04-06T06:49:21Z,TMC,TMC,
WEST_BENGAL,West Bengal,190,Chunchura,GEN,Asit Mazumdar,Asit Mazumder,,,2026-04-06T06:49:21Z,TMC,TMC,
WEST_BENGAL,West Bengal,191,Balagarh (SC),SC,Manoranjan Byapari,Ashim Kumar Majhi,,,2026-04-06T06:49:21Z,TMC,TMC,
WEST_BENGAL,West Bengal,192,Pandua,GEN,Ratna De Nag,Sk. Amjad Hossain,,,2026-04-06T06:49:21Z,TMC,CPI(M),
WEST_BENGAL,West Bengal,193,Saptagram,GEN,Tapan Dasgupta,Tapan Dasgupta,,,2026-04-06T06:49:21Z,TMC,TMC,
WEST_BENGAL,West Bengal,194,Chanditala,GEN,Swati Khandoker,Swati Khandoker,,,2026-04-06T06:49:21Z,TMC,TMC,
WEST_BENGAL,West Bengal,195,Jangipara,GEN,Snehasis Chakraborty,Snehasis Chakraborty,,,2026-04-06T06:49:21Z,TMC,TMC,
WEST_BENGAL,West Bengal,196,Haripal,GEN,Karabi Manna,Becharam Manna,,,2026-04-06T06:49:21Z,TMC,TMC,
WEST_BENGAL,West Bengal,197,Dhanekhali (SC),SC,Ashima Patra,Ashima Patra,,,2026-04-06T06:49:21Z,TMC,TMC,
WEST_BENGAL,West Bengal,198,Tarakeswar,GEN,Ramendu Sinharay,Rachhpal Singh,,,2026-04-06T06:49:21Z,TMC,TMC,
WEST_BENGAL,West Bengal,199,Pursurah,GEN,Biman Ghosh,M. Nuruzzaman,,,2026-04-06T06:49:21Z,BJP,TMC,
WEST_BENGAL,West Bengal,200,Arambagh,SC,Madhusudan Bag,Krishna Chandra Santra,,,2026-04-06T06:49:21Z,BJP,TMC,
WEST_BENGAL,West Bengal,201,Goghat (SC),SC,Biswanath Karak,Manas Majumdar,,,2026-04-06T06:49:21Z,BJP,TMC,
WEST_BENGAL,West Bengal,202,Khanakul,GEN,Susanta Ghosh,Iqbal Ahmed,,,2026-04-06T06:49:21Z,BJP,TMC,
WEST_BENGAL,West Bengal,203,Tamluk,GEN,Soumen Mahapatra,Ashok Dinda,,,2026-04-06T06:49:21Z,TMC,CPI,
WEST_BENGAL,West Bengal,204,Panskura Purba,GEN,Biplab Roy Chowdhury,Sheikh Ibrahim Ali,,,2026-04-06T06:49:21Z,TMC,CPI(M),
WEST_BENGAL,West Bengal,205,Panskura Paschim,GEN,Firoja Bibi,Firoja Bibi,,,2026-04-06T06:49:21Z,TMC,TMC,
WEST_BENGAL,West Bengal,206,Moyna,GEN,Ashok Dinda,Sangram Kumar Dolai,,,2026-04-06T06:49:21Z,BJP,TMC,
WEST_BENGAL,West Bengal,207,Nandakumar,GEN,Sukumar De,Sukumar De,,,2026-04-06T06:49:21Z,TMC,TMC,
WEST_BENGAL,West Bengal,208,Mahisadal,GEN,Tilak Kumar Chakraborty,Sudarsan Ghosh Dastidar,,,2026-04-06T06:49:21Z,TMC,TMC,
WEST_BENGAL,West Bengal,209,Haldia (SC),SC,Tapasi Mondal,Tapasi Mondal,,,2026-04-06T06:49:21Z,BJP,CPI(M),
WEST_BENGAL,West Bengal,210,Nandigram,GEN,Suvendu Adhikari,Suvendu Adhikari,,,2026-04-06T06:49:21Z,BJP,TMC,
WEST_BENGAL,West Bengal,211,Chandipur,GEN,Soham Chakraborty,Amiya Kanti Bhattacharjee,,,2026-04-06T06:49:21Z,TMC,TMC,
WEST_BENGAL,West Bengal,212,Patashpur,GEN,Uttam Barik,Jyotirmoy Kar,,,2026-04-06T06:49:21Z,TMC,TMC,
WEST_BENGAL,West Bengal,213,Kanthi Uttar,GEN,Sumita Sinha,Banasri Maity,,,2026-04-06T06:49:21Z,BJP,TMC,
WEST_BENGAL,West Bengal,214,Bhagabanpur,GEN,Rabindranath Maity,Ardhendu Maity,,,2026-04-06T06:49:21Z,BJP,TMC,
WEST_BENGAL,West Bengal,215,Khejuri (SC),SC,Shantanu Pramanik,Ranajit Mondal,,,2026-04-06T06:49:21Z,BJP,TMC,
WEST_BENGAL,West Bengal,216,Kanthi Dakshin,GEN,Arup Kumar Das,Dibyendu Adhikari,,,2026-04-06T06:49:21Z,BJP,TMC,
WEST_BENGAL,West Bengal,217,Ramnagar,GEN,Akhil Giri,Akhil Giri,,,2026-04-06T06:49:21Z,TMC,TMC,
WEST_BENGAL,West Bengal,218,Egra,GEN,Tarun Kumar Maity,Samares Das,,,2026-04-06T06:49:21Z,TMC,TMC,
WEST_BENGAL,West Bengal,219,Dantan,GEN,Bikram Chandra Pradhan,Bikram Chandra Pradhan,,,2026-04-06T06:49:21Z,TMC,TMC,
WEST_BENGAL,West Bengal,220,Nayagram (ST),ST,Dulal Murmu,Dulal Murmu,,,2026-04-06T06:49:21Z,TMC,TMC,
WEST_BENGAL,West Bengal,221,Gopiballavpur,GEN,Khagendra Nath Mahata,Churamani Mahata,,,2026-04-06T06:49:21Z,TMC,TMC,
WEST_BENGAL,West Bengal,222,Jhargram,GEN,Birbaha Hansda,Sukumar Hansda,,,2026-04-06T06:49:21Z,TMC,TMC,
WEST_BENGAL,West Bengal,223,Keshiary (ST),ST,Paresh Murmu,Paresh Murmu,,,2026-04-06T06:49:21Z,TMC,TMC,
WEST_BENGAL,West Bengal,224,Kharagpur Sadar,GEN,Hiran Chatterjee,Dilip Ghosh,,,2026-04-06T06:49:21Z,BJP,BJP,
WEST_BENGAL,West Bengal,225,Narayangarh,GEN,Surja Kanta Atta,Prodyut Kumar Ghosh,,,2026-04-06T06:49:21Z,TMC,TMC,
WEST_BENGAL,West Bengal,226,Sabang,GEN,Manas Bhunia,Manas Bhunia,,,2026-04-06T06:49:21Z,TMC,INC,
WEST_BENGAL,West Bengal,227,Pingla,GEN,Ajit Maity,Saumen Kumar Mahapatra,,,2026-04-06T06:49:21Z,TMC,TMC,
WEST_BENGAL,West Bengal,228,Kharagpur,GEN,Dinen Roy,Dinen Roy,,,2026-04-06T06:49:21Z,TMC,TMC,
WEST_BENGAL,West Bengal,229,Debra,GEN,Humayun Kabir,Selima Khatun,,,2026-04-06T06:49:21Z,TMC,TMC,
WEST_BENGAL,West Bengal,230,Daspur,GEN,Mamata Bhunia,Mamata Bhunia,,,2026-04-06T06:49:21Z,TMC,TMC,
WEST_BENGAL,West Bengal,231,Ghatal (SC),SC,Shital Kapat,Shankar Dolai,,,2026-04-06T06:49:21Z,BJP,TMC,
WEST_BENGAL,West Bengal,232,Chandrakona (SC),SC,Arup Dhara,Chhaya Dolai,,,2026-04-06T06:49:21Z,TMC,TMC,
WEST_BENGAL,West Bengal,233,Garbeta,GEN,Uttara Singha,Ashis Chakraborty,,,2026-04-06T06:49:21Z,TMC,TMC,
WEST_BENGAL,West Bengal,234,Salboni,GEN,Srikanta Mahata,Srikanta Mahata,,,2026-04-06T06:49:21Z,TMC,TMC,
WEST_BENGAL,West Bengal,235,Keshpur (SC),SC,Siuli Saha,Seuli Saha,,,2026-04-06T06:49:21Z,TMC,TMC,
WEST_BENGAL,West Bengal,236,Medinipur,GEN,June Malia,Mrigendra Nath Maiti,,,2026-04-06T06:49:21Z,TMC,TMC,
WEST_BENGAL,West Bengal,237,Binpur (ST),ST,Debnath Hansda,Khagendranath Hembram,,,2026-04-06T06:49:21Z,TMC,TMC,
WEST_BENGAL,West Bengal,238,Bandwan (ST),ST,Rajib Lochan Saren,Rajib Lochan Saren,,,2026-04-06T06:49:21Z,TMC,TMC,
WEST_BENGAL,West Bengal,239,Balarampur,GEN,Baneswar Mahato,Shantiram Mahato,,,2026-04-06T06:49:21Z,BJP,TMC,
WEST_BENGAL,West Bengal,240,Baghmundi,GEN,Sushanta Mahato,Nepal Mahata,,,2026-04-06T06:49:21Z,TMC,INC,
WEST_BENGAL,West Bengal,241,Joypur,GEN,Narahari Mahato,Shaktipada Mahato,,,2026-04-06T06:49:21Z,BJP,TMC,
WEST_BENGAL,West Bengal,242,Purulia,GEN,Sudip Kumar Mukherjee,Sudip Kumar Mukherjee,,,2026-04-06T06:49:21Z,BJP,INC,
WEST_BENGAL,West Bengal,243,Manbazar (ST),ST,Sandhya Rani Tudu,Sandhya Rani Tudu,,,2026-04-06T06:49:21Z,TMC,TMC,
WEST_BENGAL,West Bengal,244,Kashipur,GEN,Kamalakanta Hansda,Swapan Kumar Beltharia,,,2026-04-06T06:49:21Z,BJP,TMC,
WEST_BENGAL,West Bengal,245,Para (SC),SC,Nadiar Chand Bouri,Umapada Bauri,,,2026-04-06T06:49:21Z,BJP,TMC,
WEST_BENGAL,West Bengal,246,Raghunathpur (SC),SC,Vivekananda Bauri,Purna Chandra Bauri,,,2026-04-06T06:49:21Z,BJP,TMC,
WEST_BENGAL,West Bengal,247,Saltora (SC),SC,Chandana Bauri,Swapan Bouri,,,2026-04-06T06:49:21Z,BJP,TMC,
WEST_BENGAL,West Bengal,248,Chhatna,GEN,Satyanarayan Mukhopadhyay,Dhirendra Nath Layek,,,2026-04-06T06:49:21Z,BJP,RSP,
WEST_BENGAL,West Bengal,249,Ranibandh (ST),ST,Jyotsna Mandi,Jyotsna Mandi,,,2026-04-06T06:49:21Z,TMC,TMC,
WEST_BENGAL,West Bengal,250,Raipur (ST),ST,Mrityunjoy Murmu,Birendra Nath Tudu,,,2026-04-06T06:49:21Z,TMC,TMC,
WEST_BENGAL,West Bengal,251,Taldangra,GEN,Arup Chakraborty,Samir Chakraborty,,,2026-04-06T06:49:21Z,TMC,TMC,
WEST_BENGAL,West Bengal,252,Bankura,GEN,Niladri Sekhar Dana,Shampa Daripa,,,2026-04-06T06:49:21Z,BJP,INC,
WEST_BENGAL,West Bengal,253,Barjora,GEN,Alok Mukherjee,Sujit Chakraborty,,,2026-04-06T06:49:21Z,TMC,CPI(M),
WEST_BENGAL,West Bengal,254,Onda,GEN,Amarnath Shakha,Arup Kumar Khan,,,2026-04-06T06:49:21Z,BJP,TMC,
WEST_BENGAL,West Bengal,255,Bishnupur,GEN,Tanmay Ghosh,Tushar Kanti Bhattacharya,,,2026-04-06T06:49:21Z,BJP,INC,
WEST_BENGAL,West Bengal,256,Katulpur (SC),SC,Harakali Protiher,Shyamal Santra,,,2026-04-06T06:49:21Z,BJP,TMC,
WEST_BENGAL,West Bengal,257,Indas,SC,Nirmal Kumar Dhara,Gurupada Mete,,,2026-04-06T06:49:21Z,BJP,TMC,
WEST_BENGAL,West Bengal,258,Sonamukhi (SC),SC,Dibakar Gharami,Ajit Ray,,,2026-04-06T06:49:21Z,BJP,CPI(M),
WEST_BENGAL,West Bengal,259,Khandaghosh (SC),SC,Nabin Chandra Bag,Nabin Chandra Bag,,,2026-04-06T06:49:21Z,TMC,TMC,
WEST_BENGAL,West Bengal,260,Bardhaman Dakshin,GEN,Khokan Das,Rabiranjan Chattopadhyay,,,2026-04-06T06:49:21Z,TMC,TMC,
WEST_BENGAL,West Bengal,261,Raina (SC),SC,Shampa Dhara,Nepal Ghorui,,,2026-04-06T06:49:21Z,TMC,TMC,
WEST_BENGAL,West Bengal,262,Jamalpur (SC),SC,Alok Kumar Majhi,Samar Hazra,,,2026-04-06T06:49:21Z,TMC,CPI(M),
WEST_BENGAL,West Bengal,263,Monteswar,GEN,Siddiqullah Chowdhury,Sajal Panja,,,2026-04-06T06:49:21Z,TMC,TMC,
WEST_BENGAL,West Bengal,264,Kalna (SC),SC,Deboprasad Bag,Biswajit Kundu,,,2026-04-06T06:49:21Z,TMC,TMC,
WEST_BENGAL,West Bengal,265,Memari,GEN,Madhusudan Bhattacharya,Begum Nargis,,,2026-04-06T06:49:21Z,TMC,TMC,
WEST_BENGAL,West Bengal,266,Bardhaman Uttar,SC,Nisith Kumar Malik,Nisith Kumar Malik,,,2026-04-06T06:49:21Z,TMC,TMC,
WEST_BENGAL,West Bengal,267,Bhatar,GEN,Mangobinda Adhikari,Subhash Mondal,,,2026-04-06T06:49:21Z,TMC,TMC,
WEST_BENGAL,West Bengal,268,Purbasthali Dakshin,GEN,Swapan Debnath,Swapan Debnath,,,2026-04-06T06:49:21Z,TMC,TMC,
WEST_BENGAL,West Bengal,269,Purbasthali Uttar,GEN,Tapan Chatterjee,Pradip Kumar Saha,,,2026-04-06T06:49:21Z,TMC,CPI(M),
WEST_BENGAL,West Bengal,270,Katwa,GEN,Rabindranath Chatterjee,Rabindranath Chatterjee,,,2026-04-06T06:49:21Z,TMC,TMC,
WEST_BENGAL,West Bengal,271,Ketugram,GEN,Sheikh Shahnawaz,Sekh Sahonawez,,,2026-04-06T06:49:21Z,TMC,TMC,
WEST_BENGAL,West Bengal,272,Mangalkot,GEN,Apurba Chowdhury,Siddiqullah Chowdhury,,,2026-04-06T06:49:21Z,TMC,TMC,
WEST_BENGAL,West Bengal,273,Ausgram (SC),SC,Abhedananda Thander,Abhedananda Thander,,,2026-04-06T06:49:21Z,TMC,TMC,
WEST_BENGAL,West Bengal,274,Galsi (SC),SC,Nepal Ghorui,Alok Kumar Majhi,,,2026-04-06T06:49:21Z,TMC,TMC,
WEST_BENGAL,West Bengal,275,Pandabeswar,GEN,Narendranath Chakraborty,Jitendra Tiwari,,,2026-04-06T06:49:21Z,TMC,TMC,
WEST_BENGAL,West Bengal,276,Durgapur Purba,GEN,Pradip Mazumdar,Santosh Debray,,,2026-04-06T06:49:21Z,TMC,CPI(M),
WEST_BENGAL,West Bengal,277,Durgapur Paschim,GEN,Lakshman Chandra Ghorui,Biswanath Parial,,,2026-04-06T06:49:21Z,BJP,INC,
WEST_BENGAL,West Bengal,278,Raniganj,GEN,Tapas Banerjee,Runu Dutta,,,2026-04-06T06:49:21Z,TMC,CPI(M),
WEST_BENGAL,West Bengal,279,Jamuria,GEN,Hareram Singh,Jahanara Khan,,,2026-04-06T06:49:21Z,TMC,CPI(M),
WEST_BENGAL,West Bengal,280,Asansol Dakshin,GEN,Agnimitra Paul,Tapas Banerjee,,,2026-04-06T06:49:21Z,BJP,TMC,
WEST_BENGAL,West Bengal,281,Asansol Uttar,GEN,Moloy Ghatak,Moloy Ghatak,,,2026-04-06T06:49:21Z,TMC,TMC,
WEST_BENGAL,West Bengal,282,Kulti,GEN,Ajay Kumar Poddar,Ujjal Chatterjee,,,2026-04-06T06:49:21Z,BJP,TMC,
WEST_BENGAL,West Bengal,283,Barabani,GEN,Bidhan Upadhyay,Bidhan Upadhyay,,,2026-04-06T06:49:21Z,TMC,TMC,
WEST_BENGAL,West Bengal,284,Dubrajpur (SC),SC,Anup Kumar Saha,Chandra Naresh Bauri,,,2026-04-06T06:49:21Z,BJP,TMC,
WEST_BENGAL,West Bengal,285,Suri,GEN,Bikash Roy Choudhury,Asok Kumar Chattopadhyay,,,2026-04-06T06:49:21Z,TMC,TMC,
WEST_BENGAL,West Bengal,286,Bolpur,GEN,Chandranath Sinha,Chandranath Sinha,,,2026-04-06T06:49:21Z,TMC,TMC,
WEST_BENGAL,West Bengal,287,Nanoor (SC),SC,Bidhan Chandra Majhi,Shyamali Pradhan,,,2026-04-06T06:49:21Z,TMC,CPI(M),
WEST_BENGAL,West Bengal,288,Labpur,GEN,Abhijit Sinha,Manirul Islam,,,2026-04-06T06:49:21Z,TMC,TMC,
WEST_BENGAL,West Bengal,289,Sainthia (SC),SC,Nilabati Saha,Nilabati Saha,,,2026-04-06T06:49:21Z,TMC,TMC,
WEST_BENGAL,West Bengal,290,Mayureswar,GEN,Abhijit Roy,Abhijit Roy,,,2026-04-06T06:49:21Z,TMC,TMC,
WEST_BENGAL,West Bengal,291,Rampurhat,GEN,Ashish Banerjee,Asish Banerjee,,,2026-04-06T06:49:21Z,TMC,TMC,
WEST_BENGAL,West Bengal,292,Hansan,GEN,Ashok Chattopadhyaya,Miltan Rasid,,,2026-04-06T06:49:21Z,TMC,INC,
WEST_BENGAL,West Bengal,293,Nalhati,GEN,Rajendra Prasad Singh,Moinuddin Shams,,,2026-04-06T06:49:21Z,TMC,TMC,
WEST_BENGAL,West Bengal,294,Murarai,GEN,Mosarraf Hossain,Abdur Rahaman Liton,,,2026-04-06T06:49:21Z,TMC,TMC,
