state_key,state,no,constituency_name,reserved,y2021_winner_name,y2021_winner_party,y2016_winner_name,y2016_winner_party
ASSAM,Assam,1,Ratabari (SC),SC,Bijoy Malakar,BJP,Kripanath Mallah,BJP
ASSAM,Assam,2,Patharkandi,,Krishnendu Paul,BJP,Krishnendu Paul,BJP
ASSAM,Assam,3,Karimganj North,,Kamalakhya Dey Purkayastha,INC,Kamalakhya Dey Purkayastha,INC
ASSAM,Assam,4,Karimganj South,,Siddique Ahmed,INC,Aziz Ahmed Khan,AIUDF
ASSAM,Assam,5,Badarpur,,Abdul Aziz,AIUDF,Jamal Uddin Ahmed,INC
ASSAM,Assam,6,Hailakandi,,Zakir Hussain Laskar,AIUDF,Anwar Hussain Laskar,AIUDF
ASSAM,Assam,7,Katlicherra,,Sujam Uddin Laskar,AIUDF,Suzam Uddin Laskar,AIUDF
ASSAM,Assam,8,Algapur,,Nizamuddin Choudhury,AIUDF,Nizam Uddin Choudhury,AIUDF
ASSAM,Assam,9,Silchar,,Dipayan Chakraborty,BJP,Dilip Kumar Paul,BJP
ASSAM,Assam,10,Sonai,,Karim Uddin Barbhuiya,AIUDF,Aminul Haque Laskar,BJP
ASSAM,Assam,11,Dholai (SC),SC,Parimal Suklabaidya,BJP,Parimal Suklabaidya,BJP
ASSAM,Assam,12,Udharbond,,Mihir Kanti Shome,BJP,Mihir Kanti Shome,BJP
ASSAM,Assam,13,Lakhipur,,Kaushik Rai,BJP,Rajdeep Goala,INC
ASSAM,Assam,14,Barkhola,,Misbahul Islam Laskar,INC,Kishor Nath,BJP
ASSAM,Assam,15,Katigorah,,Khalil Uddin Mazumder,INC,Amar Chand Jain,BJP
ASSAM,Assam,16,Haflong (ST),ST,Nandita Garlosa,BJP,Bir Bhadra Hagjer,BJP
ASSAM,Assam,17,Bokajan (ST),ST,Numal Momin,BJP,Numal Momin,BJP
ASSAM,Assam,18,Howraghat (ST),ST,Dorsing Ronghang,BJP,Joyram Engleng,BJP
ASSAM,Assam,19,Diphu (ST),ST,Bidya Sing Engleng,BJP,Sum Ronghang,BJP
ASSAM,Assam,20,Baithalangso (ST),ST,Rupsing Teron,BJP,Mansing Rongpi,INC
ASSAM,Assam,21,Mankachar,,Adv. Aminul Islam,AIUDF,Motiur Rohman Mondal,INC
ASSAM,Assam,22,Salmara South,,Wazed Ali Choudhury,INC,Wazed Ali Choudhury,INC
ASSAM,Assam,23,Dhubri,,Nazrul Hoque,AIUDF,Najrul Hoque,AIUDF
ASSAM,Assam,24,Gauripur,,Nijanur Rahman,AIUDF,Nijanur Rahman,AIUDF
ASSAM,Assam,25,Golakganj,,Abdus Sobahun Ali Sarkar,INC,Ashwini Roy Sarkar,BJP
ASSAM,Assam,26,Bilasipara West,,Hafiz Bashir Ahmed,AIUDF,Hafiz Bashir Ahmed,AIUDF
ASSAM,Assam,27,Bilasipara East,,Samsul Huda,AIUDF,Ashok Kumar Singhi,BJP
ASSAM,Assam,28,Gossaigaon,,Majendra Narzary,BPF,Majendra Narzary,BPF
ASSAM,Assam,29,Kokrajhar West (ST),ST,Rabiram Narzary,BPF,Rabiram Narzary,BPF
ASSAM,Assam,30,Kokrajhar East (ST),ST,Lawrence Islary,UPPL,Pramila Rani Brahma,BPF
ASSAM,Assam,31,Sidli (ST),ST,Joyanta Basumatary,UPPL,Chandan Brahma,BPF
ASSAM,Assam,32,Bongaigaon,,Phani Bhusan Choudhury,AGP,Phani Bhusan Choudhury,AGP
ASSAM,Assam,33,Bijni,,Ajoy Kumar Ray,BJP,Kamal Singh Narzary,BPF
ASSAM,Assam,34,Abhayapuri North,,Abdul Batin Khandkar,INC,Abdul Hai Nagori,INC
ASSAM,Assam,35,Abhayapuri South (SC),SC,Pradip Sarkar,INC,Ananta Kumar Malo,AIUDF
ASSAM,Assam,36,Dudhnai (ST),ST,Jadab Sawargiary,INC,Dipak Rabha,BJP
ASSAM,Assam,37,Goalpara East,,Abdul Kalam Rasheed Alam,INC,Abul Kalam Rasheed Alam,INC
ASSAM,Assam,38,Goalpara West,,Md. Abdur Rashid Mandal,INC,Abdur Rashid Mandal,INC
ASSAM,Assam,39,Jaleswar,,Aftabuddin Mollah,INC,Sahab Uddin Ahmed,AIUDF
ASSAM,Assam,40,Sorbhog,,Manoranjan Talukdar,CPI(M),Ranjeet Kumar Dass,BJP
ASSAM,Assam,41,Bhabanipur,,Phanidhar Talukdar,AIUDF,Abul Kalam Azad,AIUDF
ASSAM,Assam,42,Patacharkuchi,,Ranjeet Kumar Dass,BJP,Pabindra Deka,AGP
ASSAM,Assam,43,Barpeta,,Abdur Rahim Ahmed,INC,Gunindra Nath Das,AGP
ASSAM,Assam,44,Jania,,Rafiqul Islam,AIUDF,Abdul Khaleque,INC
ASSAM,Assam,45,Baghbor,,Sherman Ali Ahmed,INC,Sherman Ali Ahmed,INC
ASSAM,Assam,46,Sarukhetri,,Jakir Hussain Sikdar,INC,Jakir Hussain Sikdar,INC
ASSAM,Assam,47,Chenga,,Ashraful Hussain,AIUDF,Sukur Ali Ahmed,INC
ASSAM,Assam,48,Boko (SC),SC,Nandita Das,INC,Nandita Das,INC
ASSAM,Assam,49,Chaygaon,,Rekibuddin Ahmed,INC,Rekibuddin Ahmed,INC
ASSAM,Assam,50,Palasbari,,Hemanga Thakuria,BJP,Pranab Kalita,BJP
ASSAM,Assam,51,Jalukbari,,Himanta Biswa Sarma,BJP,Himanta Biswa Sarma,BJP
ASSAM,Assam,52,Dispur,,Atul Bora,BJP,Atul Bora,BJP
ASSAM,Assam,53,Gauhati East,,Siddhartha Bhattacharya,BJP,Siddhartha Bhattacharya,BJP
ASSAM,Assam,54,Gauhati West,,Ramendra Narayan Kalita,AGP,Ramendra Narayan Kalita,AGP
ASSAM,Assam,55,Hajo,,Suman Haripriya,BJP,Suman Haripriya,BJP
ASSAM,Assam,56,Kamalpur,,Diganta Kalita,BJP,Satyabrat Kalita,AGP
ASSAM,Assam,57,Rangia,,Bhabesh Kalita,BJP,Bhabesh Kalita,BJP
ASSAM,Assam,58,Tamulpur,,Leho Ram Boro,UPPL,Emmanuel Mosahary,BPF
ASSAM,Assam,59,Nalbari,,Jayanta Malla Baruah,BJP,Ashok Sarma,BJP
ASSAM,Assam,60,Barkhetry,,Diganta Barman,INC,Narayan Deka,BJP
ASSAM,Assam,61,Dharmapur,,Chandra Mohan Patowary,BJP,Chandra Mohan Patowary,BJP
ASSAM,Assam,62,Barama (ST),ST,Bhupen Boro,UPPL,Maneswar Brahma,BPF
ASSAM,Assam,63,Chapaguri (ST),ST,Urkhao Gwra Brahma,UPPL,Thaneswar Basumatary,BPF
ASSAM,Assam,64,Panery,,Biswajit Daimary,BJP,Kamali Basumatari,BPF
ASSAM,Assam,65,Kalaigaon,,Durga Das Boro,BPF,Maheswar Baro,BPF
ASSAM,Assam,66,Sipajhar,,Parmananda Rajbongshi,BJP,Binanda Kumar Saikia,BJP
ASSAM,Assam,67,Mangaldoi,,Basanta Das,INC,Gurujyoti Das,BJP
ASSAM,Assam,68,Dalgaon,,Mazibur Rahman,AIUDF,Ilias Ali,INC
ASSAM,Assam,69,Udalguri (ST),ST,Gobinda Chandra Basumatary,UPPL,Rihon Daimary,BPF
ASSAM,Assam,70,Majbat,,Charan Boro,BPF,Charan Boro,BPF
ASSAM,Assam,71,Dhekiajuli,,Ashok Singhal,BJP,Ashok Singhal,BJP
ASSAM,Assam,72,Barchalla,,Ganesh Kumar Limbu,BJP,Ganesh Kumar Limbu,BJP
ASSAM,Assam,73,Tezpur,,Prithiraj Rava,AGP,Brindaban Goswami,AGP
ASSAM,Assam,74,Rangapara,,Krishna Kamal Tanti,BJP,Pallab Lochan Das,BJP
ASSAM,Assam,75,Sootea,,Padma Hazarika,BJP,Padma Hazarika,BJP
ASSAM,Assam,76,Biswanath,,Promod Borthakur,BJP,Promod Borthakur,BJP
ASSAM,Assam,77,Behali,,Ranjit Dutta,BJP,Ranjit Dutta,BJP
ASSAM,Assam,78,Gohpur,,Utpal Borah,BJP,Utpal Borah,BJP
ASSAM,Assam,79,Jagiroad (SC),SC,Pijush Hazarika,BJP,Pijush Hazarika,BJP
ASSAM,Assam,80,Marigaon,,Rama Kanta Dewri,BJP,Rama Kanta Dewri,BJP
ASSAM,Assam,81,Laharighat,,Dr. Asif Mohammad Nazar,INC,Nazrul Islam,INC
ASSAM,Assam,82,Raha (SC),SC,Sashi Kanta Das,INC,Dimbeswar Das,BJP
ASSAM,Assam,83,Dhing,,Aminul Islam,AIUDF,Aminul Islam,AIUDF
ASSAM,Assam,84,Batadroba,,Sibamoni Bora,INC,Angoorlata Deka,BJP
ASSAM,Assam,85,Rupohihat,,Nurul Huda,INC,Nurul Huda,INC
ASSAM,Assam,86,Nowgong,,Rupak Sarmah,BJP,Rupak Sarmah,BJP
ASSAM,Assam,87,Barhampur,,Jitu Goswami,BJP,Prafulla Kumar Mahanta,AGP
ASSAM,Assam,88,Samaguri,,Rakibul Hussain,INC,Rakibul Hussain,INC
ASSAM,Assam,89,Kaliabor,,Keshab Mahanta,AGP,Keshab Mahanta,AGP
ASSAM,Assam,90,Jamunamukh,,Sirajuddin Ajmal,AIUDF,Abdur Rahim Ajmal,AIUDF
ASSAM,Assam,91,Hojai,,Ramkrishna Ghosh,BJP,Shiladitya Dev,BJP
ASSAM,Assam,92,Lumding,,Sibu Misra,BJP,Sibu Misra,BJP
ASSAM,Assam,93,Bokakhat,,Atul Bora,AGP,Atul Bora,AGP
ASSAM,Assam,94,Sarupathar,,Biswajit Phukan,BJP,Roselina Tirkey,INC
ASSAM,Assam,95,Golaghat,,Ajanta Neog,BJP,Ajanta Neog,INC
ASSAM,Assam,96,Khumtai,,Mrinal Saikia,BJP,Mrinal Saikia,BJP
ASSAM,Assam,97,Dergaon (SC),SC,Bhabendra Nath Bharali,AGP,Bhabendra Nath Bharali,AGP
ASSAM,Assam,98,Jorhat,,Hitendra Nath Goswami,BJP,Hitendra Nath Goswami,BJP
ASSAM,Assam,99,Majuli (ST),ST,Sarbananda Sonowal,BJP,Sarbananda Sonowal,BJP
ASSAM,Assam,100,Titabar,,Bhaskar Jyoti Baruah,INC,Tarun Gogoi,INC
ASSAM,Assam,101,Mariani,,Rupjyoti Kurmi,INC,Rupjyoti Kurmi,INC
ASSAM,Assam,102,Teok,,Renupoma Rajkhowa,AGP,Renupoma Rajkhowa,AGP
ASSAM,Assam,103,Amguri,,Prodip Hazarika,AGP,Prodip Hazarika,AGP
ASSAM,Assam,104,Nazira,,Debabrata Saikia,INC,Debabrata Saikia,INC
ASSAM,Assam,105,Mahmara,,Jogen Mohan,BJP,Jogen Mohan,BJP
ASSAM,Assam,106,Sonari,,Dharmeswar Konwar,BJP,Topon Kumar Gogoi,BJP
ASSAM,Assam,107,Thowra,,Sushanta Borgohain,INC,Kushal Dowari,BJP
ASSAM,Assam,108,Sibsagar,,Akhil Gogoi[e],IND,Pranab Kumar Gogoi,INC
ASSAM,Assam,109,Bihpuria,,Amiya Kumar Bhuyan,BJP,Debananda Hazarika,BJP
ASSAM,Assam,110,Naoboicha,,Bharat Chandra Narah,INC,Mamun Imdadul Haque Chawdhury,AIUDF
ASSAM,Assam,111,Lakhimpur,,Manab Deka,BJP,Utpal Dutta,AGP
ASSAM,Assam,112,Dhakuakhana (ST),ST,Naba Kumar Doley,BJP,Naba Kumar Doley,BJP
ASSAM,Assam,113,Dhemaji (ST),ST,Ranoj Pegu,BJP,Pradan Baruah,BJP
ASSAM,Assam,114,Jonai (ST),ST,Bhubon Pegu,BJP,Bhubon Pegu,IND
ASSAM,Assam,115,Moran,,Chakradhar Gogoi,BJP,Chakradhar Gogoi,BJP
ASSAM,Assam,116,Dibrugarh,,Prasanta Phukan,BJP,Prasanta Phukan,BJP
ASSAM,Assam,117,Lahowal,,Binod Hazarika,BJP,Rituparna Baruah,BJP
ASSAM,Assam,118,Duliajan,,Terash Gowalla,BJP,Terash Gowalla,BJP
ASSAM,Assam,119,Tingkhong,,Bimal Borah,BJP,Bimal Bora,BJP
ASSAM,Assam,120,Naharkatia,,Taranga Gogoi,BJP,Naren Sonowal,AGP
ASSAM,Assam,121,Chabua,,Ponakan Baruah,AGP,Binod Hazarika,BJP
ASSAM,Assam,122,Tinsukia,,Sanjoy Kishan,BJP,Sanjoy Kishan,BJP
ASSAM,Assam,123,Digboi,,Suren Phukan,BJP,Suren Phukan,BJP
ASSAM,Assam,124,Margherita,,Bhaskar Sharma,BJP,Bhaskar Sharma,BJP
ASSAM,Assam,125,Doomdooma,,Rupesh Gowala,BJP,Durga Bhumij,INC
ASSAM,Assam,126,Sadiya,,Bolin Chetia,BJP,Bolin Chetia,BJP
